LAST UPDATED,FREQUENCY,PERIOD BEGIN,PERIOD END,REGION TYPE,REGION NAME,TOTAL DELISTINGS,TOTAL DELISTINGS YOY (%),TOTAL RELISTINGS,TOTAL RELISTINGS YOY (%),SHARE OF LISTINGS DELISTED (%),SHARE OF LISTINGS DELISTED YOY (PPTS),SHARE OF LISTINGS RELISTED (%),SHARE OF LISTINGS RELISTED YOY (PPTS)
2026-09-03,Monthly,2026-08-01,2026-08-31,Metro,"Anaheim, CA metro area",446,11.32,196,13.28,6.02,0.7,2.67,0.32
2026-09-03,Monthly,2026-08-01,2026-08-31,Metro,"Atlanta, GA metro area",5276,124.31,911,20.4,12.56,6.85,2.31,0.39
2026-09-03,Monthly,2026-08-01,2026-08-31,Metro,"Austin, TX metro area",987,-11.45,456,15.7,5.73,-0.63,2.61,0.37
2026-09-03,Monthly,2026-08-01,2026-08-31,Metro,"Baltimore, MD metro area",633,28.52,230,13.72,5.71,0.83,2.04,0.04
2026-09-03,Monthly,2026-08-01,2026-08-31,Metro,"Boston, MA metro area",922,25.01,391,16.08,7.43,0.29,3.31,-0.07
2026-09-03,Monthly,2026-08-01,2026-08-31,Metro,"Charlotte, NC metro area",882,21.56,353,38.83,5.02,0.78,2,0.44
2026-09-03,Monthly,2026-08-01,2026-08-31,Metro,"Chicago, IL metro area",2152,96.07,402,-33.05,8.41,4.13,1.53,-0.78
2026-09-03,Monthly,2026-08-01,2026-08-31,Metro,"Cincinnati, OH metro area",329,5.83,153,29.79,3.9,-0.15,1.8,0.26
2026-09-03,Monthly,2026-08-01,2026-08-31,Metro,"Cleveland, OH metro area",369,15.33,183,29.33,4.98,0.37,2.51,0.49
2026-09-03,Monthly,2026-08-01,2026-08-31,Metro,"Columbus, OH metro area",367,7.88,174,4.52,4.06,-0.01,1.95,-0.05
2026-09-03,Monthly,2026-08-01,2026-08-31,Metro,"Dallas, TX metro area",2128,-4.48,977,-0.4,7.03,0.15,3.28,0.23
2026-09-03,Monthly,2026-08-01,2026-08-31,Metro,"Denver, CO metro area",903,-11.59,537,19.02,5.82,-0.59,3.39,0.56
2026-09-03,Monthly,2026-08-01,2026-08-31,Metro,"Detroit, MI metro area",430,6.31,209,15.97,6.06,0.04,2.87,0.32
2026-09-03,Monthly,2026-08-01,2026-08-31,Metro,"Fort Lauderdale, FL metro area",1065,-33.83,476,-17.6,5.92,-1.49,2.66,-0.08
2026-09-03,Monthly,2026-08-01,2026-08-31,Metro,"Fort Worth, TX metro area",752,-13.01,437,18.28,6.26,-0.38,3.58,0.79
2026-09-03,Monthly,2026-08-01,2026-08-31,Metro,"Houston, TX metro area",2909,-2.17,1113,17.68,6.23,-0.07,2.44,0.37
2026-09-03,Monthly,2026-08-01,2026-08-31,Metro,"Indianapolis, IN metro area",499,13.82,195,10.77,4.98,0.27,1.98,0.04
2026-09-03,Monthly,2026-08-01,2026-08-31,Metro,"Jacksonville, FL metro area",654,-16.28,340,16.81,5.41,0.05,2.73,0.67
2026-09-03,Monthly,2026-08-01,2026-08-31,Metro,"Kansas City, MO metro area",361,8.71,170,16.65,4.29,0.37,1.94,0.33
2026-09-03,Monthly,2026-08-01,2026-08-31,Metro,"Las Vegas, NV metro area",845,-2.46,343,10.25,5.81,-0.19,2.46,0.24
2026-09-03,Monthly,2026-08-01,2026-08-31,Metro,"Los Angeles, CA metro area",1639,6.63,710,15.03,7.19,0.54,3.12,0.46
2026-09-03,Monthly,2026-08-01,2026-08-31,Metro,"Miami, FL metro area",1338,-16.65,500,-19.32,7.13,-0.46,2.6,-0.2
2026-09-03,Monthly,2026-08-01,2026-08-31,Metro,"Milwaukee, WI metro area",179,23.64,57,-18.52,3.25,0.43,1.1,-0.32
2026-09-03,Monthly,2026-08-01,2026-08-31,Metro,"Minneapolis, MN metro area",852,34.23,337,17.55,5.96,1.14,2.37,0.21
2026-09-03,Monthly,2026-08-01,2026-08-31,Metro,"Montgomery County, PA metro area",264,18.65,92,20.14,4.64,0.53,1.55,0.1
2026-09-03,Monthly,2026-08-01,2026-08-31,Metro,"Nashville, TN metro area",1006,5.71,364,0.55,5.9,-0.23,2.3,-0.09
2026-09-03,Monthly,2026-08-01,2026-08-31,Metro,"Nassau County, NY metro area",483,21.86,177,6.79,6.22,1,2.3,0.14
2026-09-03,Monthly,2026-08-01,2026-08-31,Metro,"New Brunswick, NJ metro area",440,5.26,179,22.89,4.53,-0.28,1.81,0.16
2026-09-03,Monthly,2026-08-01,2026-08-31,Metro,"New York, NY metro area",2339,27.19,754,4.33,8.37,2.07,2.61,0.16
2026-09-03,Monthly,2026-08-01,2026-08-31,Metro,"Newark, NJ metro area",338,8.01,117,29.33,5.32,-0.12,2.04,0.31
2026-09-03,Monthly,2026-08-01,2026-08-31,Metro,"Oakland, CA metro area",382,-20.15,235,-0.96,6.86,-1.24,4.12,0.14
2026-09-03,Monthly,2026-08-01,2026-08-31,Metro,"Orlando, FL metro area",1089,-8,488,16.02,5.53,-0.76,2.58,0.27
2026-09-03,Monthly,2026-08-01,2026-08-31,Metro,"Philadelphia, PA metro area",664,3.97,309,33.9,7.45,-0.43,3.46,0.59
2026-09-03,Monthly,2026-08-01,2026-08-31,Metro,"Phoenix, AZ metro area",1534,-16.23,747,-10.53,4.98,-0.73,2.37,-0.22
2026-09-03,Monthly,2026-08-01,2026-08-31,Metro,"Pittsburgh, PA metro area",374,23.56,126,-14.97,3.77,0.54,1.25,-0.21
2026-09-03,Monthly,2026-08-01,2026-08-31,Metro,"Portland, OR metro area",497,2.24,221,9.15,4.7,0.1,2.19,0.22
2026-09-03,Monthly,2026-08-01,2026-08-31,Metro,"Providence, RI metro area",249,-3.54,100,12.4,5.16,-0.68,2.11,0.04
2026-09-03,Monthly,2026-08-01,2026-08-31,Metro,"Riverside, CA metro area",1194,-6.21,570,5.24,6.3,0.12,3.05,0.39
2026-09-03,Monthly,2026-08-01,2026-08-31,Metro,"Sacramento, CA metro area",442,-13.82,256,25.27,6.01,-0.7,3.61,0.84
2026-09-03,Monthly,2026-08-01,2026-08-31,Metro,"San Antonio, TX metro area",1057,1.78,390,8.32,5.63,0.09,2.01,0.17
2026-09-03,Monthly,2026-08-01,2026-08-31,Metro,"San Diego, CA metro area",486,-5.41,195,-1.9,6.41,-0.08,2.54,0.1
2026-09-03,Monthly,2026-08-01,2026-08-31,Metro,"San Francisco, CA metro area",154,-29.16,96,-25.51,6.46,-1.87,3.89,-1
2026-09-03,Monthly,2026-08-01,2026-08-31,Metro,"San Jose, CA metro area",241,-1.67,131,30.85,7.94,-1.4,4.05,0.36
2026-09-03,Monthly,2026-08-01,2026-08-31,Metro,"Seattle, WA metro area",814,23.6,330,32.09,7.34,0.13,3.06,0.23
2026-09-03,Monthly,2026-08-01,2026-08-31,Metro,"St. Louis, MO metro area",527,3.54,332,53.69,5.03,0.15,3.18,0.87
2026-09-03,Monthly,2026-08-01,2026-08-31,Metro,"Tampa, FL metro area",1337,-19.06,632,5.66,4.96,-1.17,2.42,0.09
2026-09-03,Monthly,2026-08-01,2026-08-31,Metro,"Virginia Beach, VA metro area",350,14.33,120,-2.94,4.23,0.47,1.41,-0.06
2026-09-03,Monthly,2026-08-01,2026-08-31,Metro,"Warren, MI metro area",464,18.79,207,7.22,4.86,0.31,2.21,-0.07
2026-09-03,Monthly,2026-08-01,2026-08-31,Metro,"Washington, DC metro area",1176,2.04,489,30.45,6.09,-0.43,2.53,0.42
2026-09-03,Monthly,2026-08-01,2026-08-31,Metro,"West Palm Beach, FL metro area",860,-33.1,470,-15.95,5.77,-1.59,3.19,-0.05
2026-09-03,Monthly,2026-07-01,2026-07-31,Metro,"Anaheim, CA metro area",416,1.53,212,65.33,5.67,0.33,2.99,1.23
2026-09-03,Monthly,2026-07-01,2026-07-31,Metro,"Atlanta, GA metro area",5500,157.99,810,11.31,12.5,7.15,1.97,0.04
2026-09-03,Monthly,2026-07-01,2026-07-31,Metro,"Austin, TX metro area",1082,-7.62,455,14.58,6.26,-0.13,2.62,0.41
2026-09-03,Monthly,2026-07-01,2026-07-31,Metro,"Baltimore, MD metro area",549,4.84,275,39.64,5.09,-0.21,2.51,0.53
2026-09-03,Monthly,2026-07-01,2026-07-31,Metro,"Boston, MA metro area",885,13.32,374,21.51,7.46,0.19,3.31,0.28
2026-09-03,Monthly,2026-07-01,2026-07-31,Metro,"Charlotte, NC metro area",849,18.76,353,35.49,4.53,0.51,2.03,0.43
2026-09-03,Monthly,2026-07-01,2026-07-31,Metro,"Chicago, IL metro area",925,-17.59,424,-24.39,3.68,-0.67,1.64,-0.51
2026-09-03,Monthly,2026-07-01,2026-07-31,Metro,"Cincinnati, OH metro area",328,12.54,131,5.09,3.79,0.04,1.56,-0.06
2026-09-03,Monthly,2026-07-01,2026-07-31,Metro,"Cleveland, OH metro area",355,-8.75,165,22.7,4.92,-0.68,2.34,0.37
2026-09-03,Monthly,2026-07-01,2026-07-31,Metro,"Columbus, OH metro area",339,-4.91,174,30.29,3.86,-0.31,1.95,0.37
2026-09-03,Monthly,2026-07-01,2026-07-31,Metro,"Dallas, TX metro area",2141,-8.13,956,15.67,7.04,-0.11,3.11,0.56
2026-09-03,Monthly,2026-07-01,2026-07-31,Metro,"Denver, CO metro area",952,-10.26,496,17.07,6.15,-0.31,3.26,0.63
2026-09-03,Monthly,2026-07-01,2026-07-31,Metro,"Detroit, MI metro area",572,35.58,223,14.94,8.16,1.74,3.01,0.17
2026-09-03,Monthly,2026-07-01,2026-07-31,Metro,"Fort Lauderdale, FL metro area",1041,-41.23,480,-12.28,5.89,-2.11,2.71,0.19
2026-09-03,Monthly,2026-07-01,2026-07-31,Metro,"Fort Worth, TX metro area",782,-14.54,383,3.38,6.31,-0.37,3.16,0.38
2026-09-03,Monthly,2026-07-01,2026-07-31,Metro,"Houston, TX metro area",2836,2.58,1073,12.33,6.18,0.3,2.4,0.33
2026-09-03,Monthly,2026-07-01,2026-07-31,Metro,"Indianapolis, IN metro area",480,4.52,215,22.82,4.86,-0.13,2.22,0.29
2026-09-03,Monthly,2026-07-01,2026-07-31,Metro,"Jacksonville, FL metro area",662,-18.09,326,12.67,5.46,-0.07,2.62,0.6
2026-09-03,Monthly,2026-07-01,2026-07-31,Metro,"Kansas City, MO metro area",380,4.92,143,-0.46,4.46,0.27,1.66,0.05
2026-09-03,Monthly,2026-07-01,2026-07-31,Metro,"Las Vegas, NV metro area",818,-3.38,353,38.92,5.81,-0.18,2.54,0.74
2026-09-03,Monthly,2026-07-01,2026-07-31,Metro,"Los Angeles, CA metro area",1516,-3.07,678,5.83,6.74,-0.02,3.02,0.26
2026-09-03,Monthly,2026-07-01,2026-07-31,Metro,"Miami, FL metro area",1380,-11.65,491,-17.11,7.68,0.22,2.58,-0.03
2026-09-03,Monthly,2026-07-01,2026-07-31,Metro,"Milwaukee, WI metro area",187,38.84,64,-3.1,2.98,0.73,1.23,-0.1
2026-09-03,Monthly,2026-07-01,2026-07-31,Metro,"Minneapolis, MN metro area",858,24.83,338,21.35,6.01,0.79,2.39,0.28
2026-09-03,Monthly,2026-07-01,2026-07-31,Metro,"Montgomery County, PA metro area",241,37.08,77,-2.37,4.48,0.82,1.32,-0.15
2026-09-03,Monthly,2026-07-01,2026-07-31,Metro,"Nashville, TN metro area",1002,9.72,376,12.33,6.07,0.27,2.42,0.21
2026-09-03,Monthly,2026-07-01,2026-07-31,Metro,"Nassau County, NY metro area",423,-3.19,176,-1.8,5.57,-0.13,2.33,-0.01
2026-09-03,Monthly,2026-07-01,2026-07-31,Metro,"New Brunswick, NJ metro area",473,14.64,162,7.1,5.03,0.3,1.71,-0.02
2026-09-03,Monthly,2026-07-01,2026-07-31,Metro,"New York, NY metro area",2212,9.05,776,5,7.9,0.75,2.7,0.23
2026-09-03,Monthly,2026-07-01,2026-07-31,Metro,"Newark, NJ metro area",329,14.77,110,22.11,5.43,0.5,1.89,0.2
2026-09-03,Monthly,2026-07-01,2026-07-31,Metro,"Oakland, CA metro area",418,-22.61,188,-25.68,7.47,-1.26,3.43,-0.73
2026-09-03,Monthly,2026-07-01,2026-07-31,Metro,"Orlando, FL metro area",1180,-4.07,492,23.5,6.28,-0.04,2.68,0.58
2026-09-03,Monthly,2026-07-01,2026-07-31,Metro,"Philadelphia, PA metro area",624,-3.65,310,26.42,7.21,-0.74,3.55,0.58
2026-09-03,Monthly,2026-07-01,2026-07-31,Metro,"Phoenix, AZ metro area",1597,-15.3,777,5.91,5.31,-0.5,2.5,0.29
2026-09-03,Monthly,2026-07-01,2026-07-31,Metro,"Pittsburgh, PA metro area",361,10.85,123,13.7,3.55,0.07,1.31,0.1
2026-09-03,Monthly,2026-07-01,2026-07-31,Metro,"Portland, OR metro area",502,-1.54,210,17.83,4.84,0.12,2.12,0.39
2026-09-03,Monthly,2026-07-01,2026-07-31,Metro,"Providence, RI metro area",227,-4.34,107,29.93,4.93,-0.56,2.35,0.44
2026-09-03,Monthly,2026-07-01,2026-07-31,Metro,"Riverside, CA metro area",1195,-5.96,563,6.93,6.31,0.26,2.99,0.43
2026-09-03,Monthly,2026-07-01,2026-07-31,Metro,"Sacramento, CA metro area",471,-9.49,207,-7.61,6.42,-0.25,2.98,0
2026-09-03,Monthly,2026-07-01,2026-07-31,Metro,"San Antonio, TX metro area",1104,4.98,393,22.46,5.73,0.21,2.01,0.34
2026-09-03,Monthly,2026-07-01,2026-07-31,Metro,"San Diego, CA metro area",492,-12.8,199,5.17,6.55,-0.39,2.64,0.31
2026-09-03,Monthly,2026-07-01,2026-07-31,Metro,"San Francisco, CA metro area",162,-39.9,97,-18.07,7.18,-2.78,4.08,-0.11
2026-09-03,Monthly,2026-07-01,2026-07-31,Metro,"San Jose, CA metro area",259,-0.11,124,15.3,9.11,-0.81,4.09,0.21
2026-09-03,Monthly,2026-07-01,2026-07-31,Metro,"Seattle, WA metro area",818,20.58,328,47.11,7.63,0.37,3.2,0.75
2026-09-03,Monthly,2026-07-01,2026-07-31,Metro,"St. Louis, MO metro area",560,8.81,238,0.61,5.57,0.5,2.25,-0.29
2026-09-03,Monthly,2026-07-01,2026-07-31,Metro,"Tampa, FL metro area",1470,-12.57,629,7.47,5.74,-0.34,2.56,0.37
2026-09-03,Monthly,2026-07-01,2026-07-31,Metro,"Virginia Beach, VA metro area",363,12.72,120,6.97,4.49,0.43,1.47,0.06
2026-09-03,Monthly,2026-07-01,2026-07-31,Metro,"Warren, MI metro area",495,12.11,190,8.29,5.24,0.17,2.05,0
2026-09-03,Monthly,2026-07-01,2026-07-31,Metro,"Washington, DC metro area",1145,3.08,468,40.45,6.06,-0.23,2.48,0.59
2026-09-03,Monthly,2026-07-01,2026-07-31,Metro,"West Palm Beach, FL metro area",970,-24.54,443,-10.13,6.37,-0.71,3.03,0.22
2026-09-03,Monthly,2026-06-01,2026-06-30,Metro,"Anaheim, CA metro area",397,-30.86,215,97.27,5.67,-2.28,3.01,1.56
2026-09-03,Monthly,2026-06-01,2026-06-30,Metro,"Atlanta, GA metro area",5293,143.36,853,21.5,11.63,6.05,1.95,0.06
2026-09-03,Monthly,2026-06-01,2026-06-30,Metro,"Austin, TX metro area",1089,-14.04,390,-3.24,6.01,-0.92,2.23,-0.02
2026-09-03,Monthly,2026-06-01,2026-06-30,Metro,"Baltimore, MD metro area",560,12.12,249,29.53,5.12,0.09,2.27,0.34
2026-09-03,Monthly,2026-06-01,2026-06-30,Metro,"Boston, MA metro area",864,9.6,368,33.97,7.21,-0.21,3.23,0.53
2026-09-03,Monthly,2026-06-01,2026-06-30,Metro,"Charlotte, NC metro area",856,17.84,351,30.55,4.45,0.45,2.02,0.37
2026-09-03,Monthly,2026-06-01,2026-06-30,Metro,"Chicago, IL metro area",992,-9.55,406,-32.12,3.89,-0.33,1.58,-0.71
2026-09-03,Monthly,2026-06-01,2026-06-30,Metro,"Cincinnati, OH metro area",351,26.19,113,-10.81,4.05,0.5,1.36,-0.29
2026-09-03,Monthly,2026-06-01,2026-06-30,Metro,"Cleveland, OH metro area",375,-5.3,152,-8.82,5.21,-0.48,2.17,-0.27
2026-09-03,Monthly,2026-06-01,2026-06-30,Metro,"Columbus, OH metro area",366,-0.65,161,5.43,4.02,-0.26,1.79,0.03
2026-09-03,Monthly,2026-06-01,2026-06-30,Metro,"Dallas, TX metro area",2324,-0.1,971,8.53,7.38,0.26,3.1,0.38
2026-09-03,Monthly,2026-06-01,2026-06-30,Metro,"Denver, CO metro area",971,-12.84,499,26.53,6.14,-0.47,3.29,0.83
2026-09-03,Monthly,2026-06-01,2026-06-30,Metro,"Detroit, MI metro area",1312,204.06,171,15.29,18.2,11.6,2.52,0.13
2026-09-03,Monthly,2026-06-01,2026-06-30,Metro,"Fort Lauderdale, FL metro area",1790,12.07,476,-13.54,10.02,2.74,2.62,0.08
2026-09-03,Monthly,2026-06-01,2026-06-30,Metro,"Fort Worth, TX metro area",846,-12.76,378,0.19,6.56,-0.47,3.01,0.23
2026-09-03,Monthly,2026-06-01,2026-06-30,Metro,"Houston, TX metro area",2894,6.06,1102,23.83,6.37,0.42,2.45,0.5
2026-09-03,Monthly,2026-06-01,2026-06-30,Metro,"Indianapolis, IN metro area",489,18.64,177,9.86,4.88,0.38,1.82,0.03
2026-09-03,Monthly,2026-06-01,2026-06-30,Metro,"Jacksonville, FL metro area",661,-21.83,293,-11.54,5.34,-0.36,2.31,0.04
2026-09-03,Monthly,2026-06-01,2026-06-30,Metro,"Kansas City, MO metro area",350,-5.69,145,-1.64,4.12,-0.02,1.71,0.07
2026-09-03,Monthly,2026-06-01,2026-06-30,Metro,"Las Vegas, NV metro area",864,7.3,317,27.55,6.32,0.57,2.23,0.49
2026-09-03,Monthly,2026-06-01,2026-06-30,Metro,"Los Angeles, CA metro area",1568,-26.22,696,22.26,6.91,-2.11,3.11,0.67
2026-09-03,Monthly,2026-06-01,2026-06-30,Metro,"Miami, FL metro area",3129,97.47,506,-17.04,15.65,8.39,2.57,-0.15
2026-09-03,Monthly,2026-06-01,2026-06-30,Metro,"Milwaukee, WI metro area",162,13.95,65,14.11,2.18,0.16,1.28,0.08
2026-09-03,Monthly,2026-06-01,2026-06-30,Metro,"Minneapolis, MN metro area",720,-3.12,323,22.86,5.06,-0.62,2.3,0.3
2026-09-03,Monthly,2026-06-01,2026-06-30,Metro,"Montgomery County, PA metro area",253,32.71,74,-8.99,4.65,0.97,1.3,-0.24
2026-09-03,Monthly,2026-06-01,2026-06-30,Metro,"Nashville, TN metro area",935,-0.03,392,16.04,5.66,-0.35,2.45,0.26
2026-09-03,Monthly,2026-06-01,2026-06-30,Metro,"Nassau County, NY metro area",460,16.13,178,7.67,5.96,0.72,2.26,0.1
2026-09-03,Monthly,2026-06-01,2026-06-30,Metro,"New Brunswick, NJ metro area",508,22.03,152,1.71,5.34,0.56,1.61,-0.11
2026-09-03,Monthly,2026-06-01,2026-06-30,Metro,"New York, NY metro area",2036,-4.19,761,11.73,7.01,-0.37,2.52,0.25
2026-09-03,Monthly,2026-06-01,2026-06-30,Metro,"Newark, NJ metro area",348,29.41,111,36.5,5.66,0.97,1.85,0.38
2026-09-03,Monthly,2026-06-01,2026-06-30,Metro,"Oakland, CA metro area",466,-19.81,241,16.71,7.93,-1.17,4.23,0.9
2026-09-03,Monthly,2026-06-01,2026-06-30,Metro,"Orlando, FL metro area",1289,9.8,506,30.49,6.92,1.06,2.72,0.73
2026-09-03,Monthly,2026-06-01,2026-06-30,Metro,"Philadelphia, PA metro area",664,-0.5,284,30.78,7.54,-0.55,3.21,0.58
2026-09-03,Monthly,2026-06-01,2026-06-30,Metro,"Phoenix, AZ metro area",1640,-19.35,779,12.55,5.22,-0.88,2.48,0.39
2026-09-03,Monthly,2026-06-01,2026-06-30,Metro,"Pittsburgh, PA metro area",326,-5.39,143,26.32,3.28,-0.44,1.4,0.17
2026-09-03,Monthly,2026-06-01,2026-06-30,Metro,"Portland, OR metro area",510,-1.38,220,38.83,4.78,-0.01,2.17,0.65
2026-09-03,Monthly,2026-06-01,2026-06-30,Metro,"Providence, RI metro area",279,34.64,92,15.01,5.91,1.26,2,0.18
2026-09-03,Monthly,2026-06-01,2026-06-30,Metro,"Riverside, CA metro area",1170,-32.8,581,31.11,6.13,-2.01,3.03,0.8
2026-09-03,Monthly,2026-06-01,2026-06-30,Metro,"Sacramento, CA metro area",464,-12.42,216,-5.2,6.28,-0.45,3.01,0.03
2026-09-03,Monthly,2026-06-01,2026-06-30,Metro,"San Antonio, TX metro area",1070,-3.96,350,12.73,5.65,-0.11,1.88,0.2
2026-09-03,Monthly,2026-06-01,2026-06-30,Metro,"San Diego, CA metro area",480,-22.55,185,-6.61,6.19,-1.41,2.38,-0.04
2026-09-03,Monthly,2026-06-01,2026-06-30,Metro,"San Francisco, CA metro area",177,-38.93,107,12.56,7.49,-2.86,4.04,0.96
2026-09-03,Monthly,2026-06-01,2026-06-30,Metro,"San Jose, CA metro area",276,4.6,133,61.68,9.75,-0.06,4.31,1.52
2026-09-03,Monthly,2026-06-01,2026-06-30,Metro,"Seattle, WA metro area",759,6.4,293,17.7,7.24,-0.25,2.87,0.2
2026-09-03,Monthly,2026-06-01,2026-06-30,Metro,"St. Louis, MO metro area",561,0.44,216,-14.12,5.51,-0.21,2.02,-0.61
2026-09-03,Monthly,2026-06-01,2026-06-30,Metro,"Tampa, FL metro area",1660,7.75,640,19.34,7.47,1.58,2.6,0.63
2026-09-03,Monthly,2026-06-01,2026-06-30,Metro,"Virginia Beach, VA metro area",314,7.68,127,22.59,3.93,0.24,1.6,0.25
2026-09-03,Monthly,2026-06-01,2026-06-30,Metro,"Warren, MI metro area",2063,359.64,196,11.32,21.89,16.76,2.09,0.05
2026-09-03,Monthly,2026-06-01,2026-06-30,Metro,"Washington, DC metro area",1129,-1.93,435,28.25,5.93,-0.53,2.31,0.39
2026-09-03,Monthly,2026-06-01,2026-06-30,Metro,"West Palm Beach, FL metro area",1085,-18.4,455,-6.4,6.68,-0.43,3.01,0.29
2026-09-03,Monthly,2026-05-01,2026-05-31,Metro,"Anaheim, CA metro area",433,-3.29,184,34.74,5.74,0.22,2.58,0.79
2026-09-03,Monthly,2026-05-01,2026-05-31,Metro,"Atlanta, GA metro area",4521,108.57,823,12.63,9.92,4.31,1.84,-0.12
2026-09-03,Monthly,2026-05-01,2026-05-31,Metro,"Austin, TX metro area",1088,-8.42,428,11.95,6.01,-0.39,2.46,0.32
2026-09-03,Monthly,2026-05-01,2026-05-31,Metro,"Baltimore, MD metro area",559,4.66,246,23.17,5.14,-0.29,2.27,0.22
2026-09-03,Monthly,2026-05-01,2026-05-31,Metro,"Boston, MA metro area",774,1.19,406,68.68,6.66,-0.53,3.59,1.21
2026-09-03,Monthly,2026-05-01,2026-05-31,Metro,"Charlotte, NC metro area",821,13.56,359,37.74,3.76,0.13,2.09,0.48
2026-09-03,Monthly,2026-05-01,2026-05-31,Metro,"Chicago, IL metro area",905,-24.47,448,-21.12,3.54,-1.06,1.74,-0.44
2026-09-03,Monthly,2026-05-01,2026-05-31,Metro,"Cincinnati, OH metro area",325,12.86,142,40.61,3.67,0,1.69,0.32
2026-09-03,Monthly,2026-05-01,2026-05-31,Metro,"Cleveland, OH metro area",370,7.58,153,15.64,5.15,0.12,2.13,0.14
2026-09-03,Monthly,2026-05-01,2026-05-31,Metro,"Columbus, OH metro area",305,-5.85,176,43.24,3.45,-0.44,1.92,0.49
2026-09-03,Monthly,2026-05-01,2026-05-31,Metro,"Dallas, TX metro area",2234,-3.66,1079,20.15,6.95,-0.1,3.34,0.59
2026-09-03,Monthly,2026-05-01,2026-05-31,Metro,"Denver, CO metro area",1012,-2.16,472,24.07,6.24,0.26,3.11,0.76
2026-09-03,Monthly,2026-05-01,2026-05-31,Metro,"Detroit, MI metro area",451,19.73,169,-1.17,6.21,0.52,2.38,-0.26
2026-09-03,Monthly,2026-05-01,2026-05-31,Metro,"Fort Lauderdale, FL metro area",970,-38.21,503,-4.57,5.37,-1.82,2.71,0.28
2026-09-03,Monthly,2026-05-01,2026-05-31,Metro,"Fort Worth, TX metro area",846,-2.2,399,1.59,6.58,0.28,3.08,0.23
2026-09-03,Monthly,2026-05-01,2026-05-31,Metro,"Houston, TX metro area",2885,6.43,1092,17.33,6.36,0.35,2.4,0.36
2026-09-03,Monthly,2026-05-01,2026-05-31,Metro,"Indianapolis, IN metro area",493,20.73,203,6.39,4.88,0.42,2.07,-0.06
2026-09-03,Monthly,2026-05-01,2026-05-31,Metro,"Jacksonville, FL metro area",653,-18.27,326,15.82,5.24,-0.19,2.54,0.66
2026-09-03,Monthly,2026-05-01,2026-05-31,Metro,"Kansas City, MO metro area",402,6.92,157,-4.82,4.54,0.45,1.81,-0.02
2026-09-03,Monthly,2026-05-01,2026-05-31,Metro,"Las Vegas, NV metro area",809,6.76,335,30.55,5.99,0.37,2.32,0.53
2026-09-03,Monthly,2026-05-01,2026-05-31,Metro,"Los Angeles, CA metro area",1644,12.52,702,31.19,7.17,0.99,3.09,0.81
2026-09-03,Monthly,2026-05-01,2026-05-31,Metro,"Miami, FL metro area",1377,-10.05,539,-11.77,6.93,-0.13,2.74,0.03
2026-09-03,Monthly,2026-05-01,2026-05-31,Metro,"Milwaukee, WI metro area",165,11.66,70,22.86,2.2,0.19,1.31,0.12
2026-09-03,Monthly,2026-05-01,2026-05-31,Metro,"Minneapolis, MN metro area",836,30.74,329,34.69,5.7,0.79,2.32,0.44
2026-09-03,Monthly,2026-05-01,2026-05-31,Metro,"Montgomery County, PA metro area",298,56.34,90,10.47,5.06,1.27,1.62,0
2026-09-03,Monthly,2026-05-01,2026-05-31,Metro,"Nashville, TN metro area",970,13.37,394,12.13,5.98,0.39,2.42,0.13
2026-09-03,Monthly,2026-05-01,2026-05-31,Metro,"Nassau County, NY metro area",405,-9.05,190,15.58,5.23,-0.68,2.38,0.27
2026-09-03,Monthly,2026-05-01,2026-05-31,Metro,"New Brunswick, NJ metro area",446,12.61,172,21.23,4.84,0.22,1.82,0.21
2026-09-03,Monthly,2026-05-01,2026-05-31,Metro,"New York, NY metro area",2082,-1.58,755,9.48,6.87,-0.24,2.56,0.23
2026-09-03,Monthly,2026-05-01,2026-05-31,Metro,"Newark, NJ metro area",306,12.56,123,36.61,5.1,0.24,2.11,0.62
2026-09-03,Monthly,2026-05-01,2026-05-31,Metro,"Oakland, CA metro area",439,-37.84,215,-2.57,7.28,-3.4,3.69,0.26
2026-09-03,Monthly,2026-05-01,2026-05-31,Metro,"Orlando, FL metro area",1159,5.07,509,32.28,6.26,0.68,2.67,0.78
2026-09-03,Monthly,2026-05-01,2026-05-31,Metro,"Philadelphia, PA metro area",656,6.59,260,9.69,7.46,0.03,3.07,0.14
2026-09-03,Monthly,2026-05-01,2026-05-31,Metro,"Phoenix, AZ metro area",1668,-9.13,798,20.02,5.31,-0.28,2.53,0.52
2026-09-03,Monthly,2026-05-01,2026-05-31,Metro,"Pittsburgh, PA metro area",340,10.51,144,46.36,3.37,0.01,1.41,0.31
2026-09-03,Monthly,2026-05-01,2026-05-31,Metro,"Portland, OR metro area",494,-4.76,213,5.79,4.74,-0.11,2.06,0.13
2026-09-03,Monthly,2026-05-01,2026-05-31,Metro,"Providence, RI metro area",252,23.79,102,21.57,5.35,0.73,2.19,0.28
2026-09-03,Monthly,2026-05-01,2026-05-31,Metro,"Riverside, CA metro area",1202,-7.82,579,19.71,6.22,0.16,3.01,0.72
2026-09-03,Monthly,2026-05-01,2026-05-31,Metro,"Sacramento, CA metro area",473,-16.98,207,-1,6.25,-1.06,2.83,0.12
2026-09-03,Monthly,2026-05-01,2026-05-31,Metro,"San Antonio, TX metro area",1118,9.84,408,14.63,5.58,0.22,2.09,0.17
2026-09-03,Monthly,2026-05-01,2026-05-31,Metro,"San Diego, CA metro area",475,-19.65,225,19.42,5.74,-1.1,2.81,0.55
2026-09-03,Monthly,2026-05-01,2026-05-31,Metro,"San Francisco, CA metro area",209,-16.33,94,-1.26,8.2,-0.54,3.54,0.41
2026-09-03,Monthly,2026-05-01,2026-05-31,Metro,"San Jose, CA metro area",263,-14.79,145,157.71,8.95,-2.49,4.52,2.62
2026-09-03,Monthly,2026-05-01,2026-05-31,Metro,"Seattle, WA metro area",886,39.67,288,15.66,8.43,1.68,2.8,0.13
2026-09-03,Monthly,2026-05-01,2026-05-31,Metro,"St. Louis, MO metro area",524,-4.26,219,14.08,5,-0.62,1.94,0.23
2026-09-03,Monthly,2026-05-01,2026-05-31,Metro,"Tampa, FL metro area",1394,-12.73,640,8.21,5.57,-0.22,2.59,0.47
2026-09-03,Monthly,2026-05-01,2026-05-31,Metro,"Virginia Beach, VA metro area",312,16.64,130,26.78,3.86,0.4,1.63,0.36
2026-09-03,Monthly,2026-05-01,2026-05-31,Metro,"Warren, MI metro area",466,14.4,215,20.9,4.87,0.18,2.27,0.19
2026-09-03,Monthly,2026-05-01,2026-05-31,Metro,"Washington, DC metro area",1019,-14.36,479,40.36,5.35,-1.41,2.56,0.58
2026-09-03,Monthly,2026-05-01,2026-05-31,Metro,"West Palm Beach, FL metro area",981,-26.66,519,18.11,6.22,-1.08,3.36,0.93
2026-09-03,Monthly,2026-04-01,2026-04-30,Metro,"Anaheim, CA metro area",386,-4.41,187,37.63,5.34,0.18,2.6,0.83
2026-09-03,Monthly,2026-04-01,2026-04-30,Metro,"Atlanta, GA metro area",4421,107.53,899,15.17,9.68,4.09,1.96,-0.09
2026-09-03,Monthly,2026-04-01,2026-04-30,Metro,"Austin, TX metro area",1071,2.16,440,2.97,6.19,0.15,2.45,0.03
2026-09-03,Monthly,2026-04-01,2026-04-30,Metro,"Baltimore, MD metro area",542,10.56,274,29.97,5.17,-0.04,2.55,0.35
2026-09-03,Monthly,2026-04-01,2026-04-30,Metro,"Boston, MA metro area",784,13.86,411,28.03,6.77,0.21,3.67,0.51
2026-09-03,Monthly,2026-04-01,2026-04-30,Metro,"Charlotte, NC metro area",767,20.24,373,45.82,3.22,0.4,2.15,0.5
2026-09-03,Monthly,2026-04-01,2026-04-30,Metro,"Chicago, IL metro area",943,-15.24,520,-1.92,3.66,-0.63,2.02,-0.04
2026-09-03,Monthly,2026-04-01,2026-04-30,Metro,"Cincinnati, OH metro area",321,-2.87,161,43.48,3.68,-0.53,1.85,0.4
2026-09-03,Monthly,2026-04-01,2026-04-30,Metro,"Cleveland, OH metro area",378,15.93,160,15.64,5.27,0.35,2.28,0.2
2026-09-03,Monthly,2026-04-01,2026-04-30,Metro,"Columbus, OH metro area",327,-3.36,226,77.71,3.67,-0.37,2.57,1.03
2026-09-03,Monthly,2026-04-01,2026-04-30,Metro,"Dallas, TX metro area",2465,11.67,1145,27.03,7.64,0.86,3.52,0.76
2026-09-03,Monthly,2026-04-01,2026-04-30,Metro,"Denver, CO metro area",997,5.37,483,19.77,6.19,0.52,3.1,0.59
2026-09-03,Monthly,2026-04-01,2026-04-30,Metro,"Detroit, MI metro area",499,19.59,208,30.23,6.56,0.28,2.8,0.34
2026-09-03,Monthly,2026-04-01,2026-04-30,Metro,"Fort Lauderdale, FL metro area",1016,-30.95,569,8.36,5.56,-1.28,3.01,0.64
2026-09-03,Monthly,2026-04-01,2026-04-30,Metro,"Fort Worth, TX metro area",956,10.46,436,14.07,7.03,0.82,3.25,0.45
2026-09-03,Monthly,2026-04-01,2026-04-30,Metro,"Houston, TX metro area",2955,17.5,1095,15.8,6.52,0.78,2.35,0.26
2026-09-03,Monthly,2026-04-01,2026-04-30,Metro,"Indianapolis, IN metro area",493,28.52,256,45.44,4.8,0.54,2.51,0.49
2026-09-03,Monthly,2026-04-01,2026-04-30,Metro,"Jacksonville, FL metro area",630,-16.27,348,16.14,5.03,-0.1,2.74,0.78
2026-09-03,Monthly,2026-04-01,2026-04-30,Metro,"Kansas City, MO metro area",415,9.41,176,24.27,4.55,0.24,2.01,0.33
2026-09-03,Monthly,2026-04-01,2026-04-30,Metro,"Las Vegas, NV metro area",838,15.27,363,30.09,6.17,0.68,2.49,0.49
2026-09-03,Monthly,2026-04-01,2026-04-30,Metro,"Los Angeles, CA metro area",1538,6.85,717,25.27,6.69,0.54,3.11,0.67
2026-09-03,Monthly,2026-04-01,2026-04-30,Metro,"Miami, FL metro area",1404,-6.92,571,-1.75,6.92,0.2,2.9,0.28
2026-09-03,Monthly,2026-04-01,2026-04-30,Metro,"Milwaukee, WI metro area",157,25.67,76,23.45,2.03,0.09,1.39,0.05
2026-09-03,Monthly,2026-04-01,2026-04-30,Metro,"Minneapolis, MN metro area",789,15.75,339,32.83,5.37,0.2,2.38,0.42
2026-09-03,Monthly,2026-04-01,2026-04-30,Metro,"Montgomery County, PA metro area",247,29.72,106,40.79,4.59,0.64,1.95,0.34
2026-09-03,Monthly,2026-04-01,2026-04-30,Metro,"Nashville, TN metro area",932,5.85,460,39.73,5.74,-0.19,2.71,0.55
2026-09-03,Monthly,2026-04-01,2026-04-30,Metro,"Nassau County, NY metro area",359,-20.44,219,38.82,4.67,-1.37,2.81,0.7
2026-09-03,Monthly,2026-04-01,2026-04-30,Metro,"New Brunswick, NJ metro area",413,2.59,191,29.18,4.52,-0.27,2.03,0.32
2026-09-03,Monthly,2026-04-01,2026-04-30,Metro,"New York, NY metro area",1767,-12.79,848,30.25,5.95,-0.75,2.91,0.69
2026-09-03,Monthly,2026-04-01,2026-04-30,Metro,"Newark, NJ metro area",301,20.01,131,39.9,4.86,0.29,2.23,0.63
2026-09-03,Monthly,2026-04-01,2026-04-30,Metro,"Oakland, CA metro area",454,-23.66,218,9.01,7.64,-1.68,3.76,0.56
2026-09-03,Monthly,2026-04-01,2026-04-30,Metro,"Orlando, FL metro area",1184,4.42,520,16.71,6.05,0.44,2.66,0.49
2026-09-03,Monthly,2026-04-01,2026-04-30,Metro,"Philadelphia, PA metro area",587,-9.89,250,-0.76,6.98,-1.03,3.01,-0.13
2026-09-03,Monthly,2026-04-01,2026-04-30,Metro,"Phoenix, AZ metro area",1725,4.22,778,11.94,5.45,0.4,2.44,0.33
2026-09-03,Monthly,2026-04-01,2026-04-30,Metro,"Pittsburgh, PA metro area",339,6.31,142,33.58,3.45,-0.01,1.58,0.36
2026-09-03,Monthly,2026-04-01,2026-04-30,Metro,"Portland, OR metro area",496,3.31,254,16.19,4.62,0,2.36,0.27
2026-09-03,Monthly,2026-04-01,2026-04-30,Metro,"Providence, RI metro area",218,10.91,115,50.59,4.86,0.26,2.58,0.75
2026-09-03,Monthly,2026-04-01,2026-04-30,Metro,"Riverside, CA metro area",1196,0.89,594,21.06,6.18,0.59,3.14,0.86
2026-09-03,Monthly,2026-04-01,2026-04-30,Metro,"Sacramento, CA metro area",503,3.49,207,1.4,6.55,0.23,2.76,0.05
2026-09-03,Monthly,2026-04-01,2026-04-30,Metro,"San Antonio, TX metro area",1107,8.86,386,3.11,5.55,0.22,1.93,-0.04
2026-09-03,Monthly,2026-04-01,2026-04-30,Metro,"San Diego, CA metro area",498,-2.98,220,7.16,5.96,-0.13,2.71,0.26
2026-09-03,Monthly,2026-04-01,2026-04-30,Metro,"San Francisco, CA metro area",203,-37.61,117,47.68,7.43,-3.55,4.1,1.49
2026-09-03,Monthly,2026-04-01,2026-04-30,Metro,"San Jose, CA metro area",325,-24.52,144,210.32,10.03,-4.18,4.29,2.79
2026-09-03,Monthly,2026-04-01,2026-04-30,Metro,"Seattle, WA metro area",862,43.31,294,18.65,7.87,1.26,2.8,-0.03
2026-09-03,Monthly,2026-04-01,2026-04-30,Metro,"St. Louis, MO metro area",488,-26.58,270,28.97,4.86,-4.5,2.56,0.27
2026-09-03,Monthly,2026-04-01,2026-04-30,Metro,"Tampa, FL metro area",1435,-1.73,698,15.1,5.76,0.3,2.78,0.57
2026-09-03,Monthly,2026-04-01,2026-04-30,Metro,"Virginia Beach, VA metro area",382,42.24,131,8.9,4.7,1.18,1.61,-0.01
2026-09-03,Monthly,2026-04-01,2026-04-30,Metro,"Warren, MI metro area",432,-4.88,202,12.27,4.43,-0.79,2.14,0.02
2026-09-03,Monthly,2026-04-01,2026-04-30,Metro,"Washington, DC metro area",1061,5.83,538,65.6,5.53,-0.3,2.79,0.91
2026-09-03,Monthly,2026-04-01,2026-04-30,Metro,"West Palm Beach, FL metro area",1033,-16.38,497,0.96,6.53,-0.34,3.13,0.42
2026-09-03,Monthly,2026-03-01,2026-03-31,Metro,"Anaheim, CA metro area",429,32.03,191,26.98,5.83,1.54,2.57,0.61
2026-09-03,Monthly,2026-03-01,2026-03-31,Metro,"Atlanta, GA metro area",4272,108.77,984,30.3,9.56,4.12,2.11,0.15
2026-09-03,Monthly,2026-03-01,2026-03-31,Metro,"Austin, TX metro area",1074,3.09,451,9.28,5.98,-0.2,2.53,0.08
2026-09-03,Monthly,2026-03-01,2026-03-31,Metro,"Baltimore, MD metro area",541,17.52,273,29.49,5.24,0.35,2.62,0.4
2026-09-03,Monthly,2026-03-01,2026-03-31,Metro,"Boston, MA metro area",773,18.71,385,25.76,7.19,0.7,3.7,0.55
2026-09-03,Monthly,2026-03-01,2026-03-31,Metro,"Charlotte, NC metro area",785,33.09,393,59.93,3.64,0.8,2.29,0.7
2026-09-03,Monthly,2026-03-01,2026-03-31,Metro,"Chicago, IL metro area",918,-21.53,491,-10.4,3.6,-0.93,1.91,-0.2
2026-09-03,Monthly,2026-03-01,2026-03-31,Metro,"Cincinnati, OH metro area",296,6.95,171,61.77,3.52,0.04,1.98,0.65
2026-09-03,Monthly,2026-03-01,2026-03-31,Metro,"Cleveland, OH metro area",351,4.02,176,19.39,4.97,0.02,2.43,0.27
2026-09-03,Monthly,2026-03-01,2026-03-31,Metro,"Columbus, OH metro area",354,8.14,194,42.5,4.08,0.19,2.3,0.65
2026-09-03,Monthly,2026-03-01,2026-03-31,Metro,"Dallas, TX metro area",2298,13.84,1107,20.25,7.01,0.62,3.46,0.49
2026-09-03,Monthly,2026-03-01,2026-03-31,Metro,"Denver, CO metro area",1093,27.7,482,13.61,6.59,1.27,3.05,0.38
2026-09-03,Monthly,2026-03-01,2026-03-31,Metro,"Detroit, MI metro area",402,-2.52,253,44.31,5.57,-0.79,3.3,0.72
2026-09-03,Monthly,2026-03-01,2026-03-31,Metro,"Fort Lauderdale, FL metro area",1118,-14.85,538,-3.43,6.04,-0.19,2.79,0.26
2026-09-03,Monthly,2026-03-01,2026-03-31,Metro,"Fort Worth, TX metro area",845,1.64,432,7.83,6.29,0.17,3.18,0.21
2026-09-03,Monthly,2026-03-01,2026-03-31,Metro,"Houston, TX metro area",2909,20.2,1263,28.73,6.32,0.78,2.66,0.47
2026-09-03,Monthly,2026-03-01,2026-03-31,Metro,"Indianapolis, IN metro area",435,19.48,263,23.75,4.33,0.21,2.71,0.27
2026-09-03,Monthly,2026-03-01,2026-03-31,Metro,"Jacksonville, FL metro area",664,-4.21,351,6.03,5.19,0.4,2.75,0.6
2026-09-03,Monthly,2026-03-01,2026-03-31,Metro,"Kansas City, MO metro area",377,7.2,189,23.89,4.26,0.2,2.16,0.38
2026-09-03,Monthly,2026-03-01,2026-03-31,Metro,"Las Vegas, NV metro area",798,20.63,410,57.96,5.87,0.72,2.83,0.9
2026-09-03,Monthly,2026-03-01,2026-03-31,Metro,"Los Angeles, CA metro area",1531,12.78,749,31.33,6.61,0.74,3.26,0.78
2026-09-03,Monthly,2026-03-01,2026-03-31,Metro,"Miami, FL metro area",1429,-5.41,528,-14.24,6.98,0.14,2.64,-0.16
2026-09-03,Monthly,2026-03-01,2026-03-31,Metro,"Milwaukee, WI metro area",142,-13.41,76,37.59,2.31,-0.54,1.47,0.28
2026-09-03,Monthly,2026-03-01,2026-03-31,Metro,"Minneapolis, MN metro area",821,34.39,333,32.61,5.55,1.09,2.39,0.47
2026-09-03,Monthly,2026-03-01,2026-03-31,Metro,"Montgomery County, PA metro area",194,-3.02,105,14.35,3.85,-0.34,2.14,0.16
2026-09-03,Monthly,2026-03-01,2026-03-31,Metro,"Nashville, TN metro area",912,7.26,530,30.6,5.67,-0.04,2.94,0.37
2026-09-03,Monthly,2026-03-01,2026-03-31,Metro,"Nassau County, NY metro area",385,-9.78,201,10.59,5.32,-0.3,2.76,0.35
2026-09-03,Monthly,2026-03-01,2026-03-31,Metro,"New Brunswick, NJ metro area",399,6.69,202,27.72,4.61,0.23,2.38,0.52
2026-09-03,Monthly,2026-03-01,2026-03-31,Metro,"New York, NY metro area",1892,5.46,777,7.62,6.49,0.48,2.68,0.25
2026-09-03,Monthly,2026-03-01,2026-03-31,Metro,"Newark, NJ metro area",271,3.1,127,16.65,4.95,0.22,2.28,0.28
2026-09-03,Monthly,2026-03-01,2026-03-31,Metro,"Oakland, CA metro area",503,5.13,231,8.23,8.41,0.75,4,0.51
2026-09-03,Monthly,2026-03-01,2026-03-31,Metro,"Orlando, FL metro area",1134,-0.16,521,15.51,6.18,0.47,2.67,0.49
2026-09-03,Monthly,2026-03-01,2026-03-31,Metro,"Philadelphia, PA metro area",652,-4.4,313,25.72,7.85,-0.53,3.69,0.65
2026-09-03,Monthly,2026-03-01,2026-03-31,Metro,"Phoenix, AZ metro area",1704,4,815,19.02,5.24,0.13,2.54,0.4
2026-09-03,Monthly,2026-03-01,2026-03-31,Metro,"Pittsburgh, PA metro area",328,7.45,175,48.33,3.4,0.11,1.6,0.34
2026-09-03,Monthly,2026-03-01,2026-03-31,Metro,"Portland, OR metro area",494,4.13,256,38.22,4.64,0.01,2.41,0.58
2026-09-03,Monthly,2026-03-01,2026-03-31,Metro,"Providence, RI metro area",218,27.76,123,39.06,5.48,1.3,3.09,0.9
2026-09-03,Monthly,2026-03-01,2026-03-31,Metro,"Riverside, CA metro area",1189,8.82,618,28.04,6.11,0.86,3.26,0.96
2026-09-03,Monthly,2026-03-01,2026-03-31,Metro,"Sacramento, CA metro area",465,-9.83,250,17.72,6.04,-0.79,3.26,0.42
2026-09-03,Monthly,2026-03-01,2026-03-31,Metro,"San Antonio, TX metro area",1089,20.61,480,23.26,5.45,0.62,2.62,0.53
2026-09-03,Monthly,2026-03-01,2026-03-31,Metro,"San Diego, CA metro area",481,6.63,263,28.8,5.95,0.7,3.13,0.68
2026-09-03,Monthly,2026-03-01,2026-03-31,Metro,"San Francisco, CA metro area",259,1.25,110,5.4,9.69,0.76,3.93,0.43
2026-09-03,Monthly,2026-03-01,2026-03-31,Metro,"San Jose, CA metro area",303,14.18,143,159.64,10.02,1.13,4.47,2.74
2026-09-03,Monthly,2026-03-01,2026-03-31,Metro,"Seattle, WA metro area",915,65.15,325,31.89,8.73,2.51,3.16,0.34
2026-09-03,Monthly,2026-03-01,2026-03-31,Metro,"St. Louis, MO metro area",551,-1.78,260,14.05,5.43,-0.83,2.52,0.08
2026-09-03,Monthly,2026-03-01,2026-03-31,Metro,"Tampa, FL metro area",1436,4.31,677,10.82,5.79,0.58,2.74,0.46
2026-09-03,Monthly,2026-03-01,2026-03-31,Metro,"Virginia Beach, VA metro area",367,49.08,148,16.69,4.62,1.38,1.93,0.23
2026-09-03,Monthly,2026-03-01,2026-03-31,Metro,"Warren, MI metro area",436,-5.25,201,20.89,4.63,-0.74,2.16,0.19
2026-09-03,Monthly,2026-03-01,2026-03-31,Metro,"Washington, DC metro area",1053,14.33,514,60.61,5.63,0.14,2.78,0.88
2026-09-03,Monthly,2026-03-01,2026-03-31,Metro,"West Palm Beach, FL metro area",1070,-8.31,488,-2.48,6.68,0.16,3.1,0.3
2026-09-03,Monthly,2026-02-01,2026-02-28,Metro,"Anaheim, CA metro area",378,-7.8,213,43.03,5.11,-0.35,2.84,0.88
2026-09-03,Monthly,2026-02-01,2026-02-28,Metro,"Atlanta, GA metro area",4172,109.28,1001,27.02,9.37,3.92,2.16,0.07
2026-09-03,Monthly,2026-02-01,2026-02-28,Metro,"Austin, TX metro area",1064,6.42,465,12.57,5.86,-0.09,2.59,0.11
2026-09-03,Monthly,2026-02-01,2026-02-28,Metro,"Baltimore, MD metro area",633,42.85,241,16.7,5.99,1.24,2.31,0.07
2026-09-03,Monthly,2026-02-01,2026-02-28,Metro,"Boston, MA metro area",751,28.83,343,10.08,7.29,1.24,3.39,0.14
2026-09-03,Monthly,2026-02-01,2026-02-28,Metro,"Charlotte, NC metro area",761,30.69,388,61,3.76,0.77,2.31,0.74
2026-09-03,Monthly,2026-02-01,2026-02-28,Metro,"Chicago, IL metro area",906,-26.62,509,-8.25,3.54,-1.13,2.01,-0.12
2026-09-03,Monthly,2026-02-01,2026-02-28,Metro,"Cincinnati, OH metro area",297,-2.03,145,24.14,3.58,-0.32,1.71,0.24
2026-09-03,Monthly,2026-02-01,2026-02-28,Metro,"Cleveland, OH metro area",358,28.15,154,12.32,5.18,0.97,2.22,0.16
2026-09-03,Monthly,2026-02-01,2026-02-28,Metro,"Columbus, OH metro area",332,-4.43,179,19.32,3.88,-0.35,2.1,0.27
2026-09-03,Monthly,2026-02-01,2026-02-28,Metro,"Dallas, TX metro area",2293,13.43,1158,31.45,6.99,0.56,3.68,0.76
2026-09-03,Monthly,2026-02-01,2026-02-28,Metro,"Denver, CO metro area",993,7.22,545,45.36,5.96,0.06,3.32,0.88
2026-09-03,Monthly,2026-02-01,2026-02-28,Metro,"Detroit, MI metro area",459,-3.93,175,-5.06,6.34,-1.24,2.38,-0.49
2026-09-03,Monthly,2026-02-01,2026-02-28,Metro,"Fort Lauderdale, FL metro area",1402,1.02,583,10.93,7.22,0.7,3.01,0.56
2026-09-03,Monthly,2026-02-01,2026-02-28,Metro,"Fort Worth, TX metro area",847,-4.98,476,22,6.18,-0.26,3.5,0.64
2026-09-03,Monthly,2026-02-01,2026-02-28,Metro,"Houston, TX metro area",2678,10.52,1243,36.04,5.91,0.24,2.64,0.56
2026-09-03,Monthly,2026-02-01,2026-02-28,Metro,"Indianapolis, IN metro area",442,17.13,250,38.59,4.54,0.17,2.56,0.48
2026-09-03,Monthly,2026-02-01,2026-02-28,Metro,"Jacksonville, FL metro area",730,13.06,344,-2.88,5.64,1.14,2.73,0.33
2026-09-03,Monthly,2026-02-01,2026-02-28,Metro,"Kansas City, MO metro area",436,19.84,191,16.59,4.62,0.57,2.07,0.22
2026-09-03,Monthly,2026-02-01,2026-02-28,Metro,"Las Vegas, NV metro area",794,29.63,401,45.38,5.61,0.81,2.76,0.64
2026-09-03,Monthly,2026-02-01,2026-02-28,Metro,"Los Angeles, CA metro area",1406,-4.2,755,31.42,6.15,-0.26,3.3,0.78
2026-09-03,Monthly,2026-02-01,2026-02-28,Metro,"Miami, FL metro area",1479,4.27,572,-7.51,7.1,0.78,2.84,-0.09
2026-09-03,Monthly,2026-02-01,2026-02-28,Metro,"Milwaukee, WI metro area",177,54.4,79,49.98,2.94,0.86,1.53,0.4
2026-09-03,Monthly,2026-02-01,2026-02-28,Metro,"Minneapolis, MN metro area",726,13.56,331,36.96,5.05,0.33,2.38,0.51
2026-09-03,Monthly,2026-02-01,2026-02-28,Metro,"Montgomery County, PA metro area",182,-7.45,85,7.02,3.65,-0.64,1.77,-0.01
2026-09-03,Monthly,2026-02-01,2026-02-28,Metro,"Nashville, TN metro area",926,11.68,493,36.77,5.79,0.17,2.92,0.59
2026-09-03,Monthly,2026-02-01,2026-02-28,Metro,"Nassau County, NY metro area",422,7.83,172,1.92,5.9,0.71,2.42,0.19
2026-09-03,Monthly,2026-02-01,2026-02-28,Metro,"New Brunswick, NJ metro area",415,27.78,146,-7.68,5.1,1.17,1.79,-0.12
2026-09-03,Monthly,2026-02-01,2026-02-28,Metro,"New York, NY metro area",1799,3.54,712,-0.61,6.39,0.35,2.49,0.03
2026-09-03,Monthly,2026-02-01,2026-02-28,Metro,"Newark, NJ metro area",306,25.88,115,13.65,5.44,0.89,2.08,0.12
2026-09-03,Monthly,2026-02-01,2026-02-28,Metro,"Oakland, CA metro area",419,-3.85,228,-0.47,7.35,0.27,4.01,0.27
2026-09-03,Monthly,2026-02-01,2026-02-28,Metro,"Orlando, FL metro area",1073,-1.9,530,16.59,5.86,0.14,2.73,0.51
2026-09-03,Monthly,2026-02-01,2026-02-28,Metro,"Philadelphia, PA metro area",635,7.88,256,-3,7.83,0.59,3.16,-0.09
2026-09-03,Monthly,2026-02-01,2026-02-28,Metro,"Phoenix, AZ metro area",1646,1.67,832,18,4.97,-0.1,2.58,0.35
2026-09-03,Monthly,2026-02-01,2026-02-28,Metro,"Pittsburgh, PA metro area",327,6.32,135,20.16,3.49,0.09,1.41,0.2
2026-09-03,Monthly,2026-02-01,2026-02-28,Metro,"Portland, OR metro area",488,15.39,261,44.13,4.51,0.33,2.39,0.6
2026-09-03,Monthly,2026-02-01,2026-02-28,Metro,"Providence, RI metro area",196,1.4,73,-16.97,4.91,0.08,1.86,-0.38
2026-09-03,Monthly,2026-02-01,2026-02-28,Metro,"Riverside, CA metro area",1131,-31.5,624,35.63,5.83,-2.12,3.3,1.12
2026-09-03,Monthly,2026-02-01,2026-02-28,Metro,"Sacramento, CA metro area",451,-4.12,242,18.75,5.95,-0.38,3.18,0.45
2026-09-03,Monthly,2026-02-01,2026-02-28,Metro,"San Antonio, TX metro area",1124,15.76,455,9.66,5.68,0.6,2.42,0.15
2026-09-03,Monthly,2026-02-01,2026-02-28,Metro,"San Diego, CA metro area",433,-10.76,242,13.54,5.24,-1.07,2.98,0.37
2026-09-03,Monthly,2026-02-01,2026-02-28,Metro,"San Francisco, CA metro area",203,14.55,102,-13.5,7.52,1.65,3.75,-0.12
2026-09-03,Monthly,2026-02-01,2026-02-28,Metro,"San Jose, CA metro area",234,62.51,156,175.18,6.86,2.74,5.09,3.3
2026-09-03,Monthly,2026-02-01,2026-02-28,Metro,"Seattle, WA metro area",703,4.99,361,54.85,6.67,-0.86,3.43,0.78
2026-09-03,Monthly,2026-02-01,2026-02-28,Metro,"St. Louis, MO metro area",512,-10.69,270,17.59,4.83,-1.29,2.59,0.13
2026-09-03,Monthly,2026-02-01,2026-02-28,Metro,"Tampa, FL metro area",1399,3.28,706,10.51,5.61,0.36,2.8,0.37
2026-09-03,Monthly,2026-02-01,2026-02-28,Metro,"Virginia Beach, VA metro area",346,16.74,145,30.42,4.49,0.45,1.92,0.43
2026-09-03,Monthly,2026-02-01,2026-02-28,Metro,"Warren, MI metro area",431,0.54,206,25.45,4.69,-0.4,2.27,0.29
2026-09-03,Monthly,2026-02-01,2026-02-28,Metro,"Washington, DC metro area",1068,17.71,494,54.96,5.72,0.11,2.63,0.67
2026-09-03,Monthly,2026-02-01,2026-02-28,Metro,"West Palm Beach, FL metro area",1039,-8.26,515,3.52,6.55,-0.05,3.18,0.36
2026-09-03,Monthly,2026-01-01,2026-01-31,Metro,"Anaheim, CA metro area",374,9.45,257,73.8,5.09,0.36,3.44,1.45
2026-09-03,Monthly,2026-01-01,2026-01-31,Metro,"Atlanta, GA metro area",4063,132.2,886,14.34,9.24,4.22,1.96,-0.21
2026-09-03,Monthly,2026-01-01,2026-01-31,Metro,"Austin, TX metro area",1032,8.02,424,12.81,5.93,-0.04,2.48,0.13
2026-09-03,Monthly,2026-01-01,2026-01-31,Metro,"Baltimore, MD metro area",564,33.88,232,4.18,5.35,0.6,2.22,-0.27
2026-09-03,Monthly,2026-01-01,2026-01-31,Metro,"Boston, MA metro area",751,25.88,355,15,7.06,0.77,3.4,0.13
2026-09-03,Monthly,2026-01-01,2026-01-31,Metro,"Charlotte, NC metro area",765,27.68,277,21.81,4.76,0.5,1.59,0.04
2026-09-03,Monthly,2026-01-01,2026-01-31,Metro,"Chicago, IL metro area",919,-22.39,503,-10.85,3.61,-0.88,2,-0.16
2026-09-03,Monthly,2026-01-01,2026-01-31,Metro,"Cincinnati, OH metro area",309,19.78,152,27.02,3.75,0.38,1.77,0.29
2026-09-03,Monthly,2026-01-01,2026-01-31,Metro,"Cleveland, OH metro area",348,14.15,160,28.81,5.01,0.4,2.29,0.42
2026-09-03,Monthly,2026-01-01,2026-01-31,Metro,"Columbus, OH metro area",372,20.19,162,18.44,4.32,0.37,1.93,0.17
2026-09-03,Monthly,2026-01-01,2026-01-31,Metro,"Dallas, TX metro area",2198,24.22,1032,11.32,7.02,1.1,3.36,0.26
2026-09-03,Monthly,2026-01-01,2026-01-31,Metro,"Denver, CO metro area",1069,28.51,480,16.4,6.54,1.08,3.03,0.26
2026-09-03,Monthly,2026-01-01,2026-01-31,Metro,"Detroit, MI metro area",463,6.26,201,7.5,6.4,-0.6,2.67,-0.27
2026-09-03,Monthly,2026-01-01,2026-01-31,Metro,"Fort Lauderdale, FL metro area",1386,-1.09,580,-0.69,6.94,0.36,2.96,0.24
2026-09-03,Monthly,2026-01-01,2026-01-31,Metro,"Fort Worth, TX metro area",813,9.74,417,3.57,6.17,0.55,3.19,0.12
2026-09-03,Monthly,2026-01-01,2026-01-31,Metro,"Houston, TX metro area",2829,22.65,1157,47.01,6.28,0.79,2.52,0.65
2026-09-03,Monthly,2026-01-01,2026-01-31,Metro,"Indianapolis, IN metro area",453,32.9,244,54.45,4.78,0.68,2.56,0.68
2026-09-03,Monthly,2026-01-01,2026-01-31,Metro,"Jacksonville, FL metro area",724,7.36,359,4.31,5.58,0.8,2.83,0.44
2026-09-03,Monthly,2026-01-01,2026-01-31,Metro,"Kansas City, MO metro area",401,23.18,167,7.66,4.37,0.59,1.82,0.06
2026-09-03,Monthly,2026-01-01,2026-01-31,Metro,"Las Vegas, NV metro area",810,42.29,372,25.02,5.84,1.33,2.62,0.28
2026-09-03,Monthly,2026-01-01,2026-01-31,Metro,"Los Angeles, CA metro area",1389,-1.63,730,22.32,6.16,-0.24,3.22,0.52
2026-09-03,Monthly,2026-01-01,2026-01-31,Metro,"Miami, FL metro area",1454,0.67,569,-5.66,6.91,0.19,2.72,-0.16
2026-09-03,Monthly,2026-01-01,2026-01-31,Metro,"Milwaukee, WI metro area",171,13.88,70,18.98,5.09,0.36,1.41,0.14
2026-09-03,Monthly,2026-01-01,2026-01-31,Metro,"Minneapolis, MN metro area",823,16.68,330,35.3,5.89,0.75,2.41,0.54
2026-09-03,Monthly,2026-01-01,2026-01-31,Metro,"Montgomery County, PA metro area",195,-2.84,81,9.48,3.88,-0.48,1.64,0.02
2026-09-03,Monthly,2026-01-01,2026-01-31,Metro,"Nashville, TN metro area",999,29.98,386,-5.95,6.35,1.04,2.57,-0.58
2026-09-03,Monthly,2026-01-01,2026-01-31,Metro,"Nassau County, NY metro area",445,11.57,181,8.25,6.06,0.62,2.46,0.18
2026-09-03,Monthly,2026-01-01,2026-01-31,Metro,"New Brunswick, NJ metro area",368,1.31,146,-2.78,4.37,-0.07,1.73,-0.1
2026-09-03,Monthly,2026-01-01,2026-01-31,Metro,"New York, NY metro area",1708,-5.76,789,7.78,5.87,-0.46,2.74,0.1
2026-09-03,Monthly,2026-01-01,2026-01-31,Metro,"Newark, NJ metro area",285,6.48,112,11.28,4.86,-0.33,2,0.18
2026-09-03,Monthly,2026-01-01,2026-01-31,Metro,"Oakland, CA metro area",440,21.63,257,17.89,7.72,1.57,4.49,0.77
2026-09-03,Monthly,2026-01-01,2026-01-31,Metro,"Orlando, FL metro area",1170,19.54,570,4.66,6.3,1.17,2.7,0.17
2026-09-03,Monthly,2026-01-01,2026-01-31,Metro,"Philadelphia, PA metro area",640,1.13,263,4.92,7.85,-0.21,3.2,0.03
2026-09-03,Monthly,2026-01-01,2026-01-31,Metro,"Phoenix, AZ metro area",1690,16.21,882,22.65,5.34,0.51,2.73,0.38
2026-09-03,Monthly,2026-01-01,2026-01-31,Metro,"Pittsburgh, PA metro area",326,5.26,127,4.05,3.47,0.07,1.34,-0.06
2026-09-03,Monthly,2026-01-01,2026-01-31,Metro,"Portland, OR metro area",509,27.06,256,16.01,4.8,0.82,2.4,0.23
2026-09-03,Monthly,2026-01-01,2026-01-31,Metro,"Providence, RI metro area",233,18.42,101,17.17,5.44,0.55,2.47,0.24
2026-09-03,Monthly,2026-01-01,2026-01-31,Metro,"Riverside, CA metro area",1103,-2.94,622,42.09,5.7,0.03,3.46,1.38
2026-09-03,Monthly,2026-01-01,2026-01-31,Metro,"Sacramento, CA metro area",446,11.75,243,8.53,5.96,0.34,3.16,0.04
2026-09-03,Monthly,2026-01-01,2026-01-31,Metro,"San Antonio, TX metro area",1032,19.86,421,7.82,5.58,0.67,2.31,0.09
2026-09-03,Monthly,2026-01-01,2026-01-31,Metro,"San Diego, CA metro area",456,-62.54,243,21.12,5.82,-9.06,3.06,0.52
2026-09-03,Monthly,2026-01-01,2026-01-31,Metro,"San Francisco, CA metro area",200,5.45,104,-9.12,8,1.5,4.08,0.17
2026-09-03,Monthly,2026-01-01,2026-01-31,Metro,"San Jose, CA metro area",240,137.06,146,102.6,7.36,4.33,5.01,2.58
2026-09-03,Monthly,2026-01-01,2026-01-31,Metro,"Seattle, WA metro area",622,19.7,362,53.47,6.4,0.42,3.59,0.9
2026-09-03,Monthly,2026-01-01,2026-01-31,Metro,"St. Louis, MO metro area",481,-12.53,260,6.62,4.74,-1.52,2.7,-0.11
2026-09-03,Monthly,2026-01-01,2026-01-31,Metro,"Tampa, FL metro area",1422,19.45,729,15.85,5.87,1.1,2.93,0.43
2026-09-03,Monthly,2026-01-01,2026-01-31,Metro,"Virginia Beach, VA metro area",320,19.57,132,18.41,4.07,0.47,1.67,0.09
2026-09-03,Monthly,2026-01-01,2026-01-31,Metro,"Warren, MI metro area",398,-7.05,193,24.4,4.47,-0.67,2.19,0.3
2026-09-03,Monthly,2026-01-01,2026-01-31,Metro,"Washington, DC metro area",1029,24.71,420,36.09,5.63,0.4,2.31,0.35
2026-09-03,Monthly,2026-01-01,2026-01-31,Metro,"West Palm Beach, FL metro area",1116,4.21,531,-0.24,6.94,0.66,3.24,0.2
2026-09-03,Monthly,2025-12-01,2025-12-31,Metro,"Anaheim, CA metro area",468,64.86,188,44.37,6.51,2.4,2.62,0.73
2026-09-03,Monthly,2025-12-01,2025-12-31,Metro,"Atlanta, GA metro area",4551,136.08,888,34.67,9.98,4.37,1.94,0.05
2026-09-03,Monthly,2025-12-01,2025-12-31,Metro,"Austin, TX metro area",1167,20.66,449,24.69,6.33,0.54,2.43,0.27
2026-09-03,Monthly,2025-12-01,2025-12-31,Metro,"Baltimore, MD metro area",627,41.46,223,7.66,5.85,0.95,2.11,-0.22
2026-09-03,Monthly,2025-12-01,2025-12-31,Metro,"Boston, MA metro area",777,31.08,378,39.47,7.21,0.59,3.54,0.51
2026-09-03,Monthly,2025-12-01,2025-12-31,Metro,"Charlotte, NC metro area",860,42.58,262,15.58,7.35,1.13,1.56,0.03
2026-09-03,Monthly,2025-12-01,2025-12-31,Metro,"Chicago, IL metro area",1009,-8.43,532,-5.13,3.9,-0.27,2.1,-0.05
2026-09-03,Monthly,2025-12-01,2025-12-31,Metro,"Cincinnati, OH metro area",360,41.77,114,3.8,4.32,0.98,1.41,-0.03
2026-09-03,Monthly,2025-12-01,2025-12-31,Metro,"Cleveland, OH metro area",376,31.43,136,-4.98,5.37,0.99,1.99,-0.21
2026-09-03,Monthly,2025-12-01,2025-12-31,Metro,"Columbus, OH metro area",428,50.2,147,44.94,5.19,1.38,1.66,0.38
2026-09-03,Monthly,2025-12-01,2025-12-31,Metro,"Dallas, TX metro area",2399,25.56,950,17.48,7.46,0.96,2.83,0.17
2026-09-03,Monthly,2025-12-01,2025-12-31,Metro,"Denver, CO metro area",1136,29.38,449,22.87,6.79,1.14,2.87,0.32
2026-09-03,Monthly,2025-12-01,2025-12-31,Metro,"Detroit, MI metro area",424,3.21,120,-33.53,5.84,-0.77,1.92,-1.31
2026-09-03,Monthly,2025-12-01,2025-12-31,Metro,"Fort Lauderdale, FL metro area",1412,10.8,538,3.49,7.01,0.86,2.72,0.16
2026-09-03,Monthly,2025-12-01,2025-12-31,Metro,"Fort Worth, TX metro area",915,10.23,401,27.7,6.71,0.41,3.02,0.62
2026-09-03,Monthly,2025-12-01,2025-12-31,Metro,"Houston, TX metro area",3067,31.09,1082,37.41,6.49,1.01,2.33,0.45
2026-09-03,Monthly,2025-12-01,2025-12-31,Metro,"Indianapolis, IN metro area",503,29.47,197,11.77,5.17,0.62,2.06,-0.08
2026-09-03,Monthly,2025-12-01,2025-12-31,Metro,"Jacksonville, FL metro area",747,0.97,303,13.82,5.59,0.4,2.3,0.37
2026-09-03,Monthly,2025-12-01,2025-12-31,Metro,"Kansas City, MO metro area",439,13.9,141,-7.96,4.58,0.34,1.51,-0.16
2026-09-03,Monthly,2025-12-01,2025-12-31,Metro,"Las Vegas, NV metro area",912,49.24,301,5.59,6.07,1.16,2.12,-0.25
2026-09-03,Monthly,2025-12-01,2025-12-31,Metro,"Los Angeles, CA metro area",1565,33.2,665,30.2,6.95,1.43,2.97,0.54
2026-09-03,Monthly,2025-12-01,2025-12-31,Metro,"Miami, FL metro area",1583,13.98,572,-2.32,7.55,0.8,2.77,-0.18
2026-09-03,Monthly,2025-12-01,2025-12-31,Metro,"Milwaukee, WI metro area",171,22.56,61,5,5.32,0.38,1.24,0.02
2026-09-03,Monthly,2025-12-01,2025-12-31,Metro,"Minneapolis, MN metro area",812,41.01,304,37.7,5.85,1.55,2.22,0.5
2026-09-03,Monthly,2025-12-01,2025-12-31,Metro,"Montgomery County, PA metro area",222,13.86,106,47.42,4.24,0.12,2.05,0.48
2026-09-03,Monthly,2025-12-01,2025-12-31,Metro,"Nashville, TN metro area",961,20.88,360,15.64,5.99,0.23,2.4,0.12
2026-09-03,Monthly,2025-12-01,2025-12-31,Metro,"Nassau County, NY metro area",416,10.81,174,3.43,5.62,0.34,2.41,0.03
2026-09-03,Monthly,2025-12-01,2025-12-31,Metro,"New Brunswick, NJ metro area",426,11.83,142,-9.28,4.99,0.41,1.67,-0.25
2026-09-03,Monthly,2025-12-01,2025-12-31,Metro,"New York, NY metro area",2043,13.52,718,-6.11,7.06,0.42,2.46,-0.31
2026-09-03,Monthly,2025-12-01,2025-12-31,Metro,"Newark, NJ metro area",304,11.28,104,14.08,5.09,-0.43,1.8,-0.06
2026-09-03,Monthly,2025-12-01,2025-12-31,Metro,"Oakland, CA metro area",492,15.79,189,-17.14,8.26,0.84,3.31,-0.83
2026-09-03,Monthly,2025-12-01,2025-12-31,Metro,"Orlando, FL metro area",1122,16.31,391,4.02,6.08,0.64,2.33,0.12
2026-09-03,Monthly,2025-12-01,2025-12-31,Metro,"Philadelphia, PA metro area",651,7.09,224,-14.88,7.91,0.22,2.71,-0.58
2026-09-03,Monthly,2025-12-01,2025-12-31,Metro,"Phoenix, AZ metro area",1678,18.98,833,22.84,5.27,0.48,2.58,0.29
2026-09-03,Monthly,2025-12-01,2025-12-31,Metro,"Pittsburgh, PA metro area",363,24.52,108,-8.23,4.05,0.75,1.24,0.02
2026-09-03,Monthly,2025-12-01,2025-12-31,Metro,"Portland, OR metro area",528,30.81,184,-12.74,4.92,0.8,1.76,-0.42
2026-09-03,Monthly,2025-12-01,2025-12-31,Metro,"Providence, RI metro area",210,7.13,116,37.38,5.06,-0.09,2.88,0.64
2026-09-03,Monthly,2025-12-01,2025-12-31,Metro,"Riverside, CA metro area",1151,12.25,587,36.64,5.93,0.68,2.92,0.6
2026-09-03,Monthly,2025-12-01,2025-12-31,Metro,"Sacramento, CA metro area",480,13.8,227,34.62,6.4,0.23,3.13,0.59
2026-09-03,Monthly,2025-12-01,2025-12-31,Metro,"San Antonio, TX metro area",1109,13.12,380,3.86,5.73,0.39,1.91,-0.01
2026-09-03,Monthly,2025-12-01,2025-12-31,Metro,"San Diego, CA metro area",470,10.14,199,10.92,5.84,0.1,2.51,0.12
2026-09-03,Monthly,2025-12-01,2025-12-31,Metro,"San Francisco, CA metro area",182,-18.65,87,-23.39,7.73,-0.03,3.47,-0.26
2026-09-03,Monthly,2025-12-01,2025-12-31,Metro,"San Jose, CA metro area",272,164.2,110,44.01,9.57,6.13,4.11,1.42
2026-09-03,Monthly,2025-12-01,2025-12-31,Metro,"Seattle, WA metro area",726,21.53,239,-3.38,7.25,0.02,2.56,-0.6
2026-09-03,Monthly,2025-12-01,2025-12-31,Metro,"St. Louis, MO metro area",556,-10.95,164,-24.81,5.64,-1.69,1.59,-0.75
2026-09-03,Monthly,2025-12-01,2025-12-31,Metro,"Tampa, FL metro area",1447,15.39,602,-12.33,5.96,0.75,2.4,-0.38
2026-09-03,Monthly,2025-12-01,2025-12-31,Metro,"Virginia Beach, VA metro area",330,5.92,123,14.7,4.12,-0.16,1.5,0.04
2026-09-03,Monthly,2025-12-01,2025-12-31,Metro,"Warren, MI metro area",426,9.26,192,7.08,4.75,-0.04,2.18,-0.05
2026-09-03,Monthly,2025-12-01,2025-12-31,Metro,"Washington, DC metro area",1102,32.4,428,34.29,5.97,0.6,2.31,0.23
2026-09-03,Monthly,2025-12-01,2025-12-31,Metro,"West Palm Beach, FL metro area",1083,-2.71,506,1.99,6.66,0.15,3.05,0.18
2026-09-03,Monthly,2025-11-01,2025-11-30,Metro,"Anaheim, CA metro area",378,24.31,201,62.45,5.14,0.68,2.76,0.91
2026-09-03,Monthly,2025-11-01,2025-11-30,Metro,"Atlanta, GA metro area",3697,94.39,828,31.67,8.37,2.63,1.88,-0.01
2026-09-03,Monthly,2025-11-01,2025-11-30,Metro,"Austin, TX metro area",1084,30.07,435,29.56,6.05,0.74,2.42,0.3
2026-09-03,Monthly,2025-11-01,2025-11-30,Metro,"Baltimore, MD metro area",577,30.6,210,7.97,5.43,0.53,2.01,-0.19
2026-09-03,Monthly,2025-11-01,2025-11-30,Metro,"Boston, MA metro area",754,29.29,356,33.34,7.04,0.63,3.37,0.4
2026-09-03,Monthly,2025-11-01,2025-11-30,Metro,"Charlotte, NC metro area",837,48.52,257,12.06,6.11,1.09,1.53,-0.06
2026-09-03,Monthly,2025-11-01,2025-11-30,Metro,"Chicago, IL metro area",949,-14.16,524,-6.69,3.68,-0.54,2.06,-0.1
2026-09-03,Monthly,2025-11-01,2025-11-30,Metro,"Cincinnati, OH metro area",342,29.72,105,-9.19,4.08,0.64,1.27,-0.31
2026-09-03,Monthly,2025-11-01,2025-11-30,Metro,"Cleveland, OH metro area",348,28.35,145,5.09,4.96,0.85,2.04,-0.04
2026-09-03,Monthly,2025-11-01,2025-11-30,Metro,"Columbus, OH metro area",377,41.28,165,37.67,4.29,0.85,1.92,0.34
2026-09-03,Monthly,2025-11-01,2025-11-30,Metro,"Dallas, TX metro area",2264,31.52,974,28.47,6.9,0.96,2.97,0.36
2026-09-03,Monthly,2025-11-01,2025-11-30,Metro,"Denver, CO metro area",1007,29.41,441,19.8,6.25,0.97,2.83,0.23
2026-09-03,Monthly,2025-11-01,2025-11-30,Metro,"Detroit, MI metro area",478,35.1,178,11.43,6.6,0.93,2.48,-0.09
2026-09-03,Monthly,2025-11-01,2025-11-30,Metro,"Fort Lauderdale, FL metro area",1429,14.14,580,17.53,6.94,0.78,2.85,0.38
2026-09-03,Monthly,2025-11-01,2025-11-30,Metro,"Fort Worth, TX metro area",868,23.32,390,8.56,6.62,1.15,2.9,0.17
2026-09-03,Monthly,2025-11-01,2025-11-30,Metro,"Houston, TX metro area",3009,42.4,1011,40.31,6.45,1.36,2.21,0.42
2026-09-03,Monthly,2025-11-01,2025-11-30,Metro,"Indianapolis, IN metro area",480,33.63,209,43.7,5.08,0.6,2.16,0.38
2026-09-03,Monthly,2025-11-01,2025-11-30,Metro,"Jacksonville, FL metro area",707,0.33,301,-1.15,5.2,0.22,2.26,0.02
2026-09-03,Monthly,2025-11-01,2025-11-30,Metro,"Kansas City, MO metro area",409,36.42,168,41.61,4.41,0.9,1.74,0.43
2026-09-03,Monthly,2025-11-01,2025-11-30,Metro,"Las Vegas, NV metro area",843,43.37,302,24.55,5.65,0.81,2.14,0.08
2026-09-03,Monthly,2025-11-01,2025-11-30,Metro,"Los Angeles, CA metro area",1471,27.64,689,37.21,6.56,0.98,3.05,0.61
2026-09-03,Monthly,2025-11-01,2025-11-30,Metro,"Miami, FL metro area",1420,5.77,623,15.03,6.48,-0.11,2.95,0.18
2026-09-03,Monthly,2025-11-01,2025-11-30,Metro,"Milwaukee, WI metro area",172,37.55,65,34.6,4.57,1,1.26,0.24
2026-09-03,Monthly,2025-11-01,2025-11-30,Metro,"Minneapolis, MN metro area",675,18.74,316,44.16,4.92,0.57,2.32,0.61
2026-09-03,Monthly,2025-11-01,2025-11-30,Metro,"Montgomery County, PA metro area",229,27.19,83,-7.02,4.28,0.54,1.56,-0.28
2026-09-03,Monthly,2025-11-01,2025-11-30,Metro,"Nashville, TN metro area",985,26.57,349,17.48,6.17,0.54,2.35,0.16
2026-09-03,Monthly,2025-11-01,2025-11-30,Metro,"Nassau County, NY metro area",409,-0.82,171,-5.53,5.46,-0.24,2.3,-0.2
2026-09-03,Monthly,2025-11-01,2025-11-30,Metro,"New Brunswick, NJ metro area",417,14.13,167,18.12,4.72,0.33,1.92,0.2
2026-09-03,Monthly,2025-11-01,2025-11-30,Metro,"New York, NY metro area",1799,3.16,741,-3.41,6.26,-0.06,2.55,-0.26
2026-09-03,Monthly,2025-11-01,2025-11-30,Metro,"Newark, NJ metro area",297,15.73,110,14.95,4.83,-0.19,1.86,-0.05
2026-09-03,Monthly,2025-11-01,2025-11-30,Metro,"Oakland, CA metro area",446,17.76,226,31.89,7.68,0.61,3.92,0.67
2026-09-03,Monthly,2025-11-01,2025-11-30,Metro,"Orlando, FL metro area",1166,24.03,424,23.59,6.33,1.05,2.43,0.37
2026-09-03,Monthly,2025-11-01,2025-11-30,Metro,"Philadelphia, PA metro area",613,0.96,249,-1.9,7.41,-0.25,2.99,-0.19
2026-09-03,Monthly,2025-11-01,2025-11-30,Metro,"Phoenix, AZ metro area",1700,27.23,817,26.37,5.37,0.68,2.54,0.29
2026-09-03,Monthly,2025-11-01,2025-11-30,Metro,"Pittsburgh, PA metro area",340,18.29,113,33.1,3.58,0.34,1.23,0.24
2026-09-03,Monthly,2025-11-01,2025-11-30,Metro,"Portland, OR metro area",502,28.73,223,52.51,4.77,0.61,2.15,0.57
2026-09-03,Monthly,2025-11-01,2025-11-30,Metro,"Providence, RI metro area",206,15.16,89,7.32,4.83,0.28,2.07,-0.07
2026-09-03,Monthly,2025-11-01,2025-11-30,Metro,"Riverside, CA metro area",1122,18.24,562,24.27,5.8,0.76,2.88,0.46
2026-09-03,Monthly,2025-11-01,2025-11-30,Metro,"Sacramento, CA metro area",438,1.69,237,36.96,5.89,-0.49,3.21,0.61
2026-09-03,Monthly,2025-11-01,2025-11-30,Metro,"San Antonio, TX metro area",1053,15.58,401,10.5,5.44,0.35,1.96,0.01
2026-09-03,Monthly,2025-11-01,2025-11-30,Metro,"San Diego, CA metro area",466,19.22,211,23.79,5.95,0.58,2.69,0.36
2026-09-03,Monthly,2025-11-01,2025-11-30,Metro,"San Francisco, CA metro area",179,-13.89,119,2.55,7.22,-0.06,4.92,0.93
2026-09-03,Monthly,2025-11-01,2025-11-30,Metro,"San Jose, CA metro area",225,110.85,97,26.19,8.34,4.78,3.74,1.05
2026-09-03,Monthly,2025-11-01,2025-11-30,Metro,"Seattle, WA metro area",736,30.91,247,7.77,7.65,0.79,2.67,-0.29
2026-09-03,Monthly,2025-11-01,2025-11-30,Metro,"St. Louis, MO metro area",492,-9.69,243,30.67,4.73,-1.6,2.45,0.36
2026-09-03,Monthly,2025-11-01,2025-11-30,Metro,"Tampa, FL metro area",1402,12.45,713,5.95,5.73,0.29,2.86,0.09
2026-09-03,Monthly,2025-11-01,2025-11-30,Metro,"Virginia Beach, VA metro area",344,26.1,120,2.8,4.18,0.35,1.43,-0.15
2026-09-03,Monthly,2025-11-01,2025-11-30,Metro,"Warren, MI metro area",393,11.17,180,-3.51,4.38,0.03,2.04,-0.28
2026-09-03,Monthly,2025-11-01,2025-11-30,Metro,"Washington, DC metro area",1078,44.46,417,20.48,5.94,0.99,2.29,0.01
2026-09-03,Monthly,2025-11-01,2025-11-30,Metro,"West Palm Beach, FL metro area",1119,7.24,584,4.09,6.86,0.55,3.44,0.14
2026-09-03,Monthly,2025-10-01,2025-10-31,Metro,"Anaheim, CA metro area",365,22.95,168,54.21,4.99,0.58,2.32,0.67
2026-09-03,Monthly,2025-10-01,2025-10-31,Metro,"Atlanta, GA metro area",2351,29.22,852,29.78,5.57,-0.03,1.98,0.01
2026-09-03,Monthly,2025-10-01,2025-10-31,Metro,"Austin, TX metro area",977,7.16,453,22.58,5.58,-0.17,2.54,0.2
2026-09-03,Monthly,2025-10-01,2025-10-31,Metro,"Baltimore, MD metro area",523,21.16,245,24.1,4.98,0.11,2.38,0.11
2026-09-03,Monthly,2025-10-01,2025-10-31,Metro,"Boston, MA metro area",730,24.82,341,21.1,6.93,0.66,3.27,0.19
2026-09-03,Monthly,2025-10-01,2025-10-31,Metro,"Charlotte, NC metro area",778,37.93,269,29.05,5.33,0.47,1.6,0.13
2026-09-03,Monthly,2025-10-01,2025-10-31,Metro,"Chicago, IL metro area",1024,-1.93,553,0,3.95,-0.06,2.16,0.02
2026-09-03,Monthly,2025-10-01,2025-10-31,Metro,"Cincinnati, OH metro area",281,3.52,119,2.12,3.34,-0.21,1.47,-0.08
2026-09-03,Monthly,2025-10-01,2025-10-31,Metro,"Cleveland, OH metro area",347,15,143,28.6,4.87,0.21,2.09,0.32
2026-09-03,Monthly,2025-10-01,2025-10-31,Metro,"Columbus, OH metro area",324,29.57,150,28.18,3.74,0.46,1.72,0.16
2026-09-03,Monthly,2025-10-01,2025-10-31,Metro,"Dallas, TX metro area",2101,25.48,990,17.76,6.46,0.6,3.03,0.06
2026-09-03,Monthly,2025-10-01,2025-10-31,Metro,"Denver, CO metro area",904,21.75,462,39.09,5.85,0.65,2.98,0.6
2026-09-03,Monthly,2025-10-01,2025-10-31,Metro,"Detroit, MI metro area",400,-0.26,210,36.8,5.57,-0.79,2.87,0.45
2026-09-03,Monthly,2025-10-01,2025-10-31,Metro,"Fort Lauderdale, FL metro area",1394,19.24,642,48.65,6.86,0.83,3.14,0.96
2026-09-03,Monthly,2025-10-01,2025-10-31,Metro,"Fort Worth, TX metro area",850,16.47,388,13.98,6.54,0.8,2.93,0.31
2026-09-03,Monthly,2025-10-01,2025-10-31,Metro,"Houston, TX metro area",3108,47.17,1016,41.65,6.52,1.33,2.22,0.4
2026-09-03,Monthly,2025-10-01,2025-10-31,Metro,"Indianapolis, IN metro area",440,30.95,181,16.29,4.69,0.48,1.91,-0.01
2026-09-03,Monthly,2025-10-01,2025-10-31,Metro,"Jacksonville, FL metro area",759,15.29,326,30.02,5.41,0.61,2.37,0.51
2026-09-03,Monthly,2025-10-01,2025-10-31,Metro,"Kansas City, MO metro area",377,9.34,167,17.29,4.18,0.3,1.77,0.21
2026-09-03,Monthly,2025-10-01,2025-10-31,Metro,"Las Vegas, NV metro area",830,47.81,333,44.84,5.59,0.92,2.38,0.39
2026-09-03,Monthly,2025-10-01,2025-10-31,Metro,"Los Angeles, CA metro area",1367,18.49,686,43.79,6.12,0.43,3.04,0.71
2026-09-03,Monthly,2025-10-01,2025-10-31,Metro,"Miami, FL metro area",1542,17.74,651,29.17,7.21,0.38,3.04,0.42
2026-09-03,Monthly,2025-10-01,2025-10-31,Metro,"Milwaukee, WI metro area",162,15.51,70,37.14,3.59,0.21,1.4,0.34
2026-09-03,Monthly,2025-10-01,2025-10-31,Metro,"Minneapolis, MN metro area",625,28.96,308,43.99,4.68,0.91,2.29,0.61
2026-09-03,Monthly,2025-10-01,2025-10-31,Metro,"Montgomery County, PA metro area",206,18.28,85,23.58,3.95,0.29,1.54,0.15
2026-09-03,Monthly,2025-10-01,2025-10-31,Metro,"Nashville, TN metro area",943,21.34,349,17.81,5.84,0.3,2.32,0.13
2026-09-03,Monthly,2025-10-01,2025-10-31,Metro,"Nassau County, NY metro area",406,2.9,170,-8.66,5.36,-0.1,2.23,-0.36
2026-09-03,Monthly,2025-10-01,2025-10-31,Metro,"New Brunswick, NJ metro area",392,3.62,180,26.59,4.41,-0.1,2.05,0.33
2026-09-03,Monthly,2025-10-01,2025-10-31,Metro,"New York, NY metro area",1767,-1.86,732,2.73,5.91,-0.74,2.5,-0.13
2026-09-03,Monthly,2025-10-01,2025-10-31,Metro,"Newark, NJ metro area",271,0.12,104,11.2,4.43,-0.65,1.85,-0.06
2026-09-03,Monthly,2025-10-01,2025-10-31,Metro,"Oakland, CA metro area",426,9.68,286,85.05,7.41,0.2,4.98,2.08
2026-09-03,Monthly,2025-10-01,2025-10-31,Metro,"Orlando, FL metro area",1119,26.41,456,43.84,5.84,0.8,2.52,0.63
2026-09-03,Monthly,2025-10-01,2025-10-31,Metro,"Philadelphia, PA metro area",652,17.49,255,9.17,7.93,0.74,3.1,0.09
2026-09-03,Monthly,2025-10-01,2025-10-31,Metro,"Phoenix, AZ metro area",1680,30.94,933,50.94,5.2,0.65,2.88,0.71
2026-09-03,Monthly,2025-10-01,2025-10-31,Metro,"Pittsburgh, PA metro area",340,31.59,116,-4.11,3.47,0.49,1.32,-0.12
2026-09-03,Monthly,2025-10-01,2025-10-31,Metro,"Portland, OR metro area",466,22.53,228,43.81,4.48,0.42,2.21,0.48
2026-09-03,Monthly,2025-10-01,2025-10-31,Metro,"Providence, RI metro area",241,32.55,98,7.63,5.54,0.83,2.25,-0.08
2026-09-03,Monthly,2025-10-01,2025-10-31,Metro,"Riverside, CA metro area",1138,24.5,634,47.58,5.8,0.77,3.25,0.97
2026-09-03,Monthly,2025-10-01,2025-10-31,Metro,"Sacramento, CA metro area",473,31.32,239,28.9,6.33,0.96,3.23,0.44
2026-09-03,Monthly,2025-10-01,2025-10-31,Metro,"San Antonio, TX metro area",1013,20.29,398,10.91,5.36,0.44,1.98,0.03
2026-09-03,Monthly,2025-10-01,2025-10-31,Metro,"San Diego, CA metro area",474,29.63,207,28.23,5.94,0.96,2.61,0.38
2026-09-03,Monthly,2025-10-01,2025-10-31,Metro,"San Francisco, CA metro area",196,-3.18,111,0.37,7.5,0.52,4.25,0.43
2026-09-03,Monthly,2025-10-01,2025-10-31,Metro,"San Jose, CA metro area",182,34.63,118,48.04,6.56,1.97,4.43,1.62
2026-09-03,Monthly,2025-10-01,2025-10-31,Metro,"Seattle, WA metro area",672,39.16,281,24.67,7.21,1.2,3.12,0.25
2026-09-03,Monthly,2025-10-01,2025-10-31,Metro,"St. Louis, MO metro area",501,-10.53,248,36.11,4.7,-1.61,2.39,0.39
2026-09-03,Monthly,2025-10-01,2025-10-31,Metro,"Tampa, FL metro area",1452,-22.64,663,62.83,5.84,-2.52,2.63,0.87
2026-09-03,Monthly,2025-10-01,2025-10-31,Metro,"Virginia Beach, VA metro area",312,9.77,122,2.88,3.82,-0.11,1.43,-0.15
2026-09-03,Monthly,2025-10-01,2025-10-31,Metro,"Warren, MI metro area",397,3.24,208,49.85,4.43,-0.36,2.35,0.6
2026-09-03,Monthly,2025-10-01,2025-10-31,Metro,"Washington, DC metro area",1063,46.49,462,48.97,5.86,0.97,2.53,0.44
2026-09-03,Monthly,2025-10-01,2025-10-31,Metro,"West Palm Beach, FL metro area",1161,11.67,649,45.31,7,0.58,3.79,1.07
2026-09-03,Monthly,2025-09-01,2025-09-30,Metro,"Anaheim, CA metro area",363,30.26,173,59.98,4.86,0.48,2.37,0.68
2026-09-03,Monthly,2025-09-01,2025-09-30,Metro,"Atlanta, GA metro area",2417,40.74,863,35.45,5.86,0.55,2.06,0.12
2026-09-03,Monthly,2025-09-01,2025-09-30,Metro,"Austin, TX metro area",1058,25.88,437,10.91,5.91,0.52,2.48,-0.05
2026-09-03,Monthly,2025-09-01,2025-09-30,Metro,"Baltimore, MD metro area",523,23.97,231,12.56,5.08,0.23,2.29,-0.09
2026-09-03,Monthly,2025-09-01,2025-09-30,Metro,"Boston, MA metro area",716,31.6,400,43.85,6.76,0.76,3.87,0.74
2026-09-03,Monthly,2025-09-01,2025-09-30,Metro,"Charlotte, NC metro area",744,34.19,270,28.65,4.52,0.46,1.62,0.12
2026-09-03,Monthly,2025-09-01,2025-09-30,Metro,"Chicago, IL metro area",1047,-3.12,610,20.79,4.06,-0.17,2.36,0.39
2026-09-03,Monthly,2025-09-01,2025-09-30,Metro,"Cincinnati, OH metro area",286,9.31,140,35.19,3.56,0.09,1.78,0.4
2026-09-03,Monthly,2025-09-01,2025-09-30,Metro,"Cleveland, OH metro area",326,14.28,161,30.65,4.65,0.06,2.28,0.31
2026-09-03,Monthly,2025-09-01,2025-09-30,Metro,"Columbus, OH metro area",326,27.26,141,11.58,3.69,0.26,1.67,-0.06
2026-09-03,Monthly,2025-09-01,2025-09-30,Metro,"Dallas, TX metro area",2303,51.71,978,23.07,7.03,1.5,3.05,0.14
2026-09-03,Monthly,2025-09-01,2025-09-30,Metro,"Denver, CO metro area",929,32.88,458,37.34,5.95,0.92,2.93,0.48
2026-09-03,Monthly,2025-09-01,2025-09-30,Metro,"Detroit, MI metro area",405,0.22,166,11.82,5.76,-0.68,2.42,0.01
2026-09-03,Monthly,2025-09-01,2025-09-30,Metro,"Fort Lauderdale, FL metro area",1542,25.63,603,26.55,7.33,1.15,2.91,0.48
2026-09-03,Monthly,2025-09-01,2025-09-30,Metro,"Fort Worth, TX metro area",871,24.83,415,11.41,6.64,0.89,3.1,0.14
2026-09-03,Monthly,2025-09-01,2025-09-30,Metro,"Houston, TX metro area",2887,49.95,940,29.58,6.25,1.18,2.04,0.17
2026-09-03,Monthly,2025-09-01,2025-09-30,Metro,"Indianapolis, IN metro area",436,37.59,186,31.38,4.61,0.57,1.99,0.19
2026-09-03,Monthly,2025-09-01,2025-09-30,Metro,"Jacksonville, FL metro area",759,22.13,328,35.47,5.33,0.7,2.33,0.51
2026-09-03,Monthly,2025-09-01,2025-09-30,Metro,"Kansas City, MO metro area",385,19.8,159,-1.03,4.34,0.65,1.72,-0.05
2026-09-03,Monthly,2025-09-01,2025-09-30,Metro,"Las Vegas, NV metro area",806,46.13,325,62.04,5.58,0.87,2.33,0.56
2026-09-03,Monthly,2025-09-01,2025-09-30,Metro,"Los Angeles, CA metro area",1539,41.79,663,30.26,6.73,1.29,2.89,0.35
2026-09-03,Monthly,2025-09-01,2025-09-30,Metro,"Miami, FL metro area",1517,13.22,641,20.25,7.21,0.09,2.96,0.17
2026-09-03,Monthly,2025-09-01,2025-09-30,Metro,"Milwaukee, WI metro area",162,20.53,60,-11.33,3.42,0.32,1.2,-0.2
2026-09-03,Monthly,2025-09-01,2025-09-30,Metro,"Minneapolis, MN metro area",630,36.44,295,34.48,4.74,1.09,2.21,0.47
2026-09-03,Monthly,2025-09-01,2025-09-30,Metro,"Montgomery County, PA metro area",204,16.34,80,-9.41,3.98,0.37,1.45,-0.29
2026-09-03,Monthly,2025-09-01,2025-09-30,Metro,"Nashville, TN metro area",920,27.2,332,9.18,5.83,0.5,2.19,-0.04
2026-09-03,Monthly,2025-09-01,2025-09-30,Metro,"Nassau County, NY metro area",378,-11.02,180,-0.48,4.98,-0.81,2.39,-0.14
2026-09-03,Monthly,2025-09-01,2025-09-30,Metro,"New Brunswick, NJ metro area",402,18.01,153,4.14,4.59,0.37,1.74,-0.07
2026-09-03,Monthly,2025-09-01,2025-09-30,Metro,"New York, NY metro area",1787,1.94,810,2.88,6.05,-0.54,2.76,-0.22
2026-09-03,Monthly,2025-09-01,2025-09-30,Metro,"Newark, NJ metro area",268,7.37,105,9.27,4.74,-0.16,1.99,0.06
2026-09-03,Monthly,2025-09-01,2025-09-30,Metro,"Oakland, CA metro area",464,34.82,260,31.67,8.03,1.52,4.37,0.7
2026-09-03,Monthly,2025-09-01,2025-09-30,Metro,"Orlando, FL metro area",1165,29.17,412,13.77,6.2,1.16,2.31,0.19
2026-09-03,Monthly,2025-09-01,2025-09-30,Metro,"Philadelphia, PA metro area",628,4.63,260,0.2,7.7,-0.03,3.09,-0.18
2026-09-03,Monthly,2025-09-01,2025-09-30,Metro,"Phoenix, AZ metro area",1715,37.23,899,41.73,5.31,0.84,2.78,0.51
2026-09-03,Monthly,2025-09-01,2025-09-30,Metro,"Pittsburgh, PA metro area",318,6.63,115,-0.03,3.38,-0.02,1.28,-0.11
2026-09-03,Monthly,2025-09-01,2025-09-30,Metro,"Portland, OR metro area",474,30.18,192,-9.7,4.48,0.53,1.85,-0.47
2026-09-03,Monthly,2025-09-01,2025-09-30,Metro,"Providence, RI metro area",210,21.9,112,50.32,5.01,0.39,2.57,0.66
2026-09-03,Monthly,2025-09-01,2025-09-30,Metro,"Riverside, CA metro area",1216,41.1,584,39.86,6.04,1.16,2.92,0.54
2026-09-03,Monthly,2025-09-01,2025-09-30,Metro,"Sacramento, CA metro area",478,29.56,227,17.74,6.33,0.77,3,0.06
2026-09-03,Monthly,2025-09-01,2025-09-30,Metro,"San Antonio, TX metro area",1047,19.61,361,2.17,5.35,0.41,1.86,-0.09
2026-09-03,Monthly,2025-09-01,2025-09-30,Metro,"San Diego, CA metro area",482,36.94,215,30.86,5.89,0.98,2.67,0.35
2026-09-03,Monthly,2025-09-01,2025-09-30,Metro,"San Francisco, CA metro area",220,21.18,107,-18.8,8.31,1.91,4.01,-0.64
2026-09-03,Monthly,2025-09-01,2025-09-30,Metro,"San Jose, CA metro area",201,64.3,137,80.63,7.46,3.18,5.15,2.49
2026-09-03,Monthly,2025-09-01,2025-09-30,Metro,"Seattle, WA metro area",636,31.41,250,13.35,6.92,0.7,2.75,-0.11
2026-09-03,Monthly,2025-09-01,2025-09-30,Metro,"St. Louis, MO metro area",498,-5.85,273,64.36,4.72,-1.16,2.89,0.96
2026-09-03,Monthly,2025-09-01,2025-09-30,Metro,"Tampa, FL metro area",1599,-2.79,644,42.43,5.94,-0.21,2.55,0.7
2026-09-03,Monthly,2025-09-01,2025-09-30,Metro,"Virginia Beach, VA metro area",334,55.41,132,19.02,4.09,1.1,1.57,0.05
2026-09-03,Monthly,2025-09-01,2025-09-30,Metro,"Warren, MI metro area",419,19.45,177,13.6,4.79,0.4,2.05,0.06
2026-09-03,Monthly,2025-09-01,2025-09-30,Metro,"Washington, DC metro area",1031,41.64,459,49.74,5.74,0.76,2.54,0.45
2026-09-03,Monthly,2025-09-01,2025-09-30,Metro,"West Palm Beach, FL metro area",1228,14.14,580,24.05,7.2,0.69,3.4,0.58
2026-09-03,Monthly,2025-08-01,2025-08-31,Metro,"Anaheim, CA metro area",401,51.38,173,64,5.32,1,2.35,0.58
2026-09-03,Monthly,2025-08-01,2025-08-31,Metro,"Atlanta, GA metro area",2352,16.69,757,35.64,5.71,-0.47,1.91,0.16
2026-09-03,Monthly,2025-08-01,2025-08-31,Metro,"Austin, TX metro area",1115,21.89,394,17.07,6.36,0.35,2.24,0.04
2026-09-03,Monthly,2025-08-01,2025-08-31,Metro,"Baltimore, MD metro area",492,18.04,202,1.33,4.88,-0.06,2,-0.38
2026-09-03,Monthly,2025-08-01,2025-08-31,Metro,"Boston, MA metro area",738,31.79,337,27.27,7.14,0.92,3.37,0.28
2026-09-03,Monthly,2025-08-01,2025-08-31,Metro,"Charlotte, NC metro area",725,29.27,254,22.07,4.25,0.15,1.56,0.07
2026-09-03,Monthly,2025-08-01,2025-08-31,Metro,"Chicago, IL metro area",1097,-29.57,600,-39.27,4.29,-1.87,2.31,-1.57
2026-09-03,Monthly,2025-08-01,2025-08-31,Metro,"Cincinnati, OH metro area",311,15.41,118,24.26,4.05,0.27,1.53,0.19
2026-09-03,Monthly,2025-08-01,2025-08-31,Metro,"Cleveland, OH metro area",320,5.18,142,16.15,4.61,-0.27,2.02,0.02
2026-09-03,Monthly,2025-08-01,2025-08-31,Metro,"Columbus, OH metro area",341,31.09,167,67.23,4.07,0.5,2,0.61
2026-09-03,Monthly,2025-08-01,2025-08-31,Metro,"Dallas, TX metro area",2227,40.02,981,31.39,6.88,0.91,3.05,0.2
2026-09-03,Monthly,2025-08-01,2025-08-31,Metro,"Denver, CO metro area",1021,45.98,451,53.38,6.4,1.19,2.83,0.65
2026-09-03,Monthly,2025-08-01,2025-08-31,Metro,"Detroit, MI metro area",405,-2.85,180,-0.05,6.01,-0.65,2.55,-0.23
2026-09-03,Monthly,2025-08-01,2025-08-31,Metro,"Fort Lauderdale, FL metro area",1610,23.05,578,29.85,7.41,0.8,2.74,0.43
2026-09-03,Monthly,2025-08-01,2025-08-31,Metro,"Fort Worth, TX metro area",864,24.23,370,7.03,6.64,0.84,2.79,-0.04
2026-09-03,Monthly,2025-08-01,2025-08-31,Metro,"Houston, TX metro area",2973,54.96,946,48.13,6.31,1.13,2.06,0.37
2026-09-03,Monthly,2025-08-01,2025-08-31,Metro,"Indianapolis, IN metro area",438,30.43,176,-5.87,4.71,0.39,1.94,-0.48
2026-09-03,Monthly,2025-08-01,2025-08-31,Metro,"Jacksonville, FL metro area",782,21.52,291,19.42,5.36,0.63,2.06,0.23
2026-09-03,Monthly,2025-08-01,2025-08-31,Metro,"Kansas City, MO metro area",332,-2.48,146,-10.14,3.92,-0.07,1.61,-0.27
2026-09-03,Monthly,2025-08-01,2025-08-31,Metro,"Las Vegas, NV metro area",866,81.22,311,57.72,6.01,1.72,2.22,0.42
2026-09-03,Monthly,2025-08-01,2025-08-31,Metro,"Los Angeles, CA metro area",1538,39.82,617,28.77,6.65,0.95,2.67,0.2
2026-09-03,Monthly,2025-08-01,2025-08-31,Metro,"Miami, FL metro area",1605,26.32,620,16.26,7.6,0.82,2.8,-0.03
2026-09-03,Monthly,2025-08-01,2025-08-31,Metro,"Milwaukee, WI metro area",145,9.06,70,47.75,2.82,0.12,1.42,0.39
2026-09-03,Monthly,2025-08-01,2025-08-31,Metro,"Minneapolis, MN metro area",635,41.27,286,42.86,4.82,1.1,2.16,0.53
2026-09-03,Monthly,2025-08-01,2025-08-31,Metro,"Montgomery County, PA metro area",222,44.55,76,2.98,4.11,0.61,1.45,-0.08
2026-09-03,Monthly,2025-08-01,2025-08-31,Metro,"Nashville, TN metro area",952,31.29,362,34.14,6.13,0.67,2.39,0.3
2026-09-03,Monthly,2025-08-01,2025-08-31,Metro,"Nassau County, NY metro area",396,7.19,165,-4.98,5.22,0.02,2.16,-0.25
2026-09-03,Monthly,2025-08-01,2025-08-31,Metro,"New Brunswick, NJ metro area",418,28.72,145,35.24,4.81,0.69,1.65,0.31
2026-09-03,Monthly,2025-08-01,2025-08-31,Metro,"New York, NY metro area",1839,-1.15,722,-4.34,6.29,-0.96,2.46,-0.42
2026-09-03,Monthly,2025-08-01,2025-08-31,Metro,"Newark, NJ metro area",313,25.79,90,3.19,5.44,0.43,1.72,0.04
2026-09-03,Monthly,2025-08-01,2025-08-31,Metro,"Oakland, CA metro area",479,25.43,237,31.52,8.1,0.6,3.98,0.45
2026-09-03,Monthly,2025-08-01,2025-08-31,Metro,"Orlando, FL metro area",1183,31.88,421,25.68,6.3,1.14,2.31,0.31
2026-09-03,Monthly,2025-08-01,2025-08-31,Metro,"Philadelphia, PA metro area",638,19.07,231,0.8,7.88,0.88,2.87,-0.11
2026-09-03,Monthly,2025-08-01,2025-08-31,Metro,"Phoenix, AZ metro area",1831,41.72,835,48.36,5.7,0.85,2.59,0.5
2026-09-03,Monthly,2025-08-01,2025-08-31,Metro,"Pittsburgh, PA metro area",303,-4.06,148,55.04,3.23,-0.48,1.46,0.36
2026-09-03,Monthly,2025-08-01,2025-08-31,Metro,"Portland, OR metro area",486,14.62,202,44.25,4.6,-0.07,1.97,0.35
2026-09-03,Monthly,2025-08-01,2025-08-31,Metro,"Providence, RI metro area",258,34.38,89,10.53,5.84,0.81,2.07,-0.08
2026-09-03,Monthly,2025-08-01,2025-08-31,Metro,"Riverside, CA metro area",1273,43.74,542,28.88,6.18,1.06,2.66,0.21
2026-09-03,Monthly,2025-08-01,2025-08-31,Metro,"Sacramento, CA metro area",512,45.94,205,35.54,6.7,1.13,2.77,0.32
2026-09-03,Monthly,2025-08-01,2025-08-31,Metro,"San Antonio, TX metro area",1039,12.16,360,16.65,5.54,0.17,1.85,0.08
2026-09-03,Monthly,2025-08-01,2025-08-31,Metro,"San Diego, CA metro area",514,45.95,199,29.42,6.49,1.15,2.44,0.18
2026-09-03,Monthly,2025-08-01,2025-08-31,Metro,"San Francisco, CA metro area",218,0.55,128,17.97,8.33,0.4,4.9,1.09
2026-09-03,Monthly,2025-08-01,2025-08-31,Metro,"San Jose, CA metro area",246,90.72,100,34.98,9.34,4.4,3.68,0.92
2026-09-03,Monthly,2025-08-01,2025-08-31,Metro,"Seattle, WA metro area",658,33.51,249,55.93,7.21,0.66,2.83,0.64
2026-09-03,Monthly,2025-08-01,2025-08-31,Metro,"St. Louis, MO metro area",509,-3.6,216,33.71,4.88,-1.13,2.31,0.38
2026-09-03,Monthly,2025-08-01,2025-08-31,Metro,"Tampa, FL metro area",1652,17.22,598,24.83,6.13,0.57,2.33,0.38
2026-09-03,Monthly,2025-08-01,2025-08-31,Metro,"Virginia Beach, VA metro area",306,22.25,124,30.6,3.76,0.19,1.47,0.22
2026-09-03,Monthly,2025-08-01,2025-08-31,Metro,"Warren, MI metro area",391,8.39,193,70.96,4.55,-0.15,2.28,0.78
2026-09-03,Monthly,2025-08-01,2025-08-31,Metro,"Washington, DC metro area",1152,67.04,375,28.85,6.52,1.64,2.11,0.06
2026-09-03,Monthly,2025-08-01,2025-08-31,Metro,"West Palm Beach, FL metro area",1286,21.96,559,38.56,7.36,1.02,3.24,0.78
2026-09-03,Monthly,2025-07-01,2025-07-31,Metro,"Anaheim, CA metro area",410,73.45,129,20.52,5.34,1.38,1.76,-0.1
2026-09-03,Monthly,2025-07-01,2025-07-31,Metro,"Atlanta, GA metro area",2132,-2.44,728,33.76,5.36,-1.35,1.93,0.19
2026-09-03,Monthly,2025-07-01,2025-07-31,Metro,"Austin, TX metro area",1171,19.65,397,22.09,6.4,0.12,2.21,0.1
2026-09-03,Monthly,2025-07-01,2025-07-31,Metro,"Baltimore, MD metro area",524,11.11,197,9.94,5.3,-0.22,1.98,-0.1
2026-09-03,Monthly,2025-07-01,2025-07-31,Metro,"Boston, MA metro area",781,38.17,308,19.44,7.27,1.07,3.03,0.05
2026-09-03,Monthly,2025-07-01,2025-07-31,Metro,"Charlotte, NC metro area",715,32.28,261,33.97,4.02,0.28,1.59,0.16
2026-09-03,Monthly,2025-07-01,2025-07-31,Metro,"Chicago, IL metro area",1122,6.76,561,-4.31,4.35,0.2,2.15,-0.14
2026-09-03,Monthly,2025-07-01,2025-07-31,Metro,"Cincinnati, OH metro area",291,11.49,124,33.85,3.75,0.11,1.62,0.28
2026-09-03,Monthly,2025-07-01,2025-07-31,Metro,"Cleveland, OH metro area",389,46.1,134,29.2,5.59,1.17,1.97,0.2
2026-09-03,Monthly,2025-07-01,2025-07-31,Metro,"Columbus, OH metro area",356,26.84,133,25.07,4.18,0.33,1.58,0.1
2026-09-03,Monthly,2025-07-01,2025-07-31,Metro,"Dallas, TX metro area",2330,53.06,826,18.58,7.15,1.23,2.55,-0.16
2026-09-03,Monthly,2025-07-01,2025-07-31,Metro,"Denver, CO metro area",1061,65.81,423,49.88,6.46,1.64,2.64,0.52
2026-09-03,Monthly,2025-07-01,2025-07-31,Metro,"Detroit, MI metro area",422,4.43,194,25.15,6.42,-0.11,2.84,0.34
2026-09-03,Monthly,2025-07-01,2025-07-31,Metro,"Fort Lauderdale, FL metro area",1772,48.32,547,27.83,8,1.85,2.52,0.27
2026-09-03,Monthly,2025-07-01,2025-07-31,Metro,"Fort Worth, TX metro area",915,20.58,371,19.77,6.68,0.43,2.78,0.14
2026-09-03,Monthly,2025-07-01,2025-07-31,Metro,"Houston, TX metro area",2764,37.14,955,136.54,5.88,0.24,2.08,0.94
2026-09-03,Monthly,2025-07-01,2025-07-31,Metro,"Indianapolis, IN metro area",460,46.7,175,43.3,4.99,0.88,1.92,0.31
2026-09-03,Monthly,2025-07-01,2025-07-31,Metro,"Jacksonville, FL metro area",808,-0.36,290,25.04,5.54,-0.34,2.02,0.29
2026-09-03,Monthly,2025-07-01,2025-07-31,Metro,"Kansas City, MO metro area",362,16.33,144,20.2,4.18,0.52,1.6,0.2
2026-09-03,Monthly,2025-07-01,2025-07-31,Metro,"Las Vegas, NV metro area",847,84.41,254,20.84,5.99,1.67,1.8,-0.19
2026-09-03,Monthly,2025-07-01,2025-07-31,Metro,"Los Angeles, CA metro area",1564,40.63,640,32.61,6.77,0.96,2.75,0.24
2026-09-03,Monthly,2025-07-01,2025-07-31,Metro,"Miami, FL metro area",1562,27.27,593,17.77,7.46,0.63,2.61,-0.08
2026-09-03,Monthly,2025-07-01,2025-07-31,Metro,"Milwaukee, WI metro area",135,-2.63,66,13.65,2.25,-0.22,1.33,-0.02
2026-09-03,Monthly,2025-07-01,2025-07-31,Metro,"Minneapolis, MN metro area",687,71.11,278,35.09,5.22,1.88,2.1,0.42
2026-09-03,Monthly,2025-07-01,2025-07-31,Metro,"Montgomery County, PA metro area",176,-1.48,79,28.79,3.66,-0.07,1.47,0.2
2026-09-03,Monthly,2025-07-01,2025-07-31,Metro,"Nashville, TN metro area",913,34.21,335,16.08,5.79,0.53,2.21,-0.01
2026-09-03,Monthly,2025-07-01,2025-07-31,Metro,"Nassau County, NY metro area",437,16.78,179,1.66,5.69,0.45,2.34,-0.14
2026-09-03,Monthly,2025-07-01,2025-07-31,Metro,"New Brunswick, NJ metro area",413,34.87,152,29.64,4.74,0.86,1.73,0.26
2026-09-03,Monthly,2025-07-01,2025-07-31,Metro,"New York, NY metro area",2028,-19.32,739,8.99,7.15,-2.47,2.47,-0.04
2026-09-03,Monthly,2025-07-01,2025-07-31,Metro,"Newark, NJ metro area",286,2.99,90,-7.83,4.94,-0.45,1.69,-0.33
2026-09-03,Monthly,2025-07-01,2025-07-31,Metro,"Oakland, CA metro area",540,38.56,252,63.28,8.73,1.22,4.16,1.14
2026-09-03,Monthly,2025-07-01,2025-07-31,Metro,"Orlando, FL metro area",1230,44.71,398,32.82,6.32,1.37,2.1,0.28
2026-09-03,Monthly,2025-07-01,2025-07-31,Metro,"Philadelphia, PA metro area",648,7.23,245,11.88,7.95,0.04,2.97,0.13
2026-09-03,Monthly,2025-07-01,2025-07-31,Metro,"Phoenix, AZ metro area",1886,51.84,733,35.54,5.81,1.07,2.21,0.17
2026-09-03,Monthly,2025-07-01,2025-07-31,Metro,"Pittsburgh, PA metro area",326,27.49,108,14.57,3.48,0.48,1.21,0.02
2026-09-03,Monthly,2025-07-01,2025-07-31,Metro,"Portland, OR metro area",510,33.44,178,13.54,4.72,0.5,1.73,-0.08
2026-09-03,Monthly,2025-07-01,2025-07-31,Metro,"Providence, RI metro area",238,24.2,82,-10.89,5.49,0.55,1.91,-0.52
2026-09-03,Monthly,2025-07-01,2025-07-31,Metro,"Riverside, CA metro area",1271,39.5,526,42.97,6.05,0.69,2.57,0.32
2026-09-03,Monthly,2025-07-01,2025-07-31,Metro,"Sacramento, CA metro area",520,42.57,224,54.02,6.67,0.8,2.98,0.52
2026-09-03,Monthly,2025-07-01,2025-07-31,Metro,"San Antonio, TX metro area",1052,11.29,321,7.19,5.52,0.18,1.67,-0.07
2026-09-03,Monthly,2025-07-01,2025-07-31,Metro,"San Diego, CA metro area",564,67.62,190,46.49,6.94,1.9,2.33,0.36
2026-09-03,Monthly,2025-07-01,2025-07-31,Metro,"San Francisco, CA metro area",269,30.59,119,11.52,9.97,2.42,4.18,0.57
2026-09-03,Monthly,2025-07-01,2025-07-31,Metro,"San Jose, CA metro area",259,74.22,108,73.07,9.93,4.16,3.88,1.61
2026-09-03,Monthly,2025-07-01,2025-07-31,Metro,"Seattle, WA metro area",679,41.16,223,33.2,7.26,0.83,2.45,0.14
2026-09-03,Monthly,2025-07-01,2025-07-31,Metro,"St. Louis, MO metro area",515,-3.85,236,32.86,5.07,-0.97,2.55,0.39
2026-09-03,Monthly,2025-07-01,2025-07-31,Metro,"Tampa, FL metro area",1681,33.05,585,36.57,6.08,1.11,2.19,0.46
2026-09-03,Monthly,2025-07-01,2025-07-31,Metro,"Virginia Beach, VA metro area",322,37.56,112,19.13,4.05,0.63,1.4,0.03
2026-09-03,Monthly,2025-07-01,2025-07-31,Metro,"Warren, MI metro area",441,46.6,176,23.26,5.07,1.08,2.05,0.14
2026-09-03,Monthly,2025-07-01,2025-07-31,Metro,"Washington, DC metro area",1111,47.86,333,11.59,6.28,0.99,1.89,-0.2
2026-09-03,Monthly,2025-07-01,2025-07-31,Metro,"West Palm Beach, FL metro area",1286,18.72,493,26.92,7.07,0.62,2.81,0.41
2026-09-03,Monthly,2025-06-01,2025-06-30,Metro,"Anaheim, CA metro area",574,159.23,109,-6.78,7.96,3.98,1.45,-0.64
2026-09-03,Monthly,2025-06-01,2025-06-30,Metro,"Atlanta, GA metro area",2175,13.02,702,40.24,5.58,-0.4,1.89,0.26
2026-09-03,Monthly,2025-06-01,2025-06-30,Metro,"Austin, TX metro area",1267,29.16,403,11.47,6.93,0.74,2.25,-0.13
2026-09-03,Monthly,2025-06-01,2025-06-30,Metro,"Baltimore, MD metro area",499,21.28,193,-2.26,5.03,0.17,1.93,-0.43
2026-09-03,Monthly,2025-06-01,2025-06-30,Metro,"Boston, MA metro area",788,46.35,274,7.52,7.42,1.51,2.71,-0.23
2026-09-03,Monthly,2025-06-01,2025-06-30,Metro,"Charlotte, NC metro area",726,47.75,269,46.54,4,0.8,1.66,0.24
2026-09-03,Monthly,2025-06-01,2025-06-30,Metro,"Chicago, IL metro area",1097,0.8,599,9.79,4.22,-0.15,2.29,0.11
2026-09-03,Monthly,2025-06-01,2025-06-30,Metro,"Cincinnati, OH metro area",278,3.53,126,62.42,3.55,-0.32,1.65,0.49
2026-09-03,Monthly,2025-06-01,2025-06-30,Metro,"Cleveland, OH metro area",396,43.54,166,54,5.69,1.15,2.43,0.65
2026-09-03,Monthly,2025-06-01,2025-06-30,Metro,"Columbus, OH metro area",368,74.11,152,60.41,4.27,1.33,1.77,0.42
2026-09-03,Monthly,2025-06-01,2025-06-30,Metro,"Dallas, TX metro area",2326,57.65,894,45.75,7.12,1.21,2.72,0.26
2026-09-03,Monthly,2025-06-01,2025-06-30,Metro,"Denver, CO metro area",1114,69.13,394,47.35,6.61,1.59,2.45,0.4
2026-09-03,Monthly,2025-06-01,2025-06-30,Metro,"Detroit, MI metro area",431,9.58,148,0.56,6.6,0.18,2.39,-0.06
2026-09-03,Monthly,2025-06-01,2025-06-30,Metro,"Fort Lauderdale, FL metro area",1597,41.27,550,31.29,7.28,1.32,2.55,0.33
2026-09-03,Monthly,2025-06-01,2025-06-30,Metro,"Fort Worth, TX metro area",970,36.81,377,27,7.03,1.18,2.78,0.25
2026-09-03,Monthly,2025-06-01,2025-06-30,Metro,"Houston, TX metro area",2729,43.93,890,73.94,5.94,0.83,1.95,0.58
2026-09-03,Monthly,2025-06-01,2025-06-30,Metro,"Indianapolis, IN metro area",412,17.62,162,41.35,4.5,-0.13,1.79,0.26
2026-09-03,Monthly,2025-06-01,2025-06-30,Metro,"Jacksonville, FL metro area",845,46.9,331,39.33,5.7,1.25,2.27,0.44
2026-09-03,Monthly,2025-06-01,2025-06-30,Metro,"Kansas City, MO metro area",371,7.22,147,19.84,4.14,0.22,1.64,0.2
2026-09-03,Monthly,2025-06-01,2025-06-30,Metro,"Las Vegas, NV metro area",805,73.17,249,11.28,5.75,1.27,1.74,-0.41
2026-09-03,Monthly,2025-06-01,2025-06-30,Metro,"Los Angeles, CA metro area",2126,106.04,570,25.76,9.02,3.51,2.44,0.04
2026-09-03,Monthly,2025-06-01,2025-06-30,Metro,"Miami, FL metro area",1585,29.31,610,23.63,7.26,0.33,2.72,0.05
2026-09-03,Monthly,2025-06-01,2025-06-30,Metro,"Milwaukee, WI metro area",142,3.98,57,17.86,2.02,-0.13,1.2,0.08
2026-09-03,Monthly,2025-06-01,2025-06-30,Metro,"Minneapolis, MN metro area",744,90.13,263,34.1,5.68,2.42,2,0.4
2026-09-03,Monthly,2025-06-01,2025-06-30,Metro,"Montgomery County, PA metro area",191,23.71,81,58.95,3.69,0.22,1.54,0.44
2026-09-03,Monthly,2025-06-01,2025-06-30,Metro,"Nashville, TN metro area",935,30.55,338,28.59,6,0.36,2.19,0.11
2026-09-03,Monthly,2025-06-01,2025-06-30,Metro,"Nassau County, NY metro area",396,3.03,166,-14.67,5.24,-0.09,2.17,-0.54
2026-09-03,Monthly,2025-06-01,2025-06-30,Metro,"New Brunswick, NJ metro area",416,28.01,149,25.57,4.78,0.5,1.72,0.17
2026-09-03,Monthly,2025-06-01,2025-06-30,Metro,"New York, NY metro area",2125,57.94,681,-5.11,7.38,1.99,2.27,-0.47
2026-09-03,Monthly,2025-06-01,2025-06-30,Metro,"Newark, NJ metro area",269,11.21,82,-15.96,4.68,-0.05,1.47,-0.59
2026-09-03,Monthly,2025-06-01,2025-06-30,Metro,"Oakland, CA metro area",580,73.42,206,31.86,9.1,2.63,3.33,0.26
2026-09-03,Monthly,2025-06-01,2025-06-30,Metro,"Orlando, FL metro area",1174,41.49,388,21.98,5.86,1.03,2,0.11
2026-09-03,Monthly,2025-06-01,2025-06-30,Metro,"Philadelphia, PA metro area",667,13.32,217,-2.38,8.09,0.4,2.63,-0.28
2026-09-03,Monthly,2025-06-01,2025-06-30,Metro,"Phoenix, AZ metro area",2034,62.59,692,36.68,6.1,1.36,2.1,0.17
2026-09-03,Monthly,2025-06-01,2025-06-30,Metro,"Pittsburgh, PA metro area",345,17.59,114,22.72,3.72,0.26,1.24,0.12
2026-09-03,Monthly,2025-06-01,2025-06-30,Metro,"Portland, OR metro area",518,36.35,158,1.24,4.79,0.55,1.52,-0.28
2026-09-03,Monthly,2025-06-01,2025-06-30,Metro,"Providence, RI metro area",207,21.86,80,13.19,4.65,0.12,1.82,-0.1
2026-09-03,Monthly,2025-06-01,2025-06-30,Metro,"Riverside, CA metro area",1741,104.15,443,14.22,8.13,2.99,2.23,-0.12
2026-09-03,Monthly,2025-06-01,2025-06-30,Metro,"Sacramento, CA metro area",530,45.98,228,41.95,6.73,0.85,2.99,0.34
2026-09-03,Monthly,2025-06-01,2025-06-30,Metro,"San Antonio, TX metro area",1114,27.47,311,2.71,5.76,0.61,1.69,-0.08
2026-09-03,Monthly,2025-06-01,2025-06-30,Metro,"San Diego, CA metro area",620,82.16,198,51.68,7.61,2.27,2.42,0.4
2026-09-03,Monthly,2025-06-01,2025-06-30,Metro,"San Francisco, CA metro area",290,45.49,95,-7.98,10.36,2.95,3.08,-0.54
2026-09-03,Monthly,2025-06-01,2025-06-30,Metro,"San Jose, CA metro area",264,109.49,82,47.3,9.81,4.89,2.79,0.75
2026-09-03,Monthly,2025-06-01,2025-06-30,Metro,"Seattle, WA metro area",713,59.23,249,60.48,7.49,1.46,2.68,0.57
2026-09-03,Monthly,2025-06-01,2025-06-30,Metro,"St. Louis, MO metro area",559,8.06,251,54.33,5.72,-0.27,2.63,0.68
2026-09-03,Monthly,2025-06-01,2025-06-30,Metro,"Tampa, FL metro area",1540,26.02,536,17.2,5.88,0.82,1.97,0.1
2026-09-03,Monthly,2025-06-01,2025-06-30,Metro,"Virginia Beach, VA metro area",292,18.96,104,12.28,3.7,-0.03,1.35,-0.07
2026-09-03,Monthly,2025-06-01,2025-06-30,Metro,"Warren, MI metro area",449,41.14,176,41.49,5.13,0.92,2.04,0.37
2026-09-03,Monthly,2025-06-01,2025-06-30,Metro,"Washington, DC metro area",1151,53.78,339,22.39,6.46,1.19,1.92,-0.01
2026-09-03,Monthly,2025-06-01,2025-06-30,Metro,"West Palm Beach, FL metro area",1330,30.85,486,22.59,7.11,1.06,2.72,0.26
2026-09-03,Monthly,2025-05-01,2025-05-31,Metro,"Anaheim, CA metro area",448,112.09,136,28.31,5.52,1.8,1.79,-0.16
2026-09-03,Monthly,2025-05-01,2025-05-31,Metro,"Atlanta, GA metro area",2167,9.17,731,61.17,5.61,-0.66,1.96,0.45
2026-09-03,Monthly,2025-05-01,2025-05-31,Metro,"Austin, TX metro area",1188,27.73,382,11.13,6.4,0.48,2.14,-0.09
2026-09-03,Monthly,2025-05-01,2025-05-31,Metro,"Baltimore, MD metro area",534,24.31,200,1.96,5.43,0.28,2.05,-0.29
2026-09-03,Monthly,2025-05-01,2025-05-31,Metro,"Boston, MA metro area",765,38.81,241,-8.15,7.19,1.07,2.38,-0.67
2026-09-03,Monthly,2025-05-01,2025-05-31,Metro,"Charlotte, NC metro area",723,62.5,261,46.98,3.62,0.88,1.61,0.19
2026-09-03,Monthly,2025-05-01,2025-05-31,Metro,"Chicago, IL metro area",1198,7.12,568,4.31,4.6,0.15,2.19,0.02
2026-09-03,Monthly,2025-05-01,2025-05-31,Metro,"Cincinnati, OH metro area",288,17.54,101,13.21,3.67,0.19,1.37,0.04
2026-09-03,Monthly,2025-05-01,2025-05-31,Metro,"Cleveland, OH metro area",344,27.01,133,11.96,5.03,0.49,1.99,0.01
2026-09-03,Monthly,2025-05-01,2025-05-31,Metro,"Columbus, OH metro area",324,8.05,123,28.14,3.9,-0.5,1.43,0.1
2026-09-03,Monthly,2025-05-01,2025-05-31,Metro,"Dallas, TX metro area",2318,49.65,898,60.86,7.05,0.77,2.75,0.5
2026-09-03,Monthly,2025-05-01,2025-05-31,Metro,"Denver, CO metro area",1035,58.14,381,26.07,5.98,1.03,2.36,-0.02
2026-09-03,Monthly,2025-05-01,2025-05-31,Metro,"Detroit, MI metro area",377,-15.2,171,15.66,5.69,-1.34,2.64,0.22
2026-09-03,Monthly,2025-05-01,2025-05-31,Metro,"Fort Lauderdale, FL metro area",1570,42.89,527,40.9,7.19,1.33,2.43,0.41
2026-09-03,Monthly,2025-05-01,2025-05-31,Metro,"Fort Worth, TX metro area",865,23,393,35.46,6.31,0.21,2.84,0.37
2026-09-03,Monthly,2025-05-01,2025-05-31,Metro,"Houston, TX metro area",2710,58.77,931,120.36,6.02,1.32,2.04,0.9
2026-09-03,Monthly,2025-05-01,2025-05-31,Metro,"Indianapolis, IN metro area",408,37.23,191,52.58,4.46,0.5,2.12,0.43
2026-09-03,Monthly,2025-05-01,2025-05-31,Metro,"Jacksonville, FL metro area",799,45.85,281,31.88,5.43,1.17,1.89,0.25
2026-09-03,Monthly,2025-05-01,2025-05-31,Metro,"Kansas City, MO metro area",376,20.88,164,40.51,4.09,0.43,1.83,0.46
2026-09-03,Monthly,2025-05-01,2025-05-31,Metro,"Las Vegas, NV metro area",757,67.51,257,15.6,5.62,1.16,1.79,-0.35
2026-09-03,Monthly,2025-05-01,2025-05-31,Metro,"Los Angeles, CA metro area",1461,46.27,535,17.73,6.19,0.66,2.28,-0.21
2026-09-03,Monthly,2025-05-01,2025-05-31,Metro,"Miami, FL metro area",1531,29.98,611,35.21,7.06,0.31,2.7,0.19
2026-09-03,Monthly,2025-05-01,2025-05-31,Metro,"Milwaukee, WI metro area",148,42.18,57,11.49,2.01,0.55,1.19,0.02
2026-09-03,Monthly,2025-05-01,2025-05-31,Metro,"Minneapolis, MN metro area",640,160.69,244,15.93,4.91,2.88,1.87,0.14
2026-09-03,Monthly,2025-05-01,2025-05-31,Metro,"Montgomery County, PA metro area",190,22.77,82,7.82,3.79,0.27,1.61,-0.03
2026-09-03,Monthly,2025-05-01,2025-05-31,Metro,"Nashville, TN metro area",856,21.54,351,28.37,5.59,-0.03,2.29,0.1
2026-09-03,Monthly,2025-05-01,2025-05-31,Metro,"Nassau County, NY metro area",445,17.73,164,-9.67,5.91,0.65,2.12,-0.37
2026-09-03,Monthly,2025-05-01,2025-05-31,Metro,"New Brunswick, NJ metro area",396,21.26,142,6.45,4.61,0.27,1.62,-0.11
2026-09-03,Monthly,2025-05-01,2025-05-31,Metro,"New York, NY metro area",2116,7.15,689,-6.05,7.12,-0.04,2.33,-0.4
2026-09-03,Monthly,2025-05-01,2025-05-31,Metro,"Newark, NJ metro area",272,11.49,90,-3.38,4.86,0.09,1.49,-0.2
2026-09-03,Monthly,2025-05-01,2025-05-31,Metro,"Oakland, CA metro area",706,116.44,221,32.43,10.67,4.21,3.43,0.09
2026-09-03,Monthly,2025-05-01,2025-05-31,Metro,"Orlando, FL metro area",1103,30.33,385,23.77,5.57,0.46,1.89,0.08
2026-09-03,Monthly,2025-05-01,2025-05-31,Metro,"Philadelphia, PA metro area",615,3.9,237,0.17,7.43,-0.17,2.93,-0.18
2026-09-03,Monthly,2025-05-01,2025-05-31,Metro,"Phoenix, AZ metro area",1835,47.06,665,36.1,5.59,0.77,2.02,0.14
2026-09-03,Monthly,2025-05-01,2025-05-31,Metro,"Pittsburgh, PA metro area",308,-1.36,98,3.6,3.36,-0.29,1.1,-0.11
2026-09-03,Monthly,2025-05-01,2025-05-31,Metro,"Portland, OR metro area",518,51.59,201,19.33,4.85,0.95,1.92,-0.01
2026-09-03,Monthly,2025-05-01,2025-05-31,Metro,"Providence, RI metro area",204,24.09,84,47.34,4.62,0.14,1.92,0.36
2026-09-03,Monthly,2025-05-01,2025-05-31,Metro,"Riverside, CA metro area",1304,65.51,484,28.96,6.06,1.15,2.28,-0.01
2026-09-03,Monthly,2025-05-01,2025-05-31,Metro,"Sacramento, CA metro area",570,80.5,209,24.47,7.31,2.19,2.72,-0.06
2026-09-03,Monthly,2025-05-01,2025-05-31,Metro,"San Antonio, TX metro area",1018,20.39,356,25.9,5.37,0.42,1.92,0.25
2026-09-03,Monthly,2025-05-01,2025-05-31,Metro,"San Diego, CA metro area",592,76.62,189,41.79,6.84,1.71,2.26,0.14
2026-09-03,Monthly,2025-05-01,2025-05-31,Metro,"San Francisco, CA metro area",250,6.82,96,-16.95,8.73,0.36,3.13,-0.9
2026-09-03,Monthly,2025-05-01,2025-05-31,Metro,"San Jose, CA metro area",308,154.31,56,-12.91,11.45,6.66,1.9,-0.47
2026-09-03,Monthly,2025-05-01,2025-05-31,Metro,"Seattle, WA metro area",634,67.82,249,45.64,6.75,1.44,2.68,0.26
2026-09-03,Monthly,2025-05-01,2025-05-31,Metro,"St. Louis, MO metro area",548,7.3,192,21.53,5.62,-0.69,1.72,-0.11
2026-09-03,Monthly,2025-05-01,2025-05-31,Metro,"Tampa, FL metro area",1597,29.63,591,37.15,5.8,0.81,2.12,0.34
2026-09-03,Monthly,2025-05-01,2025-05-31,Metro,"Virginia Beach, VA metro area",268,12.65,103,10.73,3.46,-0.09,1.27,-0.09
2026-09-03,Monthly,2025-05-01,2025-05-31,Metro,"Warren, MI metro area",407,7.38,178,34.8,4.69,-0.2,2.08,0.34
2026-09-03,Monthly,2025-05-01,2025-05-31,Metro,"Washington, DC metro area",1190,71.43,342,44.46,6.76,1.79,1.98,0.24
2026-09-03,Monthly,2025-05-01,2025-05-31,Metro,"West Palm Beach, FL metro area",1338,38.51,440,25.33,7.31,1.38,2.44,0.26
2026-09-03,Monthly,2025-04-01,2025-04-30,Metro,"Anaheim, CA metro area",404,75.72,136,29.03,5.17,0.98,1.77,-0.14
2026-09-03,Monthly,2025-04-01,2025-04-30,Metro,"Atlanta, GA metro area",2130,7.55,780,56.35,5.59,-0.79,2.05,0.43
2026-09-03,Monthly,2025-04-01,2025-04-30,Metro,"Austin, TX metro area",1048,32.6,428,20.13,6.05,0.75,2.42,0.08
2026-09-03,Monthly,2025-04-01,2025-04-30,Metro,"Baltimore, MD metro area",490,11.99,211,28.47,5.22,-0.17,2.2,0.18
2026-09-03,Monthly,2025-04-01,2025-04-30,Metro,"Boston, MA metro area",689,17.39,321,33.33,6.56,-0.24,3.17,0.2
2026-09-03,Monthly,2025-04-01,2025-04-30,Metro,"Charlotte, NC metro area",638,26.42,256,52.66,2.82,-0.03,1.64,0.24
2026-09-03,Monthly,2025-04-01,2025-04-30,Metro,"Chicago, IL metro area",1113,1.68,530,0.08,4.3,-0.09,2.06,-0.03
2026-09-03,Monthly,2025-04-01,2025-04-30,Metro,"Cincinnati, OH metro area",331,51.65,112,47.13,4.21,1.02,1.45,0.31
2026-09-03,Monthly,2025-04-01,2025-04-30,Metro,"Cleveland, OH metro area",326,11.73,138,36.76,4.92,0.02,2.09,0.42
2026-09-03,Monthly,2025-04-01,2025-04-30,Metro,"Columbus, OH metro area",338,36.89,127,18.02,4.04,0.53,1.53,-0.01
2026-09-03,Monthly,2025-04-01,2025-04-30,Metro,"Dallas, TX metro area",2208,49.41,901,49.44,6.77,0.8,2.75,0.29
2026-09-03,Monthly,2025-04-01,2025-04-30,Metro,"Denver, CO metro area",947,46.47,403,48.67,5.68,0.42,2.51,0.25
2026-09-03,Monthly,2025-04-01,2025-04-30,Metro,"Detroit, MI metro area",417,1.52,160,8.12,6.28,-0.18,2.46,0.1
2026-09-03,Monthly,2025-04-01,2025-04-30,Metro,"Fort Lauderdale, FL metro area",1471,48.08,525,35.97,6.83,1.34,2.37,0.3
2026-09-03,Monthly,2025-04-01,2025-04-30,Metro,"Fort Worth, TX metro area",866,23.8,383,36.94,6.21,0.33,2.81,0.43
2026-09-03,Monthly,2025-04-01,2025-04-30,Metro,"Houston, TX metro area",2515,66.46,946,137.83,5.74,1.63,2.1,1.03
2026-09-03,Monthly,2025-04-01,2025-04-30,Metro,"Indianapolis, IN metro area",384,50.84,176,48.38,4.26,0.9,2.02,0.38
2026-09-03,Monthly,2025-04-01,2025-04-30,Metro,"Jacksonville, FL metro area",752,36.22,300,39.52,5.12,0.77,1.96,0.32
2026-09-03,Monthly,2025-04-01,2025-04-30,Metro,"Kansas City, MO metro area",380,37.5,142,29.62,4.31,0.98,1.68,0.38
2026-09-03,Monthly,2025-04-01,2025-04-30,Metro,"Las Vegas, NV metro area",727,69.74,279,44.94,5.49,1.14,1.99,0.09
2026-09-03,Monthly,2025-04-01,2025-04-30,Metro,"Los Angeles, CA metro area",1439,46.69,572,31.37,6.15,0.57,2.44,-0.04
2026-09-03,Monthly,2025-04-01,2025-04-30,Metro,"Miami, FL metro area",1509,31.12,581,29.6,6.72,0.14,2.62,0.09
2026-09-03,Monthly,2025-04-01,2025-04-30,Metro,"Milwaukee, WI metro area",125,-5.5,61,22.83,1.94,0.04,1.34,0.2
2026-09-03,Monthly,2025-04-01,2025-04-30,Metro,"Minneapolis, MN metro area",682,26.6,255,21.84,5.17,0.8,1.96,0.23
2026-09-03,Monthly,2025-04-01,2025-04-30,Metro,"Montgomery County, PA metro area",190,-3.68,75,34.02,3.95,-0.19,1.61,0.32
2026-09-03,Monthly,2025-04-01,2025-04-30,Metro,"Nashville, TN metro area",880,38.09,329,19.06,5.93,0.78,2.17,-0.14
2026-09-03,Monthly,2025-04-01,2025-04-30,Metro,"Nassau County, NY metro area",451,15.25,158,-9.78,6.04,0.48,2.1,-0.31
2026-09-03,Monthly,2025-04-01,2025-04-30,Metro,"New Brunswick, NJ metro area",403,22.75,148,42.62,4.8,0.46,1.72,0.36
2026-09-03,Monthly,2025-04-01,2025-04-30,Metro,"New York, NY metro area",2026,6.46,651,-6.59,6.7,-0.22,2.21,-0.33
2026-09-03,Monthly,2025-04-01,2025-04-30,Metro,"Newark, NJ metro area",251,0.88,93,10.29,4.58,-0.37,1.61,0.13
2026-09-03,Monthly,2025-04-01,2025-04-30,Metro,"Oakland, CA metro area",595,100.84,200,11.87,9.32,3.07,3.2,-0.61
2026-09-03,Monthly,2025-04-01,2025-04-30,Metro,"Orlando, FL metro area",1134,44.84,446,44.77,5.61,0.73,2.17,0.28
2026-09-03,Monthly,2025-04-01,2025-04-30,Metro,"Philadelphia, PA metro area",651,6.42,252,6.09,8,0.16,3.14,0.09
2026-09-03,Monthly,2025-04-01,2025-04-30,Metro,"Phoenix, AZ metro area",1655,41.83,695,38.72,5.06,0.46,2.11,0.14
2026-09-03,Monthly,2025-04-01,2025-04-30,Metro,"Pittsburgh, PA metro area",319,8.52,107,22.12,3.47,0.04,1.22,0.16
2026-09-03,Monthly,2025-04-01,2025-04-30,Metro,"Portland, OR metro area",480,44.02,219,29.06,4.62,0.74,2.09,0.1
2026-09-03,Monthly,2025-04-01,2025-04-30,Metro,"Providence, RI metro area",197,33.45,77,24.15,4.59,0.43,1.82,0.08
2026-09-03,Monthly,2025-04-01,2025-04-30,Metro,"Riverside, CA metro area",1185,44.23,491,30.35,5.58,0.38,2.28,-0.08
2026-09-03,Monthly,2025-04-01,2025-04-30,Metro,"Sacramento, CA metro area",486,50.18,204,36.85,6.32,0.8,2.71,0.15
2026-09-03,Monthly,2025-04-01,2025-04-30,Metro,"San Antonio, TX metro area",1017,16.63,374,29.23,5.32,0.34,1.97,0.27
2026-09-03,Monthly,2025-04-01,2025-04-30,Metro,"San Diego, CA metro area",513,59.69,205,68.07,6.09,0.8,2.45,0.44
2026-09-03,Monthly,2025-04-01,2025-04-30,Metro,"San Francisco, CA metro area",326,81.32,80,-40.63,10.98,4.28,2.61,-2.24
2026-09-03,Monthly,2025-04-01,2025-04-30,Metro,"San Jose, CA metro area",430,342.59,46,-37.34,14.21,10.23,1.5,-1.4
2026-09-03,Monthly,2025-04-01,2025-04-30,Metro,"Seattle, WA metro area",601,49.21,248,35.97,6.61,0.99,2.83,0.22
2026-09-03,Monthly,2025-04-01,2025-04-30,Metro,"St. Louis, MO metro area",665,31.87,209,41.46,9.36,3,2.29,0.5
2026-09-03,Monthly,2025-04-01,2025-04-30,Metro,"Tampa, FL metro area",1460,30.05,606,48.01,5.45,0.58,2.21,0.49
2026-09-03,Monthly,2025-04-01,2025-04-30,Metro,"Virginia Beach, VA metro area",269,19.31,121,28.92,3.52,0.02,1.62,0.18
2026-09-03,Monthly,2025-04-01,2025-04-30,Metro,"Warren, MI metro area",454,28.77,180,22.38,5.22,0.7,2.12,0.19
2026-09-03,Monthly,2025-04-01,2025-04-30,Metro,"Washington, DC metro area",1003,27.32,325,20.35,5.82,0.15,1.88,-0.08
2026-09-03,Monthly,2025-04-01,2025-04-30,Metro,"West Palm Beach, FL metro area",1235,29.14,493,57.75,6.88,0.94,2.71,0.74
2026-09-03,Monthly,2025-03-01,2025-03-31,Metro,"Anaheim, CA metro area",325,33.76,150,50.53,4.29,-0.22,1.96,0.11
2026-09-03,Monthly,2025-03-01,2025-03-31,Metro,"Atlanta, GA metro area",2046,6.94,755,61.83,5.44,-0.83,1.96,0.44
2026-09-03,Monthly,2025-03-01,2025-03-31,Metro,"Austin, TX metro area",1041,39.3,413,20.39,6.17,1.08,2.44,0.12
2026-09-03,Monthly,2025-03-01,2025-03-31,Metro,"Baltimore, MD metro area",461,6.48,211,21.24,4.89,-0.34,2.22,0.18
2026-09-03,Monthly,2025-03-01,2025-03-31,Metro,"Boston, MA metro area",651,14.06,306,39.31,6.49,-0.03,3.16,0.59
2026-09-03,Monthly,2025-03-01,2025-03-31,Metro,"Charlotte, NC metro area",590,20.31,245,51.09,2.84,-0.16,1.59,0.2
2026-09-03,Monthly,2025-03-01,2025-03-31,Metro,"Chicago, IL metro area",1170,6.71,547,5.8,4.53,0.08,2.11,0.01
2026-09-03,Monthly,2025-03-01,2025-03-31,Metro,"Cincinnati, OH metro area",277,11.4,106,29.86,3.48,-0.45,1.34,0.04
2026-09-03,Monthly,2025-03-01,2025-03-31,Metro,"Cleveland, OH metro area",338,11.13,148,63.03,4.94,-0.01,2.16,0.63
2026-09-03,Monthly,2025-03-01,2025-03-31,Metro,"Columbus, OH metro area",327,46.21,136,26.04,3.89,0.66,1.65,0.09
2026-09-03,Monthly,2025-03-01,2025-03-31,Metro,"Dallas, TX metro area",2019,42.12,921,51.36,6.39,0.48,2.97,0.4
2026-09-03,Monthly,2025-03-01,2025-03-31,Metro,"Denver, CO metro area",856,48.59,424,79.81,5.32,0.44,2.67,0.62
2026-09-03,Monthly,2025-03-01,2025-03-31,Metro,"Detroit, MI metro area",412,-4.21,175,23.39,6.36,-0.35,2.58,0.47
2026-09-03,Monthly,2025-03-01,2025-03-31,Metro,"Fort Lauderdale, FL metro area",1313,37.3,557,59.75,6.23,0.78,2.53,0.59
2026-09-03,Monthly,2025-03-01,2025-03-31,Metro,"Fort Worth, TX metro area",831,27.07,401,46.17,6.12,0.54,2.98,0.6
2026-09-03,Monthly,2025-03-01,2025-03-31,Metro,"Houston, TX metro area",2420,62.92,981,151.57,5.54,1.5,2.19,1.12
2026-09-03,Monthly,2025-03-01,2025-03-31,Metro,"Indianapolis, IN metro area",364,32.11,212,46.72,4.12,0.44,2.44,0.46
2026-09-03,Monthly,2025-03-01,2025-03-31,Metro,"Jacksonville, FL metro area",693,33.16,331,70.04,4.8,0.64,2.15,0.59
2026-09-03,Monthly,2025-03-01,2025-03-31,Metro,"Kansas City, MO metro area",352,19.64,152,31.16,4.05,0.65,1.77,0.42
2026-09-03,Monthly,2025-03-01,2025-03-31,Metro,"Las Vegas, NV metro area",662,54.45,259,29.8,5.15,0.78,1.93,-0.04
2026-09-03,Monthly,2025-03-01,2025-03-31,Metro,"Los Angeles, CA metro area",1357,36.56,571,36.99,5.87,0.12,2.49,0.06
2026-09-03,Monthly,2025-03-01,2025-03-31,Metro,"Miami, FL metro area",1511,34.75,616,28.18,6.84,0.38,2.8,0.04
2026-09-03,Monthly,2025-03-01,2025-03-31,Metro,"Milwaukee, WI metro area",164,40.12,55,-13.34,2.85,0.52,1.19,-0.23
2026-09-03,Monthly,2025-03-01,2025-03-31,Metro,"Minneapolis, MN metro area",611,0.1,251,23.93,4.45,-0.47,1.92,0.23
2026-09-03,Monthly,2025-03-01,2025-03-31,Metro,"Montgomery County, PA metro area",200,13.99,91,55,4.19,-0.05,1.97,0.55
2026-09-03,Monthly,2025-03-01,2025-03-31,Metro,"Nashville, TN metro area",850,35.23,406,69.27,5.71,0.57,2.57,0.56
2026-09-03,Monthly,2025-03-01,2025-03-31,Metro,"Nassau County, NY metro area",427,4.84,182,14.36,5.62,-0.18,2.4,0.2
2026-09-03,Monthly,2025-03-01,2025-03-31,Metro,"New Brunswick, NJ metro area",374,7.75,158,39.75,4.38,-0.12,1.86,0.39
2026-09-03,Monthly,2025-03-01,2025-03-31,Metro,"New York, NY metro area",1794,-4.59,722,-0.69,6.01,-0.78,2.43,-0.25
2026-09-03,Monthly,2025-03-01,2025-03-31,Metro,"Newark, NJ metro area",263,7.97,109,26.01,4.73,0.07,2,0.67
2026-09-03,Monthly,2025-03-01,2025-03-31,Metro,"Oakland, CA metro area",478,57.84,214,41.28,7.66,0.9,3.49,0.07
2026-09-03,Monthly,2025-03-01,2025-03-31,Metro,"Orlando, FL metro area",1136,48.42,451,89.75,5.72,0.77,2.19,0.66
2026-09-03,Monthly,2025-03-01,2025-03-31,Metro,"Philadelphia, PA metro area",682,16.18,249,10.45,8.38,0.96,3.03,0.16
2026-09-03,Monthly,2025-03-01,2025-03-31,Metro,"Phoenix, AZ metro area",1638,45.16,685,40.34,5.1,0.57,2.14,0.17
2026-09-03,Monthly,2025-03-01,2025-03-31,Metro,"Pittsburgh, PA metro area",305,4.94,118,4.89,3.29,-0.1,1.26,0.04
2026-09-03,Monthly,2025-03-01,2025-03-31,Metro,"Portland, OR metro area",475,43.12,185,20.91,4.63,0.69,1.83,0
2026-09-03,Monthly,2025-03-01,2025-03-31,Metro,"Providence, RI metro area",171,-1.15,88,56.03,4.18,-0.65,2.2,0.56
2026-09-03,Monthly,2025-03-01,2025-03-31,Metro,"Riverside, CA metro area",1093,33.91,483,34.03,5.25,-0.01,2.3,-0.04
2026-09-03,Monthly,2025-03-01,2025-03-31,Metro,"Sacramento, CA metro area",516,87.66,213,41.29,6.83,2.02,2.83,0.17
2026-09-03,Monthly,2025-03-01,2025-03-31,Metro,"San Antonio, TX metro area",903,19.64,390,38.55,4.83,0.24,2.09,0.51
2026-09-03,Monthly,2025-03-01,2025-03-31,Metro,"San Diego, CA metro area",451,52.22,204,54.98,5.25,0.36,2.45,0.26
2026-09-03,Monthly,2025-03-01,2025-03-31,Metro,"San Francisco, CA metro area",256,44.57,104,-9.32,8.93,2.43,3.49,-0.68
2026-09-03,Monthly,2025-03-01,2025-03-31,Metro,"San Jose, CA metro area",265,112.49,55,-18.44,8.89,3.67,1.73,-1.05
2026-09-03,Monthly,2025-03-01,2025-03-31,Metro,"Seattle, WA metro area",554,54.2,246,36.42,6.22,1.13,2.81,0.19
2026-09-03,Monthly,2025-03-01,2025-03-31,Metro,"St. Louis, MO metro area",561,27.13,228,69.21,6.26,1.28,2.44,0.8
2026-09-03,Monthly,2025-03-01,2025-03-31,Metro,"Tampa, FL metro area",1376,23.78,611,44.15,5.21,0.32,2.28,0.44
2026-09-03,Monthly,2025-03-01,2025-03-31,Metro,"Virginia Beach, VA metro area",246,12.53,127,52.34,3.24,-0.04,1.7,0.41
2026-09-03,Monthly,2025-03-01,2025-03-31,Metro,"Warren, MI metro area",460,42.54,166,22.3,5.38,1.18,1.98,0.19
2026-09-03,Monthly,2025-03-01,2025-03-31,Metro,"Washington, DC metro area",921,24.46,320,12.69,5.49,0.19,1.91,-0.15
2026-09-03,Monthly,2025-03-01,2025-03-31,Metro,"West Palm Beach, FL metro area",1167,35.74,500,46.37,6.52,0.78,2.8,0.61
2026-09-03,Monthly,2025-02-01,2025-02-28,Metro,"Anaheim, CA metro area",410,89.52,149,45.94,5.45,1.46,1.96,0.05
2026-09-03,Monthly,2025-02-01,2025-02-28,Metro,"Atlanta, GA metro area",1994,11.35,788,70.41,5.46,-0.53,2.08,0.57
2026-09-03,Monthly,2025-02-01,2025-02-28,Metro,"Austin, TX metro area",1000,23.43,413,26.03,5.95,0.5,2.48,0.24
2026-09-03,Monthly,2025-02-01,2025-02-28,Metro,"Baltimore, MD metro area",443,3.3,207,11.04,4.75,-0.41,2.24,0.04
2026-09-03,Monthly,2025-02-01,2025-02-28,Metro,"Boston, MA metro area",583,0.62,312,33.81,6.05,-0.11,3.25,0.79
2026-09-03,Monthly,2025-02-01,2025-02-28,Metro,"Charlotte, NC metro area",582,16.64,241,50.49,2.99,-0.11,1.57,0.16
2026-09-03,Monthly,2025-02-01,2025-02-28,Metro,"Chicago, IL metro area",1234,10.37,555,-1.94,4.68,0.09,2.13,-0.17
2026-09-03,Monthly,2025-02-01,2025-02-28,Metro,"Cincinnati, OH metro area",303,19.74,117,27.4,3.89,-0.48,1.47,-0.02
2026-09-03,Monthly,2025-02-01,2025-02-28,Metro,"Cleveland, OH metro area",279,-10.87,137,19.19,4.21,-0.72,2.06,0.23
2026-09-03,Monthly,2025-02-01,2025-02-28,Metro,"Columbus, OH metro area",348,44.2,150,44.8,4.24,0.73,1.83,0.28
2026-09-03,Monthly,2025-02-01,2025-02-28,Metro,"Dallas, TX metro area",2022,54.83,881,51.78,6.43,0.76,2.93,0.39
2026-09-03,Monthly,2025-02-01,2025-02-28,Metro,"Denver, CO metro area",926,78.6,375,52.49,5.9,1.47,2.43,0.27
2026-09-03,Monthly,2025-02-01,2025-02-28,Metro,"Detroit, MI metro area",478,14.56,184,15.39,7.58,0.92,2.87,0.44
2026-09-03,Monthly,2025-02-01,2025-02-28,Metro,"Fort Lauderdale, FL metro area",1388,60.83,525,56.84,6.52,1.45,2.45,0.48
2026-09-03,Monthly,2025-02-01,2025-02-28,Metro,"Fort Worth, TX metro area",891,37.97,390,33.85,6.44,0.89,2.85,0.26
2026-09-03,Monthly,2025-02-01,2025-02-28,Metro,"Houston, TX metro area",2423,64.52,914,138.13,5.67,1.79,2.08,1
2026-09-03,Monthly,2025-02-01,2025-02-28,Metro,"Indianapolis, IN metro area",377,39.06,180,40.56,4.37,0.7,2.07,0.32
2026-09-03,Monthly,2025-02-01,2025-02-28,Metro,"Jacksonville, FL metro area",645,28.01,354,98.16,4.5,0.29,2.4,0.96
2026-09-03,Monthly,2025-02-01,2025-02-28,Metro,"Kansas City, MO metro area",363,18,164,47.63,4.04,0.45,1.85,0.49
2026-09-03,Monthly,2025-02-01,2025-02-28,Metro,"Las Vegas, NV metro area",613,38.86,276,42.11,4.79,0.17,2.11,0.17
2026-09-03,Monthly,2025-02-01,2025-02-28,Metro,"Los Angeles, CA metro area",1468,54.07,574,51.57,6.42,0.91,2.52,0.25
2026-09-03,Monthly,2025-02-01,2025-02-28,Metro,"Miami, FL metro area",1418,30.76,618,41.63,6.33,0.03,2.92,0.29
2026-09-03,Monthly,2025-02-01,2025-02-28,Metro,"Milwaukee, WI metro area",115,-15.59,52,-14.48,2.09,-0.6,1.13,-0.25
2026-09-03,Monthly,2025-02-01,2025-02-28,Metro,"Minneapolis, MN metro area",639,12.16,242,15.06,4.72,0.03,1.87,0.11
2026-09-03,Monthly,2025-02-01,2025-02-28,Metro,"Montgomery County, PA metro area",197,6.6,80,17.91,4.29,0.1,1.78,0.19
2026-09-03,Monthly,2025-02-01,2025-02-28,Metro,"Nashville, TN metro area",829,30.4,361,39.9,5.62,0.38,2.32,0.18
2026-09-03,Monthly,2025-02-01,2025-02-28,Metro,"Nassau County, NY metro area",392,-1.73,168,-7.93,5.18,-0.58,2.22,-0.3
2026-09-03,Monthly,2025-02-01,2025-02-28,Metro,"New Brunswick, NJ metro area",325,9.1,158,19.86,3.93,-0.02,1.91,0.13
2026-09-03,Monthly,2025-02-01,2025-02-28,Metro,"New York, NY metro area",1738,-11.89,717,-1.36,6.04,-1.28,2.46,-0.21
2026-09-03,Monthly,2025-02-01,2025-02-28,Metro,"Newark, NJ metro area",243,4.65,102,11.1,4.55,-0.04,1.96,0.45
2026-09-03,Monthly,2025-02-01,2025-02-28,Metro,"Oakland, CA metro area",436,45.58,229,84.21,7.07,0.29,3.74,0.85
2026-09-03,Monthly,2025-02-01,2025-02-28,Metro,"Orlando, FL metro area",1093,50.72,454,84.85,5.71,0.81,2.22,0.69
2026-09-03,Monthly,2025-02-01,2025-02-28,Metro,"Philadelphia, PA metro area",589,-9.62,264,18.12,7.24,-1.04,3.25,0.44
2026-09-03,Monthly,2025-02-01,2025-02-28,Metro,"Phoenix, AZ metro area",1619,49.96,705,48.93,5.07,0.62,2.23,0.29
2026-09-03,Monthly,2025-02-01,2025-02-28,Metro,"Pittsburgh, PA metro area",308,-0.87,112,12.4,3.4,-0.24,1.2,0.16
2026-09-03,Monthly,2025-02-01,2025-02-28,Metro,"Portland, OR metro area",423,17.9,181,22.73,4.18,-0.11,1.79,0.03
2026-09-03,Monthly,2025-02-01,2025-02-28,Metro,"Providence, RI metro area",193,15.56,88,38.42,4.83,0.3,2.24,0.44
2026-09-03,Monthly,2025-02-01,2025-02-28,Metro,"Riverside, CA metro area",1651,104.81,460,29.67,7.95,2.75,2.17,-0.19
2026-09-03,Monthly,2025-02-01,2025-02-28,Metro,"Sacramento, CA metro area",470,67.55,203,48.93,6.33,1.22,2.73,0.27
2026-09-03,Monthly,2025-02-01,2025-02-28,Metro,"San Antonio, TX metro area",971,31.01,415,47.06,5.08,0.48,2.26,0.56
2026-09-03,Monthly,2025-02-01,2025-02-28,Metro,"San Diego, CA metro area",486,77.88,213,90.11,6.3,1.72,2.62,0.73
2026-09-03,Monthly,2025-02-01,2025-02-28,Metro,"San Francisco, CA metro area",177,-14.11,118,16.71,5.87,-1.66,3.87,-0.09
2026-09-03,Monthly,2025-02-01,2025-02-28,Metro,"San Jose, CA metro area",144,-1.77,57,5.49,4.12,-1.5,1.79,-0.58
2026-09-03,Monthly,2025-02-01,2025-02-28,Metro,"Seattle, WA metro area",669,70.37,233,38.8,7.53,1.79,2.65,0.21
2026-09-03,Monthly,2025-02-01,2025-02-28,Metro,"St. Louis, MO metro area",574,15.65,230,60.01,6.12,-0.04,2.45,0.71
2026-09-03,Monthly,2025-02-01,2025-02-28,Metro,"Tampa, FL metro area",1354,35.3,639,57.36,5.25,0.69,2.44,0.61
2026-09-03,Monthly,2025-02-01,2025-02-28,Metro,"Virginia Beach, VA metro area",296,16.66,112,28.06,4.04,0.12,1.49,0.1
2026-09-03,Monthly,2025-02-01,2025-02-28,Metro,"Warren, MI metro area",429,34.01,164,18.59,5.09,0.87,1.97,0.14
2026-09-03,Monthly,2025-02-01,2025-02-28,Metro,"Washington, DC metro area",907,43.73,319,15.39,5.61,1.15,1.96,-0.07
2026-09-03,Monthly,2025-02-01,2025-02-28,Metro,"West Palm Beach, FL metro area",1132,47.44,498,54.18,6.6,1.35,2.82,0.67
2026-09-03,Monthly,2025-01-01,2025-01-31,Metro,"Anaheim, CA metro area",342,48.56,148,58.23,4.73,0.45,1.99,0.27
2026-09-03,Monthly,2025-01-01,2025-01-31,Metro,"Atlanta, GA metro area",1750,-14.42,775,65.55,5.02,-1.93,2.17,0.62
2026-09-03,Monthly,2025-01-01,2025-01-31,Metro,"Austin, TX metro area",955,15.84,376,21.01,5.97,0.27,2.35,0.14
2026-09-03,Monthly,2025-01-01,2025-01-31,Metro,"Baltimore, MD metro area",421,-0.03,223,31.72,4.75,-0.37,2.5,0.45
2026-09-03,Monthly,2025-01-01,2025-01-31,Metro,"Boston, MA metro area",596,10.39,309,13.89,6.3,0.29,3.27,0.24
2026-09-03,Monthly,2025-01-01,2025-01-31,Metro,"Charlotte, NC metro area",599,44.32,227,42.8,4.26,0.6,1.55,0.15
2026-09-03,Monthly,2025-01-01,2025-01-31,Metro,"Chicago, IL metro area",1184,9.35,564,1.96,4.49,0.09,2.16,-0.11
2026-09-03,Monthly,2025-01-01,2025-01-31,Metro,"Cincinnati, OH metro area",258,14.37,120,54.12,3.38,-0.47,1.48,0.22
2026-09-03,Monthly,2025-01-01,2025-01-31,Metro,"Cleveland, OH metro area",305,1.83,124,-1.02,4.61,0,1.87,-0.05
2026-09-03,Monthly,2025-01-01,2025-01-31,Metro,"Columbus, OH metro area",310,46.63,137,26.74,3.95,0.95,1.76,0.18
2026-09-03,Monthly,2025-01-01,2025-01-31,Metro,"Dallas, TX metro area",1770,48.31,927,70.15,5.91,0.64,3.1,0.68
2026-09-03,Monthly,2025-01-01,2025-01-31,Metro,"Denver, CO metro area",832,56.72,413,82.24,5.47,0.9,2.77,0.76
2026-09-03,Monthly,2025-01-01,2025-01-31,Metro,"Detroit, MI metro area",436,1.34,187,34.44,7.01,-0.02,2.94,0.64
2026-09-03,Monthly,2025-01-01,2025-01-31,Metro,"Fort Lauderdale, FL metro area",1402,63.79,584,82,6.58,1.37,2.71,0.69
2026-09-03,Monthly,2025-01-01,2025-01-31,Metro,"Fort Worth, TX metro area",741,16.18,403,63.15,5.62,-0.1,3.07,0.81
2026-09-03,Monthly,2025-01-01,2025-01-31,Metro,"Houston, TX metro area",2307,107.26,787,89.82,5.48,2.62,1.87,0.68
2026-09-03,Monthly,2025-01-01,2025-01-31,Metro,"Indianapolis, IN metro area",341,13.43,158,10.23,4.1,0,1.88,-0.05
2026-09-03,Monthly,2025-01-01,2025-01-31,Metro,"Jacksonville, FL metro area",675,42.42,344,76.77,4.78,0.76,2.4,0.68
2026-09-03,Monthly,2025-01-01,2025-01-31,Metro,"Kansas City, MO metro area",325,7.53,155,12.21,3.79,0.1,1.76,0.08
2026-09-03,Monthly,2025-01-01,2025-01-31,Metro,"Las Vegas, NV metro area",569,34.09,298,44.31,4.51,0.11,2.34,0.25
2026-09-03,Monthly,2025-01-01,2025-01-31,Metro,"Los Angeles, CA metro area",1412,51.52,597,47.85,6.4,0.96,2.7,0.31
2026-09-03,Monthly,2025-01-01,2025-01-31,Metro,"Miami, FL metro area",1445,36.08,603,30.98,6.72,0.31,2.89,-0.01
2026-09-03,Monthly,2025-01-01,2025-01-31,Metro,"Milwaukee, WI metro area",150,15.53,59,14.65,4.73,0.34,1.27,0.06
2026-09-03,Monthly,2025-01-01,2025-01-31,Metro,"Minneapolis, MN metro area",705,31.16,244,15.99,5.15,0.93,1.87,0.1
2026-09-03,Monthly,2025-01-01,2025-01-31,Metro,"Montgomery County, PA metro area",200,25.82,74,34.47,4.36,0.49,1.62,0.29
2026-09-03,Monthly,2025-01-01,2025-01-31,Metro,"Nashville, TN metro area",769,27.6,410,79.51,5.31,0.21,3.15,1.12
2026-09-03,Monthly,2025-01-01,2025-01-31,Metro,"Nassau County, NY metro area",399,10.67,167,-10.26,5.44,0.15,2.28,-0.45
2026-09-03,Monthly,2025-01-01,2025-01-31,Metro,"New Brunswick, NJ metro area",363,19.71,150,16.79,4.44,0.37,1.83,0.11
2026-09-03,Monthly,2025-01-01,2025-01-31,Metro,"New York, NY metro area",1813,5.54,732,2,6.33,0.15,2.64,-0.01
2026-09-03,Monthly,2025-01-01,2025-01-31,Metro,"Newark, NJ metro area",268,-3.33,100,9.7,5.2,-0.1,1.82,0.19
2026-09-03,Monthly,2025-01-01,2025-01-31,Metro,"Oakland, CA metro area",362,11.06,218,49.77,6.14,-1.12,3.72,0.42
2026-09-03,Monthly,2025-01-01,2025-01-31,Metro,"Orlando, FL metro area",979,46.54,544,104.15,5.13,0.66,2.53,0.92
2026-09-03,Monthly,2025-01-01,2025-01-31,Metro,"Philadelphia, PA metro area",633,5.49,251,13.72,8.06,0.33,3.17,0.35
2026-09-03,Monthly,2025-01-01,2025-01-31,Metro,"Phoenix, AZ metro area",1454,40.18,719,55.12,4.83,0.45,2.36,0.42
2026-09-03,Monthly,2025-01-01,2025-01-31,Metro,"Pittsburgh, PA metro area",309,1.03,122,32.53,3.39,-0.39,1.4,0.24
2026-09-03,Monthly,2025-01-01,2025-01-31,Metro,"Portland, OR metro area",401,5.45,221,58.61,3.98,-0.54,2.17,0.5
2026-09-03,Monthly,2025-01-01,2025-01-31,Metro,"Providence, RI metro area",197,14.26,86,21.11,4.88,0.28,2.23,0.24
2026-09-03,Monthly,2025-01-01,2025-01-31,Metro,"Riverside, CA metro area",1137,46.3,438,23.13,5.67,0.57,2.08,-0.3
2026-09-03,Monthly,2025-01-01,2025-01-31,Metro,"Sacramento, CA metro area",399,19.77,224,62.12,5.62,-0.24,3.12,0.68
2026-09-03,Monthly,2025-01-01,2025-01-31,Metro,"San Antonio, TX metro area",861,13.7,390,31.45,4.92,0.34,2.22,0.44
2026-09-03,Monthly,2025-01-01,2025-01-31,Metro,"San Diego, CA metro area",1217,354.43,200,50.26,14.88,10.46,2.53,0.31
2026-09-03,Monthly,2025-01-01,2025-01-31,Metro,"San Francisco, CA metro area",189,-22.2,114,-11.57,6.5,-2.5,3.91,-0.71
2026-09-03,Monthly,2025-01-01,2025-01-31,Metro,"San Jose, CA metro area",101,-26.45,72,15.86,3.03,-2.29,2.43,-0.2
2026-09-03,Monthly,2025-01-01,2025-01-31,Metro,"Seattle, WA metro area",519,35.82,236,40.82,5.98,0.3,2.69,0.21
2026-09-03,Monthly,2025-01-01,2025-01-31,Metro,"St. Louis, MO metro area",550,18.92,244,66.72,6.26,0.61,2.81,0.97
2026-09-03,Monthly,2025-01-01,2025-01-31,Metro,"Tampa, FL metro area",1190,30.75,630,61.49,4.77,0.36,2.49,0.66
2026-09-03,Monthly,2025-01-01,2025-01-31,Metro,"Virginia Beach, VA metro area",268,9.33,111,20.38,3.6,-0.25,1.58,0.06
2026-09-03,Monthly,2025-01-01,2025-01-31,Metro,"Warren, MI metro area",428,17.47,155,0.88,5.14,0.3,1.89,-0.17
2026-09-03,Monthly,2025-01-01,2025-01-31,Metro,"Washington, DC metro area",825,17.08,309,-4.35,5.24,0.23,1.96,-0.32
2026-09-03,Monthly,2025-01-01,2025-01-31,Metro,"West Palm Beach, FL metro area",1071,40.18,532,61.67,6.28,0.92,3.04,0.75
2026-09-03,Monthly,2024-12-01,2024-12-31,Metro,"Anaheim, CA metro area",284,26.82,130,54.6,4.11,-0.2,1.89,0.24
2026-09-03,Monthly,2024-12-01,2024-12-31,Metro,"Atlanta, GA metro area",1928,-40.74,660,41.31,5.6,-5.13,1.89,0.38
2026-09-03,Monthly,2024-12-01,2024-12-31,Metro,"Austin, TX metro area",967,5.57,360,14.74,5.79,-0.4,2.16,0.06
2026-09-03,Monthly,2024-12-01,2024-12-31,Metro,"Baltimore, MD metro area",443,7.78,207,4.69,4.9,-0.1,2.32,-0.13
2026-09-03,Monthly,2024-12-01,2024-12-31,Metro,"Boston, MA metro area",593,8.95,271,1.26,6.63,0.13,3.04,-0.09
2026-09-03,Monthly,2024-12-01,2024-12-31,Metro,"Charlotte, NC metro area",603,46.23,227,34.37,6.23,0.63,1.53,0.13
2026-09-03,Monthly,2024-12-01,2024-12-31,Metro,"Chicago, IL metro area",1102,-0.25,561,-9.14,4.17,-0.23,2.15,-0.35
2026-09-03,Monthly,2024-12-01,2024-12-31,Metro,"Cincinnati, OH metro area",254,15.6,110,53.99,3.34,-0.66,1.44,0.1
2026-09-03,Monthly,2024-12-01,2024-12-31,Metro,"Cleveland, OH metro area",286,-5.47,143,17.11,4.38,-0.43,2.2,0.27
2026-09-03,Monthly,2024-12-01,2024-12-31,Metro,"Columbus, OH metro area",285,26.97,102,-14.28,3.81,0.28,1.27,-0.48
2026-09-03,Monthly,2024-12-01,2024-12-31,Metro,"Dallas, TX metro area",1911,48.2,809,42.66,6.5,0.65,2.66,0.21
2026-09-03,Monthly,2024-12-01,2024-12-31,Metro,"Denver, CO metro area",878,65.79,365,82.16,5.65,1.13,2.56,0.69
2026-09-03,Monthly,2024-12-01,2024-12-31,Metro,"Detroit, MI metro area",411,7.86,180,13.16,6.61,0.47,3.24,0.47
2026-09-03,Monthly,2024-12-01,2024-12-31,Metro,"Fort Lauderdale, FL metro area",1274,53.99,520,50.89,6.14,0.82,2.56,0.4
2026-09-03,Monthly,2024-12-01,2024-12-31,Metro,"Fort Worth, TX metro area",830,31.2,314,19.52,6.29,0.63,2.4,0
2026-09-03,Monthly,2024-12-01,2024-12-31,Metro,"Houston, TX metro area",2340,830.99,788,48.66,5.48,5.23,1.88,0.34
2026-09-03,Monthly,2024-12-01,2024-12-31,Metro,"Indianapolis, IN metro area",388,3.72,176,83.22,4.55,-0.32,2.14,0.83
2026-09-03,Monthly,2024-12-01,2024-12-31,Metro,"Jacksonville, FL metro area",739,59.76,266,37.68,5.18,0.85,1.93,0.25
2026-09-03,Monthly,2024-12-01,2024-12-31,Metro,"Kansas City, MO metro area",385,54.64,153,26.51,4.24,1.03,1.68,0.2
2026-09-03,Monthly,2024-12-01,2024-12-31,Metro,"Las Vegas, NV metro area",611,37.13,285,54.85,4.92,0.3,2.37,0.44
2026-09-03,Monthly,2024-12-01,2024-12-31,Metro,"Los Angeles, CA metro area",1175,18.63,511,37.59,5.52,-0.36,2.44,0.2
2026-09-03,Monthly,2024-12-01,2024-12-31,Metro,"Miami, FL metro area",1389,30.4,585,26.59,6.75,-0.01,2.95,0.04
2026-09-03,Monthly,2024-12-01,2024-12-31,Metro,"Milwaukee, WI metro area",140,-7.88,58,25.57,4.95,-0.64,1.23,0.21
2026-09-03,Monthly,2024-12-01,2024-12-31,Metro,"Minneapolis, MN metro area",576,23.14,221,1.51,4.29,0.5,1.72,-0.14
2026-09-03,Monthly,2024-12-01,2024-12-31,Metro,"Montgomery County, PA metro area",195,18.06,72,44.48,4.12,0.36,1.57,0.39
2026-09-03,Monthly,2024-12-01,2024-12-31,Metro,"Nashville, TN metro area",795,28.87,311,27.51,5.76,0.49,2.29,0.34
2026-09-03,Monthly,2024-12-01,2024-12-31,Metro,"Nassau County, NY metro area",375,0.12,168,-24.88,5.29,-0.24,2.38,-0.97
2026-09-03,Monthly,2024-12-01,2024-12-31,Metro,"New Brunswick, NJ metro area",381,16.18,156,21.08,4.58,0.08,1.92,0.13
2026-09-03,Monthly,2024-12-01,2024-12-31,Metro,"New York, NY metro area",1799,-2.81,765,-1.33,6.64,-0.31,2.77,-0.16
2026-09-03,Monthly,2024-12-01,2024-12-31,Metro,"Newark, NJ metro area",273,2,91,-1.54,5.52,0.36,1.86,0.05
2026-09-03,Monthly,2024-12-01,2024-12-31,Metro,"Oakland, CA metro area",425,31.72,228,110.95,7.43,0.35,4.14,1.67
2026-09-03,Monthly,2024-12-01,2024-12-31,Metro,"Orlando, FL metro area",965,47.93,376,46.5,5.44,0.87,2.21,0.42
2026-09-03,Monthly,2024-12-01,2024-12-31,Metro,"Philadelphia, PA metro area",608,3.07,263,10.44,7.68,0.19,3.29,0.26
2026-09-03,Monthly,2024-12-01,2024-12-31,Metro,"Phoenix, AZ metro area",1411,43.95,678,53.34,4.8,0.5,2.28,0.36
2026-09-03,Monthly,2024-12-01,2024-12-31,Metro,"Pittsburgh, PA metro area",292,3.25,118,15.97,3.3,-0.09,1.22,0.04
2026-09-03,Monthly,2024-12-01,2024-12-31,Metro,"Portland, OR metro area",404,11.27,211,39.52,4.12,-0.15,2.18,0.4
2026-09-03,Monthly,2024-12-01,2024-12-31,Metro,"Providence, RI metro area",196,22.7,85,3.03,5.15,0.61,2.24,-0.16
2026-09-03,Monthly,2024-12-01,2024-12-31,Metro,"Riverside, CA metro area",1025,40.55,429,28.23,5.25,0.31,2.31,-0.02
2026-09-03,Monthly,2024-12-01,2024-12-31,Metro,"Sacramento, CA metro area",421,42.02,169,35.43,6.18,0.92,2.54,0.29
2026-09-03,Monthly,2024-12-01,2024-12-31,Metro,"San Antonio, TX metro area",980,34.92,366,34.44,5.34,0.69,1.91,0.23
2026-09-03,Monthly,2024-12-01,2024-12-31,Metro,"San Diego, CA metro area",426,49.94,179,73.93,5.75,0.76,2.39,0.58
2026-09-03,Monthly,2024-12-01,2024-12-31,Metro,"San Francisco, CA metro area",223,-12.77,114,0.17,7.76,-1.28,3.74,-0.13
2026-09-03,Monthly,2024-12-01,2024-12-31,Metro,"San Jose, CA metro area",103,-26.7,76,73.96,3.44,-2.03,2.69,0.88
2026-09-03,Monthly,2024-12-01,2024-12-31,Metro,"Seattle, WA metro area",597,52.88,247,56.09,7.23,1.54,3.16,0.67
2026-09-03,Monthly,2024-12-01,2024-12-31,Metro,"St. Louis, MO metro area",624,29.94,218,17.42,7.33,1.3,2.34,0.11
2026-09-03,Monthly,2024-12-01,2024-12-31,Metro,"Tampa, FL metro area",1254,33.78,687,121.53,5.21,0.57,2.79,1.29
2026-09-03,Monthly,2024-12-01,2024-12-31,Metro,"Virginia Beach, VA metro area",312,22.15,107,33.01,4.28,0.2,1.46,0.23
2026-09-03,Monthly,2024-12-01,2024-12-31,Metro,"Warren, MI metro area",390,23.65,179,42.95,4.79,0.61,2.23,0.54
2026-09-03,Monthly,2024-12-01,2024-12-31,Metro,"Washington, DC metro area",832,15.65,319,8.36,5.37,0.02,2.08,-0.09
2026-09-03,Monthly,2024-12-01,2024-12-31,Metro,"West Palm Beach, FL metro area",1113,46.67,496,73.53,6.51,0.93,2.87,0.78
2026-09-03,Monthly,2024-11-01,2024-11-30,Metro,"Anaheim, CA metro area",304,34.76,124,36.15,4.46,0.02,1.85,0.06
2026-09-03,Monthly,2024-11-01,2024-11-30,Metro,"Atlanta, GA metro area",1902,-43.45,629,36.29,5.73,-5.21,1.89,0.39
2026-09-03,Monthly,2024-11-01,2024-11-30,Metro,"Austin, TX metro area",834,2.95,336,11.5,5.3,-0.36,2.12,0.07
2026-09-03,Monthly,2024-11-01,2024-11-30,Metro,"Baltimore, MD metro area",442,8.93,195,14.54,4.9,-0.23,2.2,0.04
2026-09-03,Monthly,2024-11-01,2024-11-30,Metro,"Boston, MA metro area",583,13.69,267,9.82,6.4,0.28,2.97,0.03
2026-09-03,Monthly,2024-11-01,2024-11-30,Metro,"Charlotte, NC metro area",564,67.53,229,46.34,5.02,0.48,1.59,0.18
2026-09-03,Monthly,2024-11-01,2024-11-30,Metro,"Chicago, IL metro area",1105,2.34,561,-10.18,4.22,-0.15,2.16,-0.38
2026-09-03,Monthly,2024-11-01,2024-11-30,Metro,"Cincinnati, OH metro area",264,18.93,116,50.23,3.44,-0.62,1.58,0.17
2026-09-03,Monthly,2024-11-01,2024-11-30,Metro,"Cleveland, OH metro area",271,-5.24,138,0.37,4.11,-0.5,2.08,-0.15
2026-09-03,Monthly,2024-11-01,2024-11-30,Metro,"Columbus, OH metro area",267,33.71,120,18.19,3.44,0.43,1.58,0.03
2026-09-03,Monthly,2024-11-01,2024-11-30,Metro,"Dallas, TX metro area",1722,38.05,758,51.06,5.94,0.16,2.61,0.3
2026-09-03,Monthly,2024-11-01,2024-11-30,Metro,"Denver, CO metro area",778,48.98,368,66.34,5.29,0.54,2.6,0.46
2026-09-03,Monthly,2024-11-01,2024-11-30,Metro,"Detroit, MI metro area",354,-5.84,160,1.3,5.67,-0.44,2.57,-0.06
2026-09-03,Monthly,2024-11-01,2024-11-30,Metro,"Fort Lauderdale, FL metro area",1252,49.13,494,58.94,6.16,0.56,2.47,0.41
2026-09-03,Monthly,2024-11-01,2024-11-30,Metro,"Fort Worth, TX metro area",704,15.66,359,43.21,5.46,-0.33,2.73,0.42
2026-09-03,Monthly,2024-11-01,2024-11-30,Metro,"Houston, TX metro area",2113,589.83,720,17.6,5.09,4.42,1.79,-0.04
2026-09-03,Monthly,2024-11-01,2024-11-30,Metro,"Indianapolis, IN metro area",359,26.84,146,13.15,4.48,0.4,1.78,0
2026-09-03,Monthly,2024-11-01,2024-11-30,Metro,"Jacksonville, FL metro area",705,73.3,305,70.8,4.98,1.04,2.25,0.57
2026-09-03,Monthly,2024-11-01,2024-11-30,Metro,"Kansas City, MO metro area",300,11.08,118,-6.98,3.5,-0.02,1.31,-0.27
2026-09-03,Monthly,2024-11-01,2024-11-30,Metro,"Las Vegas, NV metro area",588,42.86,243,-2.11,4.84,0.45,2.06,-0.64
2026-09-03,Monthly,2024-11-01,2024-11-30,Metro,"Los Angeles, CA metro area",1152,25.42,502,22.26,5.58,-0.04,2.44,-0.08
2026-09-03,Monthly,2024-11-01,2024-11-30,Metro,"Miami, FL metro area",1342,32.91,542,22.88,6.6,-0.22,2.77,-0.15
2026-09-03,Monthly,2024-11-01,2024-11-30,Metro,"Milwaukee, WI metro area",125,-18.54,48,-23.35,3.57,-1.31,1.03,-0.36
2026-09-03,Monthly,2024-11-01,2024-11-30,Metro,"Minneapolis, MN metro area",568,19.61,219,4.17,4.35,0.3,1.71,-0.12
2026-09-03,Monthly,2024-11-01,2024-11-30,Metro,"Montgomery County, PA metro area",180,10.25,89,52.7,3.74,-0.18,1.83,0.52
2026-09-03,Monthly,2024-11-01,2024-11-30,Metro,"Nashville, TN metro area",779,25.6,297,15.14,5.63,0.3,2.19,0.03
2026-09-03,Monthly,2024-11-01,2024-11-30,Metro,"Nassau County, NY metro area",412,12.23,182,-6.44,5.7,0.23,2.51,-0.43
2026-09-03,Monthly,2024-11-01,2024-11-30,Metro,"New Brunswick, NJ metro area",365,15.14,142,-1.52,4.38,0.19,1.72,-0.2
2026-09-03,Monthly,2024-11-01,2024-11-30,Metro,"New York, NY metro area",1744,-4.57,767,5.95,6.32,-0.48,2.8,0.14
2026-09-03,Monthly,2024-11-01,2024-11-30,Metro,"Newark, NJ metro area",256,-20.91,95,3.85,5.02,-1.63,1.91,0.01
2026-09-03,Monthly,2024-11-01,2024-11-30,Metro,"Oakland, CA metro area",379,24.5,171,37.06,7.07,0.07,3.25,0.3
2026-09-03,Monthly,2024-11-01,2024-11-30,Metro,"Orlando, FL metro area",940,50.11,343,38.59,5.28,0.78,2.06,0.24
2026-09-03,Monthly,2024-11-01,2024-11-30,Metro,"Philadelphia, PA metro area",607,8.67,254,-7.91,7.65,0.34,3.18,-0.37
2026-09-03,Monthly,2024-11-01,2024-11-30,Metro,"Phoenix, AZ metro area",1336,34.02,646,23.65,4.69,0.08,2.26,-0.14
2026-09-03,Monthly,2024-11-01,2024-11-30,Metro,"Pittsburgh, PA metro area",288,2.97,85,-19.87,3.24,-0.18,1,-0.41
2026-09-03,Monthly,2024-11-01,2024-11-30,Metro,"Portland, OR metro area",390,17.52,146,8.9,4.15,0.15,1.58,-0.06
2026-09-03,Monthly,2024-11-01,2024-11-30,Metro,"Providence, RI metro area",179,12.42,83,-4.57,4.55,-0.18,2.14,-0.43
2026-09-03,Monthly,2024-11-01,2024-11-30,Metro,"Riverside, CA metro area",949,29.54,452,34.24,5.04,-0.07,2.42,0.02
2026-09-03,Monthly,2024-11-01,2024-11-30,Metro,"Sacramento, CA metro area",430,58.77,173,34.13,6.38,1.33,2.6,0.16
2026-09-03,Monthly,2024-11-01,2024-11-30,Metro,"San Antonio, TX metro area",911,18.29,363,27.41,5.09,0.21,1.95,0.19
2026-09-03,Monthly,2024-11-01,2024-11-30,Metro,"San Diego, CA metro area",391,33.32,170,47.1,5.38,-0.11,2.33,0.19
2026-09-03,Monthly,2024-11-01,2024-11-30,Metro,"San Francisco, CA metro area",207,-12.25,116,36.84,7.29,-1.2,3.99,1.02
2026-09-03,Monthly,2024-11-01,2024-11-30,Metro,"San Jose, CA metro area",107,-6.45,77,40.41,3.56,-1.02,2.69,0.41
2026-09-03,Monthly,2024-11-01,2024-11-30,Metro,"Seattle, WA metro area",562,57.27,229,42.49,6.86,1.41,2.96,0.38
2026-09-03,Monthly,2024-11-01,2024-11-30,Metro,"St. Louis, MO metro area",544,11.62,186,11.27,6.33,-0.06,2.09,0.07
2026-09-03,Monthly,2024-11-01,2024-11-30,Metro,"Tampa, FL metro area",1246,42.07,673,99.37,5.44,0.93,2.78,1.08
2026-09-03,Monthly,2024-11-01,2024-11-30,Metro,"Virginia Beach, VA metro area",273,14.38,116,30.24,3.83,-0.02,1.57,0.12
2026-09-03,Monthly,2024-11-01,2024-11-30,Metro,"Warren, MI metro area",354,9.09,187,31.17,4.36,0,2.32,0.37
2026-09-03,Monthly,2024-11-01,2024-11-30,Metro,"Washington, DC metro area",746,5.65,346,28.34,4.96,-0.34,2.28,0.26
2026-09-03,Monthly,2024-11-01,2024-11-30,Metro,"West Palm Beach, FL metro area",1043,58.19,561,81.51,6.31,1.22,3.3,0.97
2026-09-03,Monthly,2024-10-01,2024-10-31,Metro,"Anaheim, CA metro area",296,51.29,109,-9.84,4.41,0.48,1.65,-0.77
2026-09-03,Monthly,2024-10-01,2024-10-31,Metro,"Atlanta, GA metro area",1819,-45.71,657,27.8,5.6,-5.4,1.97,0.34
2026-09-03,Monthly,2024-10-01,2024-10-31,Metro,"Austin, TX metro area",911,19.3,369,13.93,5.75,0.22,2.33,-0.04
2026-09-03,Monthly,2024-10-01,2024-10-31,Metro,"Baltimore, MD metro area",431,18.54,198,28.94,4.87,0.15,2.27,0.25
2026-09-03,Monthly,2024-10-01,2024-10-31,Metro,"Boston, MA metro area",585,25.61,281,1.51,6.27,0.45,3.08,-0.43
2026-09-03,Monthly,2024-10-01,2024-10-31,Metro,"Charlotte, NC metro area",564,45.95,208,27.04,4.86,0.18,1.47,-0.05
2026-09-03,Monthly,2024-10-01,2024-10-31,Metro,"Chicago, IL metro area",1044,0.57,553,-7.64,4.01,-0.26,2.14,-0.31
2026-09-03,Monthly,2024-10-01,2024-10-31,Metro,"Cincinnati, OH metro area",272,42.89,117,49.33,3.55,0.01,1.55,0.08
2026-09-03,Monthly,2024-10-01,2024-10-31,Metro,"Cleveland, OH metro area",301,25.1,112,-21.06,4.66,0.7,1.77,-0.59
2026-09-03,Monthly,2024-10-01,2024-10-31,Metro,"Columbus, OH metro area",250,14.22,117,12.19,3.28,-0.11,1.56,-0.07
2026-09-03,Monthly,2024-10-01,2024-10-31,Metro,"Dallas, TX metro area",1674,41.69,840,77.81,5.86,0.07,2.96,0.63
2026-09-03,Monthly,2024-10-01,2024-10-31,Metro,"Denver, CO metro area",742,41.24,332,59.48,5.2,0.31,2.38,0.27
2026-09-03,Monthly,2024-10-01,2024-10-31,Metro,"Detroit, MI metro area",401,8.99,153,-9.77,6.36,0.11,2.42,-0.46
2026-09-03,Monthly,2024-10-01,2024-10-31,Metro,"Fort Lauderdale, FL metro area",1169,59.56,432,39.56,6.02,0.88,2.18,0
2026-09-03,Monthly,2024-10-01,2024-10-31,Metro,"Fort Worth, TX metro area",730,35.25,341,33.71,5.74,0.22,2.63,0.12
2026-09-03,Monthly,2024-10-01,2024-10-31,Metro,"Houston, TX metro area",2112,89.17,718,25.82,5.19,1.76,1.82,0.03
2026-09-03,Monthly,2024-10-01,2024-10-31,Metro,"Indianapolis, IN metro area",336,18.7,156,11.54,4.21,0.05,1.92,-0.12
2026-09-03,Monthly,2024-10-01,2024-10-31,Metro,"Jacksonville, FL metro area",658,67.42,251,25.72,4.8,0.9,1.86,-0.05
2026-09-03,Monthly,2024-10-01,2024-10-31,Metro,"Kansas City, MO metro area",345,24.34,143,16.95,3.87,0.34,1.56,-0.01
2026-09-03,Monthly,2024-10-01,2024-10-31,Metro,"Las Vegas, NV metro area",561,37,230,-17.65,4.67,0.02,1.99,-1.21
2026-09-03,Monthly,2024-10-01,2024-10-31,Metro,"Los Angeles, CA metro area",1154,29.78,477,11.17,5.69,0.12,2.34,-0.38
2026-09-03,Monthly,2024-10-01,2024-10-31,Metro,"Miami, FL metro area",1310,30.42,504,10.33,6.83,0.06,2.63,-0.53
2026-09-03,Monthly,2024-10-01,2024-10-31,Metro,"Milwaukee, WI metro area",140,12.1,51,-14.78,3.38,-0.05,1.06,-0.24
2026-09-03,Monthly,2024-10-01,2024-10-31,Metro,"Minneapolis, MN metro area",485,7.6,214,2.59,3.77,-0.2,1.68,-0.19
2026-09-03,Monthly,2024-10-01,2024-10-31,Metro,"Montgomery County, PA metro area",174,2.45,69,-11.77,3.66,-0.24,1.38,-0.43
2026-09-03,Monthly,2024-10-01,2024-10-31,Metro,"Nashville, TN metro area",777,39.15,296,17.22,5.54,0.62,2.19,0.06
2026-09-03,Monthly,2024-10-01,2024-10-31,Metro,"Nassau County, NY metro area",394,6.15,186,-4.59,5.45,-0.18,2.59,-0.34
2026-09-03,Monthly,2024-10-01,2024-10-31,Metro,"New Brunswick, NJ metro area",378,30.58,142,-9.21,4.51,0.7,1.72,-0.4
2026-09-03,Monthly,2024-10-01,2024-10-31,Metro,"New York, NY metro area",1800,-13.95,713,-10.35,6.65,-0.63,2.63,-0.16
2026-09-03,Monthly,2024-10-01,2024-10-31,Metro,"Newark, NJ metro area",271,-8.35,93,0.65,5.08,-0.68,1.9,0.04
2026-09-03,Monthly,2024-10-01,2024-10-31,Metro,"Oakland, CA metro area",388,39.74,155,39.39,7.21,0.62,2.9,0.2
2026-09-03,Monthly,2024-10-01,2024-10-31,Metro,"Orlando, FL metro area",885,57.16,317,22.46,5.03,0.63,1.89,-0.14
2026-09-03,Monthly,2024-10-01,2024-10-31,Metro,"Philadelphia, PA metro area",555,-7.12,234,-7.09,7.19,-0.66,3.01,-0.28
2026-09-03,Monthly,2024-10-01,2024-10-31,Metro,"Phoenix, AZ metro area",1283,45.57,618,28.86,4.55,0.29,2.17,-0.18
2026-09-03,Monthly,2024-10-01,2024-10-31,Metro,"Pittsburgh, PA metro area",258,-18.31,121,37.63,2.98,-0.94,1.44,0.41
2026-09-03,Monthly,2024-10-01,2024-10-31,Metro,"Portland, OR metro area",380,15.2,159,7.35,4.06,-0.19,1.73,-0.2
2026-09-03,Monthly,2024-10-01,2024-10-31,Metro,"Providence, RI metro area",182,14.76,91,58.94,4.71,-0.05,2.32,0.64
2026-09-03,Monthly,2024-10-01,2024-10-31,Metro,"Riverside, CA metro area",914,30.13,430,17.83,5.03,0.02,2.28,-0.32
2026-09-03,Monthly,2024-10-01,2024-10-31,Metro,"Sacramento, CA metro area",360,38.36,186,66.12,5.37,0.08,2.78,0.45
2026-09-03,Monthly,2024-10-01,2024-10-31,Metro,"San Antonio, TX metro area",842,9.12,359,44.16,4.92,-0.07,1.95,0.3
2026-09-03,Monthly,2024-10-01,2024-10-31,Metro,"San Diego, CA metro area",366,42.57,161,19.08,4.98,0.14,2.22,-0.35
2026-09-03,Monthly,2024-10-01,2024-10-31,Metro,"San Francisco, CA metro area",202,-1.45,110,3.08,6.98,-0.57,3.82,-0.01
2026-09-03,Monthly,2024-10-01,2024-10-31,Metro,"San Jose, CA metro area",136,26.95,80,50.4,4.58,-0.18,2.8,0.42
2026-09-03,Monthly,2024-10-01,2024-10-31,Metro,"Seattle, WA metro area",483,29.82,225,59.48,6.01,0,2.88,0.52
2026-09-03,Monthly,2024-10-01,2024-10-31,Metro,"St. Louis, MO metro area",560,26.91,182,43.88,6.31,0.65,2,0.49
2026-09-03,Monthly,2024-10-01,2024-10-31,Metro,"Tampa, FL metro area",1877,155.82,407,21.06,8.36,4.33,1.77,-0.04
2026-09-03,Monthly,2024-10-01,2024-10-31,Metro,"Virginia Beach, VA metro area",284,26.9,119,46.82,3.93,0.34,1.59,0.32
2026-09-03,Monthly,2024-10-01,2024-10-31,Metro,"Warren, MI metro area",384,36.12,139,-14.34,4.8,0.85,1.75,-0.52
2026-09-03,Monthly,2024-10-01,2024-10-31,Metro,"Washington, DC metro area",725,6.56,310,32.88,4.9,-0.35,2.09,0.27
2026-09-03,Monthly,2024-10-01,2024-10-31,Metro,"West Palm Beach, FL metro area",1040,64.59,446,40.31,6.42,1.39,2.72,0.22
2026-09-03,Monthly,2024-09-01,2024-09-30,Metro,"Anaheim, CA metro area",279,53.14,108,-4.31,4.37,0.73,1.7,-0.65
2026-09-03,Monthly,2024-09-01,2024-09-30,Metro,"Atlanta, GA metro area",1717,-46.25,637,27.01,5.31,-5.21,1.93,0.33
2026-09-03,Monthly,2024-09-01,2024-09-30,Metro,"Austin, TX metro area",841,11.58,394,24.32,5.38,-0.13,2.53,0.15
2026-09-03,Monthly,2024-09-01,2024-09-30,Metro,"Baltimore, MD metro area",422,13.75,205,17.64,4.84,-0.1,2.38,-0.01
2026-09-03,Monthly,2024-09-01,2024-09-30,Metro,"Boston, MA metro area",544,11.5,278,15.57,6.01,-0.08,3.13,0.04
2026-09-03,Monthly,2024-09-01,2024-09-30,Metro,"Charlotte, NC metro area",555,53.83,210,36.23,4.05,0.52,1.5,0.04
2026-09-03,Monthly,2024-09-01,2024-09-30,Metro,"Chicago, IL metro area",1081,1.4,505,-21.38,4.23,-0.14,1.97,-0.66
2026-09-03,Monthly,2024-09-01,2024-09-30,Metro,"Cincinnati, OH metro area",262,32.03,103,4.58,3.46,-0.29,1.38,-0.62
2026-09-03,Monthly,2024-09-01,2024-09-30,Metro,"Cleveland, OH metro area",286,15.32,123,-10.73,4.59,0.42,1.97,-0.35
2026-09-03,Monthly,2024-09-01,2024-09-30,Metro,"Columbus, OH metro area",256,21.68,127,46.1,3.43,0.14,1.74,0.33
2026-09-03,Monthly,2024-09-01,2024-09-30,Metro,"Dallas, TX metro area",1518,37.23,795,76.85,5.53,-0.17,2.92,0.58
2026-09-03,Monthly,2024-09-01,2024-09-30,Metro,"Denver, CO metro area",699,50.66,333,66.51,5.03,0.5,2.45,0.37
2026-09-03,Monthly,2024-09-01,2024-09-30,Metro,"Detroit, MI metro area",404,9.33,149,-14.82,6.44,0.1,2.41,-0.55
2026-09-03,Monthly,2024-09-01,2024-09-30,Metro,"Fort Lauderdale, FL metro area",1228,69.53,476,50.68,6.18,0.98,2.43,0.08
2026-09-03,Monthly,2024-09-01,2024-09-30,Metro,"Fort Worth, TX metro area",698,36.09,372,55.69,5.75,0.39,2.96,0.5
2026-09-03,Monthly,2024-09-01,2024-09-30,Metro,"Houston, TX metro area",1925,19.6,725,19.08,5.06,-0.41,1.87,-0.11
2026-09-03,Monthly,2024-09-01,2024-09-30,Metro,"Indianapolis, IN metro area",317,4.02,141,-10.1,4.04,-0.47,1.8,-0.53
2026-09-03,Monthly,2024-09-01,2024-09-30,Metro,"Jacksonville, FL metro area",622,42.66,242,22.47,4.63,0.35,1.82,-0.1
2026-09-03,Monthly,2024-09-01,2024-09-30,Metro,"Kansas City, MO metro area",321,19.82,160,37.53,3.69,0.16,1.77,0.26
2026-09-03,Monthly,2024-09-01,2024-09-30,Metro,"Las Vegas, NV metro area",552,36.02,201,-30.92,4.71,0.04,1.77,-1.6
2026-09-03,Monthly,2024-09-01,2024-09-30,Metro,"Los Angeles, CA metro area",1086,31.55,509,14.51,5.44,0.04,2.54,-0.36
2026-09-03,Monthly,2024-09-01,2024-09-30,Metro,"Miami, FL metro area",1340,35.83,533,14.37,7.12,0.47,2.79,-0.55
2026-09-03,Monthly,2024-09-01,2024-09-30,Metro,"Milwaukee, WI metro area",135,3.23,67,10.36,3.1,-0.01,1.4,0.06
2026-09-03,Monthly,2024-09-01,2024-09-30,Metro,"Minneapolis, MN metro area",462,4.27,219,5.63,3.64,-0.36,1.73,-0.13
2026-09-03,Monthly,2024-09-01,2024-09-30,Metro,"Montgomery County, PA metro area",175,24.18,88,44.94,3.61,0.02,1.74,0.29
2026-09-03,Monthly,2024-09-01,2024-09-30,Metro,"Nashville, TN metro area",724,19.28,304,14.85,5.33,0.07,2.24,0
2026-09-03,Monthly,2024-09-01,2024-09-30,Metro,"Nassau County, NY metro area",424,9.69,181,-19.53,5.79,-0.1,2.53,-0.95
2026-09-03,Monthly,2024-09-01,2024-09-30,Metro,"New Brunswick, NJ metro area",341,-8.3,147,-3.91,4.22,-1.2,1.81,-0.38
2026-09-03,Monthly,2024-09-01,2024-09-30,Metro,"New York, NY metro area",1753,-23.95,787,-1.51,6.58,-1.65,2.98,0.08
2026-09-03,Monthly,2024-09-01,2024-09-30,Metro,"Newark, NJ metro area",249,-8.84,96,10.28,4.9,-0.48,1.93,0.26
2026-09-03,Monthly,2024-09-01,2024-09-30,Metro,"Oakland, CA metro area",344,49.75,198,69.28,6.51,0.83,3.67,0.79
2026-09-03,Monthly,2024-09-01,2024-09-30,Metro,"Orlando, FL metro area",902,61.57,362,45.97,5.04,0.59,2.13,0.06
2026-09-03,Monthly,2024-09-01,2024-09-30,Metro,"Philadelphia, PA metro area",600,7.51,260,-4.33,7.73,0.34,3.27,-0.29
2026-09-03,Monthly,2024-09-01,2024-09-30,Metro,"Phoenix, AZ metro area",1250,45.59,634,21.48,4.47,0.17,2.27,-0.36
2026-09-03,Monthly,2024-09-01,2024-09-30,Metro,"Pittsburgh, PA metro area",298,4.8,115,29.15,3.41,-0.09,1.39,0.22
2026-09-03,Monthly,2024-09-01,2024-09-30,Metro,"Portland, OR metro area",364,5.22,213,37.49,3.95,-0.59,2.32,0.27
2026-09-03,Monthly,2024-09-01,2024-09-30,Metro,"Providence, RI metro area",172,21.74,74,-4.94,4.62,0.23,1.91,-0.5
2026-09-03,Monthly,2024-09-01,2024-09-30,Metro,"Riverside, CA metro area",862,21.76,418,22.16,4.88,-0.32,2.38,-0.14
2026-09-03,Monthly,2024-09-01,2024-09-30,Metro,"Sacramento, CA metro area",369,48.66,193,57.07,5.57,0.41,2.93,0.37
2026-09-03,Monthly,2024-09-01,2024-09-30,Metro,"San Antonio, TX metro area",875,28.74,353,38.04,4.94,0.25,1.95,0.21
2026-09-03,Monthly,2024-09-01,2024-09-30,Metro,"San Diego, CA metro area",352,59.39,164,48.27,4.92,0.41,2.31,0.04
2026-09-03,Monthly,2024-09-01,2024-09-30,Metro,"San Francisco, CA metro area",182,-27.15,132,1.99,6.4,-2.88,4.66,-0.1
2026-09-03,Monthly,2024-09-01,2024-09-30,Metro,"San Jose, CA metro area",122,15.01,76,63,4.28,-0.6,2.66,0.49
2026-09-03,Monthly,2024-09-01,2024-09-30,Metro,"Seattle, WA metro area",484,40.97,220,20.7,6.22,0.6,2.86,-0.22
2026-09-03,Monthly,2024-09-01,2024-09-30,Metro,"St. Louis, MO metro area",529,13.38,166,14.24,5.89,-0.25,1.94,0.13
2026-09-03,Monthly,2024-09-01,2024-09-30,Metro,"Tampa, FL metro area",1645,123.75,452,28.57,6.15,2.09,1.84,-0.15
2026-09-03,Monthly,2024-09-01,2024-09-30,Metro,"Virginia Beach, VA metro area",215,16.16,111,44.36,2.99,-0.09,1.52,0.34
2026-09-03,Monthly,2024-09-01,2024-09-30,Metro,"Warren, MI metro area",351,14.56,156,9.16,4.39,0.03,1.99,-0.07
2026-09-03,Monthly,2024-09-01,2024-09-30,Metro,"Washington, DC metro area",728,21.02,307,12.49,4.98,0.2,2.09,-0.03
2026-09-03,Monthly,2024-09-01,2024-09-30,Metro,"West Palm Beach, FL metro area",1076,79.69,468,41.49,6.51,1.56,2.82,0.11
2026-09-03,Monthly,2024-08-01,2024-08-31,Metro,"Anaheim, CA metro area",265,26.36,105,-6.4,4.32,0.08,1.77,-0.57
2026-09-03,Monthly,2024-08-01,2024-08-31,Metro,"Atlanta, GA metro area",2016,-34.1,558,14.47,6.18,-3.95,1.75,0.13
2026-09-03,Monthly,2024-08-01,2024-08-31,Metro,"Austin, TX metro area",914,24.72,337,-3.95,6.01,0.43,2.2,-0.46
2026-09-03,Monthly,2024-08-01,2024-08-31,Metro,"Baltimore, MD metro area",417,20.65,200,8.05,4.94,0.19,2.38,-0.18
2026-09-03,Monthly,2024-08-01,2024-08-31,Metro,"Boston, MA metro area",560,26.55,265,37.5,6.22,0.59,3.09,0.52
2026-09-03,Monthly,2024-08-01,2024-08-31,Metro,"Charlotte, NC metro area",561,63.57,208,28.69,4.1,0.52,1.49,-0.05
2026-09-03,Monthly,2024-08-01,2024-08-31,Metro,"Chicago, IL metro area",1558,45.89,989,41.73,6.16,1.83,3.88,1.06
2026-09-03,Monthly,2024-08-01,2024-08-31,Metro,"Cincinnati, OH metro area",269,84.38,95,13.76,3.78,0.44,1.34,-0.52
2026-09-03,Monthly,2024-08-01,2024-08-31,Metro,"Cleveland, OH metro area",304,4.61,122,-4.77,4.88,-0.14,2.01,-0.25
2026-09-03,Monthly,2024-08-01,2024-08-31,Metro,"Columbus, OH metro area",260,30.2,100,2.49,3.58,0.43,1.39,-0.17
2026-09-03,Monthly,2024-08-01,2024-08-31,Metro,"Dallas, TX metro area",1591,62.02,747,66.78,5.98,0.77,2.85,0.45
2026-09-03,Monthly,2024-08-01,2024-08-31,Metro,"Denver, CO metro area",699,72.58,294,34.89,5.21,1.06,2.18,0.02
2026-09-03,Monthly,2024-08-01,2024-08-31,Metro,"Detroit, MI metro area",417,12.83,180,21.69,6.67,0.34,2.78,0.26
2026-09-03,Monthly,2024-08-01,2024-08-31,Metro,"Fort Lauderdale, FL metro area",1308,91.12,445,37.09,6.61,1.56,2.3,-0.12
2026-09-03,Monthly,2024-08-01,2024-08-31,Metro,"Fort Worth, TX metro area",696,41.98,345,38.78,5.81,0.45,2.83,0.18
2026-09-03,Monthly,2024-08-01,2024-08-31,Metro,"Houston, TX metro area",1919,41.14,638,3.91,5.18,0.24,1.69,-0.38
2026-09-03,Monthly,2024-08-01,2024-08-31,Metro,"Indianapolis, IN metro area",336,19.65,187,39.73,4.32,0.02,2.42,0.37
2026-09-03,Monthly,2024-08-01,2024-08-31,Metro,"Jacksonville, FL metro area",643,53.18,244,20.72,4.73,0.29,1.83,-0.18
2026-09-03,Monthly,2024-08-01,2024-08-31,Metro,"Kansas City, MO metro area",341,51.34,162,63.51,3.99,0.82,1.88,0.53
2026-09-03,Monthly,2024-08-01,2024-08-31,Metro,"Las Vegas, NV metro area",478,8.53,197,-33.35,4.29,-0.75,1.81,-1.62
2026-09-03,Monthly,2024-08-01,2024-08-31,Metro,"Los Angeles, CA metro area",1100,37.09,479,6.23,5.7,0.33,2.47,-0.51
2026-09-03,Monthly,2024-08-01,2024-08-31,Metro,"Miami, FL metro area",1271,34.21,533,14.24,6.78,0.32,2.83,-0.61
2026-09-03,Monthly,2024-08-01,2024-08-31,Metro,"Milwaukee, WI metro area",133,2.25,47,-24.17,2.7,-0.09,1.03,-0.37
2026-09-03,Monthly,2024-08-01,2024-08-31,Metro,"Minneapolis, MN metro area",450,5.78,200,-5.83,3.72,-0.14,1.62,-0.3
2026-09-03,Monthly,2024-08-01,2024-08-31,Metro,"Montgomery County, PA metro area",154,7.3,74,36,3.51,-0.2,1.53,0.19
2026-09-03,Monthly,2024-08-01,2024-08-31,Metro,"Nashville, TN metro area",725,28.02,270,9.27,5.46,0.46,2.09,-0.07
2026-09-03,Monthly,2024-08-01,2024-08-31,Metro,"Nassau County, NY metro area",370,-4.27,174,-15.01,5.19,-0.65,2.41,-0.72
2026-09-03,Monthly,2024-08-01,2024-08-31,Metro,"New Brunswick, NJ metro area",325,-11.34,108,-30.28,4.12,-1.28,1.34,-0.9
2026-09-03,Monthly,2024-08-01,2024-08-31,Metro,"New York, NY metro area",1860,4.82,755,-3.41,7.25,0.54,2.88,-0.02
2026-09-03,Monthly,2024-08-01,2024-08-31,Metro,"Newark, NJ metro area",248,-4.71,87,-13.87,5.01,-0.03,1.69,-0.44
2026-09-03,Monthly,2024-08-01,2024-08-31,Metro,"Oakland, CA metro area",382,74.77,180,37.45,7.5,1.93,3.52,0.17
2026-09-03,Monthly,2024-08-01,2024-08-31,Metro,"Orlando, FL metro area",897,67.03,335,32.61,5.16,0.67,2,-0.14
2026-09-03,Monthly,2024-08-01,2024-08-31,Metro,"Philadelphia, PA metro area",536,-4.03,229,-8.47,7,-0.64,2.98,-0.4
2026-09-03,Monthly,2024-08-01,2024-08-31,Metro,"Phoenix, AZ metro area",1292,63.37,563,-0.51,4.85,0.8,2.09,-0.78
2026-09-03,Monthly,2024-08-01,2024-08-31,Metro,"Pittsburgh, PA metro area",316,17.62,95,-16.93,3.71,0.45,1.09,-0.26
2026-09-03,Monthly,2024-08-01,2024-08-31,Metro,"Portland, OR metro area",424,27.33,140,-5.7,4.67,0.27,1.62,-0.41
2026-09-03,Monthly,2024-08-01,2024-08-31,Metro,"Providence, RI metro area",192,57.54,81,10.26,5.03,1.3,2.15,-0.09
2026-09-03,Monthly,2024-08-01,2024-08-31,Metro,"Riverside, CA metro area",886,33.87,420,21.13,5.12,0.19,2.45,-0.1
2026-09-03,Monthly,2024-08-01,2024-08-31,Metro,"Sacramento, CA metro area",351,32.03,151,7.52,5.57,-0.02,2.45,-0.57
2026-09-03,Monthly,2024-08-01,2024-08-31,Metro,"San Antonio, TX metro area",926,58.05,309,20.87,5.37,0.93,1.77,-0.05
2026-09-03,Monthly,2024-08-01,2024-08-31,Metro,"San Diego, CA metro area",352,74.79,154,15.85,5.33,0.92,2.26,-0.58
2026-09-03,Monthly,2024-08-01,2024-08-31,Metro,"San Francisco, CA metro area",216,-7.95,109,-9.76,7.93,-1.13,3.81,-0.69
2026-09-03,Monthly,2024-08-01,2024-08-31,Metro,"San Jose, CA metro area",129,33.06,74,0.88,4.94,0.09,2.76,-0.87
2026-09-03,Monthly,2024-08-01,2024-08-31,Metro,"Seattle, WA metro area",493,54.49,160,-16.05,6.55,1.06,2.19,-1.14
2026-09-03,Monthly,2024-08-01,2024-08-31,Metro,"St. Louis, MO metro area",528,19.04,161,19.66,6.01,0.27,1.93,0.2
2026-09-03,Monthly,2024-08-01,2024-08-31,Metro,"Tampa, FL metro area",1410,113.99,479,55.31,5.56,1.63,1.95,0.04
2026-09-03,Monthly,2024-08-01,2024-08-31,Metro,"Virginia Beach, VA metro area",250,18.36,95,8.42,3.57,0.02,1.25,-0.15
2026-09-03,Monthly,2024-08-01,2024-08-31,Metro,"Warren, MI metro area",361,16.35,113,-28.67,4.7,0.32,1.5,-0.78
2026-09-03,Monthly,2024-08-01,2024-08-31,Metro,"Washington, DC metro area",690,10.09,291,-5.63,4.88,-0.08,2.05,-0.38
2026-09-03,Monthly,2024-08-01,2024-08-31,Metro,"West Palm Beach, FL metro area",1055,61.75,403,23.07,6.34,0.91,2.46,-0.29
2026-09-03,Monthly,2024-07-01,2024-07-31,Metro,"Anaheim, CA metro area",236,39.36,107,-18.13,3.97,0.49,1.85,-0.9
2026-09-03,Monthly,2024-07-01,2024-07-31,Metro,"Atlanta, GA metro area",2185,-26.97,544,9.01,6.71,-3.23,1.74,0.03
2026-09-03,Monthly,2024-07-01,2024-07-31,Metro,"Austin, TX metro area",979,37.3,325,-3,6.28,0.73,2.11,-0.54
2026-09-03,Monthly,2024-07-01,2024-07-31,Metro,"Baltimore, MD metro area",472,42.27,179,4.41,5.52,0.96,2.08,-0.29
2026-09-03,Monthly,2024-07-01,2024-07-31,Metro,"Boston, MA metro area",565,15.51,258,-1.36,6.2,-0.01,2.98,-0.53
2026-09-03,Monthly,2024-07-01,2024-07-31,Metro,"Charlotte, NC metro area",541,54.77,195,17.38,3.74,0.53,1.44,-0.15
2026-09-03,Monthly,2024-07-01,2024-07-31,Metro,"Chicago, IL metro area",1051,-6.92,586,-7.54,4.15,-0.44,2.29,-0.28
2026-09-03,Monthly,2024-07-01,2024-07-31,Metro,"Cincinnati, OH metro area",261,23.74,93,15.58,3.64,-0.77,1.34,-0.39
2026-09-03,Monthly,2024-07-01,2024-07-31,Metro,"Cleveland, OH metro area",267,-3.72,104,-28.12,4.43,-0.38,1.76,-0.77
2026-09-03,Monthly,2024-07-01,2024-07-31,Metro,"Columbus, OH metro area",281,36.85,107,29.58,3.85,0.59,1.47,0.14
2026-09-03,Monthly,2024-07-01,2024-07-31,Metro,"Dallas, TX metro area",1523,53.2,697,61.03,5.92,0.44,2.71,0.32
2026-09-03,Monthly,2024-07-01,2024-07-31,Metro,"Denver, CO metro area",640,57.06,282,18.2,4.82,0.5,2.12,-0.3
2026-09-03,Monthly,2024-07-01,2024-07-31,Metro,"Detroit, MI metro area",404,10.84,155,-1.61,6.53,0.42,2.5,-0.12
2026-09-03,Monthly,2024-07-01,2024-07-31,Metro,"Fort Lauderdale, FL metro area",1195,67.1,428,29.93,6.15,0.76,2.26,-0.19
2026-09-03,Monthly,2024-07-01,2024-07-31,Metro,"Fort Worth, TX metro area",759,57.7,309,34.57,6.24,1.19,2.63,0.15
2026-09-03,Monthly,2024-07-01,2024-07-31,Metro,"Houston, TX metro area",2016,27.64,404,-33.42,5.64,0.2,1.14,-0.93
2026-09-03,Monthly,2024-07-01,2024-07-31,Metro,"Indianapolis, IN metro area",313,5.11,122,4.31,4.1,-0.55,1.61,-0.21
2026-09-03,Monthly,2024-07-01,2024-07-31,Metro,"Jacksonville, FL metro area",811,115.15,232,-4.11,5.88,1.95,1.73,-0.66
2026-09-03,Monthly,2024-07-01,2024-07-31,Metro,"Kansas City, MO metro area",311,35.36,120,-2.96,3.66,0.33,1.4,-0.29
2026-09-03,Monthly,2024-07-01,2024-07-31,Metro,"Las Vegas, NV metro area",459,-2.89,210,-25.41,4.32,-1.13,1.99,-1.29
2026-09-03,Monthly,2024-07-01,2024-07-31,Metro,"Los Angeles, CA metro area",1112,36.79,483,6.03,5.81,0.37,2.51,-0.51
2026-09-03,Monthly,2024-07-01,2024-07-31,Metro,"Miami, FL metro area",1227,21.73,503,7.17,6.82,-0.68,2.69,-0.71
2026-09-03,Monthly,2024-07-01,2024-07-31,Metro,"Milwaukee, WI metro area",138,25.52,58,41.93,2.47,0.47,1.35,0.38
2026-09-03,Monthly,2024-07-01,2024-07-31,Metro,"Minneapolis, MN metro area",402,5.49,206,-3.8,3.34,-0.17,1.68,-0.28
2026-09-03,Monthly,2024-07-01,2024-07-31,Metro,"Montgomery County, PA metro area",179,16.23,62,-7.75,3.73,-0.2,1.27,-0.35
2026-09-03,Monthly,2024-07-01,2024-07-31,Metro,"Nashville, TN metro area",680,11.59,289,22.04,5.27,0.04,2.22,0.14
2026-09-03,Monthly,2024-07-01,2024-07-31,Metro,"Nassau County, NY metro area",374,-4.72,176,-20.17,5.24,-0.72,2.48,-0.9
2026-09-03,Monthly,2024-07-01,2024-07-31,Metro,"New Brunswick, NJ metro area",306,-23.71,117,-23.69,3.87,-2.08,1.47,-0.79
2026-09-03,Monthly,2024-07-01,2024-07-31,Metro,"New York, NY metro area",2514,26.57,678,-12.81,9.62,1.95,2.51,-0.36
2026-09-03,Monthly,2024-07-01,2024-07-31,Metro,"Newark, NJ metro area",278,12.5,98,-5.41,5.39,0.63,2.02,0.07
2026-09-03,Monthly,2024-07-01,2024-07-31,Metro,"Oakland, CA metro area",389,77.16,155,2.19,7.51,1.74,3.03,-0.94
2026-09-03,Monthly,2024-07-01,2024-07-31,Metro,"Orlando, FL metro area",850,71.55,300,6.86,4.94,0.75,1.82,-0.5
2026-09-03,Monthly,2024-07-01,2024-07-31,Metro,"Philadelphia, PA metro area",604,5,219,-10.95,7.91,0.12,2.84,-0.47
2026-09-03,Monthly,2024-07-01,2024-07-31,Metro,"Phoenix, AZ metro area",1242,47.17,541,-9.48,4.74,0.41,2.04,-1.01
2026-09-03,Monthly,2024-07-01,2024-07-31,Metro,"Pittsburgh, PA metro area",255,-19.82,94,-16.14,3,-0.83,1.19,-0.23
2026-09-03,Monthly,2024-07-01,2024-07-31,Metro,"Portland, OR metro area",382,31.56,157,-8.63,4.22,0.32,1.81,-0.59
2026-09-03,Monthly,2024-07-01,2024-07-31,Metro,"Providence, RI metro area",191,37.34,92,11.81,4.95,0.6,2.43,-0.18
2026-09-03,Monthly,2024-07-01,2024-07-31,Metro,"Riverside, CA metro area",911,42.77,368,-6.01,5.36,0.59,2.24,-0.59
2026-09-03,Monthly,2024-07-01,2024-07-31,Metro,"Sacramento, CA metro area",365,59.99,145,3.71,5.87,0.97,2.46,-0.67
2026-09-03,Monthly,2024-07-01,2024-07-31,Metro,"San Antonio, TX metro area",945,51.98,299,22.7,5.34,0.7,1.74,-0.11
2026-09-03,Monthly,2024-07-01,2024-07-31,Metro,"San Diego, CA metro area",337,71.16,129,-9.53,5.04,0.78,1.97,-1.15
2026-09-03,Monthly,2024-07-01,2024-07-31,Metro,"San Francisco, CA metro area",206,4.57,106,-15.43,7.54,-0.34,3.61,-1.05
2026-09-03,Monthly,2024-07-01,2024-07-31,Metro,"San Jose, CA metro area",149,99.92,62,8.89,5.77,1.68,2.27,-0.65
2026-09-03,Monthly,2024-07-01,2024-07-31,Metro,"Seattle, WA metro area",481,50.78,167,-18.11,6.43,0.96,2.3,-1.2
2026-09-03,Monthly,2024-07-01,2024-07-31,Metro,"St. Louis, MO metro area",535,31.13,178,15.81,6.04,1.01,2.15,0.11
2026-09-03,Monthly,2024-07-01,2024-07-31,Metro,"Tampa, FL metro area",1264,87.01,428,26.45,4.98,0.82,1.73,-0.39
2026-09-03,Monthly,2024-07-01,2024-07-31,Metro,"Virginia Beach, VA metro area",234,44.6,94,-1.08,3.42,0.68,1.37,-0.27
2026-09-03,Monthly,2024-07-01,2024-07-31,Metro,"Warren, MI metro area",301,-4.81,143,-22.72,3.99,-0.46,1.91,-0.71
2026-09-03,Monthly,2024-07-01,2024-07-31,Metro,"Washington, DC metro area",752,27.21,298,-5.15,5.29,0.61,2.09,-0.37
2026-09-03,Monthly,2024-07-01,2024-07-31,Metro,"West Palm Beach, FL metro area",1083,67.36,389,15.64,6.46,1.06,2.4,-0.43
2026-09-03,Monthly,2024-06-01,2024-06-30,Metro,"Anaheim, CA metro area",221,5.27,117,-11.68,3.98,-0.47,2.09,-0.69
2026-09-03,Monthly,2024-06-01,2024-06-30,Metro,"Atlanta, GA metro area",1925,-37.54,501,2.25,5.98,-4.42,1.63,-0.1
2026-09-03,Monthly,2024-06-01,2024-06-30,Metro,"Austin, TX metro area",981,29.2,361,0.13,6.19,0.35,2.38,-0.45
2026-09-03,Monthly,2024-06-01,2024-06-30,Metro,"Baltimore, MD metro area",412,4.19,197,18.27,4.86,-0.4,2.35,0.11
2026-09-03,Monthly,2024-06-01,2024-06-30,Metro,"Boston, MA metro area",538,11.79,255,-2.21,5.92,-0.15,2.93,-0.55
2026-09-03,Monthly,2024-06-01,2024-06-30,Metro,"Charlotte, NC metro area",491,35.63,183,9.07,3.2,0.12,1.42,-0.19
2026-09-03,Monthly,2024-06-01,2024-06-30,Metro,"Chicago, IL metro area",1088,-3.07,545,-19.65,4.36,-0.11,2.18,-0.53
2026-09-03,Monthly,2024-06-01,2024-06-30,Metro,"Cincinnati, OH metro area",268,24.32,78,-12.35,3.88,-0.54,1.16,-0.71
2026-09-03,Monthly,2024-06-01,2024-06-30,Metro,"Cleveland, OH metro area",276,1.41,108,-7.49,4.54,-0.03,1.78,-0.27
2026-09-03,Monthly,2024-06-01,2024-06-30,Metro,"Columbus, OH metro area",212,16.24,95,1.04,2.94,0.03,1.34,-0.18
2026-09-03,Monthly,2024-06-01,2024-06-30,Metro,"Dallas, TX metro area",1475,65.28,614,20.04,5.92,0.95,2.46,-0.39
2026-09-03,Monthly,2024-06-01,2024-06-30,Metro,"Denver, CO metro area",659,71.17,267,1.69,5.03,0.94,2.06,-0.66
2026-09-03,Monthly,2024-06-01,2024-06-30,Metro,"Detroit, MI metro area",394,20.98,147,3.23,6.41,0.89,2.44,0.01
2026-09-03,Monthly,2024-06-01,2024-06-30,Metro,"Fort Lauderdale, FL metro area",1130,57.76,419,44.15,5.95,0.52,2.22,-0.02
2026-09-03,Monthly,2024-06-01,2024-06-30,Metro,"Fort Worth, TX metro area",709,42.34,297,21.47,5.86,0.61,2.54,-0.08
2026-09-03,Monthly,2024-06-01,2024-06-30,Metro,"Houston, TX metro area",1896,28.47,512,-18.68,5.12,0.01,1.37,-0.78
2026-09-03,Monthly,2024-06-01,2024-06-30,Metro,"Indianapolis, IN metro area",350,14.26,114,-16.91,4.62,0.02,1.53,-0.6
2026-09-03,Monthly,2024-06-01,2024-06-30,Metro,"Jacksonville, FL metro area",575,50.77,237,17.4,4.45,0.41,1.83,-0.27
2026-09-03,Monthly,2024-06-01,2024-06-30,Metro,"Kansas City, MO metro area",346,47.7,123,9.33,3.92,0.65,1.44,-0.11
2026-09-03,Monthly,2024-06-01,2024-06-30,Metro,"Las Vegas, NV metro area",465,-4.8,224,-32,4.48,-0.79,2.15,-1.49
2026-09-03,Monthly,2024-06-01,2024-06-30,Metro,"Los Angeles, CA metro area",1032,19.04,453,-9.27,5.5,-0.22,2.4,-0.87
2026-09-03,Monthly,2024-06-01,2024-06-30,Metro,"Miami, FL metro area",1226,18.9,494,11.77,6.93,-0.55,2.68,-0.54
2026-09-03,Monthly,2024-06-01,2024-06-30,Metro,"Milwaukee, WI metro area",137,31.43,49,3.09,2.15,0.5,1.11,-0.03
2026-09-03,Monthly,2024-06-01,2024-06-30,Metro,"Minneapolis, MN metro area",391,-5.1,196,-10.73,3.26,-0.5,1.61,-0.4
2026-09-03,Monthly,2024-06-01,2024-06-30,Metro,"Montgomery County, PA metro area",154,5.24,51,-26.98,3.46,-0.33,1.09,-0.65
2026-09-03,Monthly,2024-06-01,2024-06-30,Metro,"Nashville, TN metro area",716,24.6,263,3.09,5.64,0.67,2.08,-0.14
2026-09-03,Monthly,2024-06-01,2024-06-30,Metro,"Nassau County, NY metro area",384,0.48,194,-8.72,5.33,-0.47,2.7,-0.45
2026-09-03,Monthly,2024-06-01,2024-06-30,Metro,"New Brunswick, NJ metro area",325,-44.46,119,-25.79,4.28,-3.17,1.56,-0.49
2026-09-03,Monthly,2024-06-01,2024-06-30,Metro,"New York, NY metro area",1345,-34.67,718,-6.84,5.4,-2.37,2.74,-0.05
2026-09-03,Monthly,2024-06-01,2024-06-30,Metro,"Newark, NJ metro area",242,-2.3,97,-16.06,4.74,-0.16,2.06,-0.22
2026-09-03,Monthly,2024-06-01,2024-06-30,Metro,"Oakland, CA metro area",335,53.2,156,14.09,6.48,0.68,3.06,-0.6
2026-09-03,Monthly,2024-06-01,2024-06-30,Metro,"Orlando, FL metro area",830,67.78,318,24.09,4.83,0.64,1.89,-0.3
2026-09-03,Monthly,2024-06-01,2024-06-30,Metro,"Philadelphia, PA metro area",589,-3.05,222,-18.27,7.69,-0.43,2.91,-0.66
2026-09-03,Monthly,2024-06-01,2024-06-30,Metro,"Phoenix, AZ metro area",1251,45.78,506,-25.33,4.75,0.5,1.93,-1.42
2026-09-03,Monthly,2024-06-01,2024-06-30,Metro,"Pittsburgh, PA metro area",293,-9,93,-8.42,3.46,-0.32,1.12,-0.08
2026-09-03,Monthly,2024-06-01,2024-06-30,Metro,"Portland, OR metro area",380,28.46,156,4.11,4.24,0.21,1.8,-0.31
2026-09-03,Monthly,2024-06-01,2024-06-30,Metro,"Providence, RI metro area",170,22.24,71,-0.28,4.53,0.33,1.92,-0.23
2026-09-03,Monthly,2024-06-01,2024-06-30,Metro,"Riverside, CA metro area",853,27.96,388,-8.88,5.14,0.16,2.35,-0.68
2026-09-03,Monthly,2024-06-01,2024-06-30,Metro,"Sacramento, CA metro area",363,52.19,161,-5.92,5.88,0.82,2.64,-1.05
2026-09-03,Monthly,2024-06-01,2024-06-30,Metro,"San Antonio, TX metro area",874,41.18,302,29.82,5.15,0.49,1.77,-0.03
2026-09-03,Monthly,2024-06-01,2024-06-30,Metro,"San Diego, CA metro area",341,71.56,131,-10.6,5.33,1.07,2.02,-1.1
2026-09-03,Monthly,2024-06-01,2024-06-30,Metro,"San Francisco, CA metro area",199,-9.91,103,-8.39,7.41,-1.36,3.62,-0.49
2026-09-03,Monthly,2024-06-01,2024-06-30,Metro,"San Jose, CA metro area",126,37.11,56,-22.8,4.92,-0.05,2.04,-1.65
2026-09-03,Monthly,2024-06-01,2024-06-30,Metro,"Seattle, WA metro area",448,22.14,155,-32.34,6.03,-0.26,2.11,-1.83
2026-09-03,Monthly,2024-06-01,2024-06-30,Metro,"St. Louis, MO metro area",517,20.73,163,13.3,5.99,0.49,1.95,0.01
2026-09-03,Monthly,2024-06-01,2024-06-30,Metro,"Tampa, FL metro area",1222,75.29,458,29.19,5.07,0.69,1.86,-0.34
2026-09-03,Monthly,2024-06-01,2024-06-30,Metro,"Virginia Beach, VA metro area",245,32.34,92,8.45,3.72,0.55,1.42,-0.03
2026-09-03,Monthly,2024-06-01,2024-06-30,Metro,"Warren, MI metro area",318,2.21,124,-28.54,4.21,-0.16,1.67,-0.8
2026-09-03,Monthly,2024-06-01,2024-06-30,Metro,"Washington, DC metro area",748,33.27,277,-12.48,5.27,0.75,1.93,-0.61
2026-09-03,Monthly,2024-06-01,2024-06-30,Metro,"West Palm Beach, FL metro area",1017,50.18,396,49.27,6.05,0.68,2.46,0.25
2026-09-03,Monthly,2024-05-01,2024-05-31,Metro,"Anaheim, CA metro area",211,0.77,106,-24.14,3.72,-0.37,1.95,-0.91
2026-09-03,Monthly,2024-05-01,2024-05-31,Metro,"Atlanta, GA metro area",1985,-38.87,453,-4.56,6.28,-4.41,1.51,-0.15
2026-09-03,Monthly,2024-05-01,2024-05-31,Metro,"Austin, TX metro area",930,36.2,344,-5.76,5.92,0.79,2.22,-0.61
2026-09-03,Monthly,2024-05-01,2024-05-31,Metro,"Baltimore, MD metro area",430,18.69,196,16.92,5.14,0.39,2.34,0.14
2026-09-03,Monthly,2024-05-01,2024-05-31,Metro,"Boston, MA metro area",551,7.18,262,-4.71,6.12,0.07,3.05,-0.4
2026-09-03,Monthly,2024-05-01,2024-05-31,Metro,"Charlotte, NC metro area",445,13.55,177,9.1,2.74,-0.16,1.42,-0.11
2026-09-03,Monthly,2024-05-01,2024-05-31,Metro,"Chicago, IL metro area",1119,-3.62,545,-21.31,4.45,-0.09,2.17,-0.56
2026-09-03,Monthly,2024-05-01,2024-05-31,Metro,"Cincinnati, OH metro area",245,17.3,90,24.96,3.48,-0.8,1.33,-0.21
2026-09-03,Monthly,2024-05-01,2024-05-31,Metro,"Cleveland, OH metro area",271,-6.38,118,-11.11,4.54,-0.32,1.99,-0.25
2026-09-03,Monthly,2024-05-01,2024-05-31,Metro,"Columbus, OH metro area",300,51.33,96,-9.98,4.4,1.18,1.33,-0.34
2026-09-03,Monthly,2024-05-01,2024-05-31,Metro,"Dallas, TX metro area",1549,62.84,558,8.66,6.28,0.97,2.24,-0.64
2026-09-03,Monthly,2024-05-01,2024-05-31,Metro,"Denver, CO metro area",654,56.46,302,20.43,4.95,0.73,2.38,-0.2
2026-09-03,Monthly,2024-05-01,2024-05-31,Metro,"Detroit, MI metro area",445,4.95,148,-5.57,7.03,0.06,2.42,-0.28
2026-09-03,Monthly,2024-05-01,2024-05-31,Metro,"Fort Lauderdale, FL metro area",1099,49.96,374,9.14,5.86,0.36,2.02,-0.55
2026-09-03,Monthly,2024-05-01,2024-05-31,Metro,"Fort Worth, TX metro area",703,47.24,290,23.18,6.1,0.91,2.48,-0.05
2026-09-03,Monthly,2024-05-01,2024-05-31,Metro,"Houston, TX metro area",1707,11.55,422,-35.49,4.69,-0.53,1.15,-1.12
2026-09-03,Monthly,2024-05-01,2024-05-31,Metro,"Indianapolis, IN metro area",298,-4.6,125,0.61,3.96,-0.78,1.7,-0.27
2026-09-03,Monthly,2024-05-01,2024-05-31,Metro,"Jacksonville, FL metro area",548,26.26,213,-2.48,4.26,-0.14,1.64,-0.59
2026-09-03,Monthly,2024-05-01,2024-05-31,Metro,"Kansas City, MO metro area",311,23.48,117,1.55,3.66,0.25,1.38,-0.19
2026-09-03,Monthly,2024-05-01,2024-05-31,Metro,"Las Vegas, NV metro area",452,-18.99,222,-32.71,4.46,-1.35,2.14,-1.33
2026-09-03,Monthly,2024-05-01,2024-05-31,Metro,"Los Angeles, CA metro area",999,13.72,454,-6.77,5.52,-0.2,2.49,-0.62
2026-09-03,Monthly,2024-05-01,2024-05-31,Metro,"Miami, FL metro area",1178,21.11,452,11.68,6.75,-0.1,2.51,-0.36
2026-09-03,Monthly,2024-05-01,2024-05-31,Metro,"Milwaukee, WI metro area",104,-13.44,51,-3.42,1.46,-0.41,1.18,-0.16
2026-09-03,Monthly,2024-05-01,2024-05-31,Metro,"Minneapolis, MN metro area",245,-42.5,211,-8.47,2.03,-1.96,1.73,-0.38
2026-09-03,Monthly,2024-05-01,2024-05-31,Metro,"Montgomery County, PA metro area",155,9.66,76,21.74,3.52,-0.15,1.64,0.05
2026-09-03,Monthly,2024-05-01,2024-05-31,Metro,"Nashville, TN metro area",704,22.66,274,20.32,5.61,0.64,2.19,0.17
2026-09-03,Monthly,2024-05-01,2024-05-31,Metro,"Nassau County, NY metro area",378,-12.63,182,-12.83,5.26,-0.95,2.49,-0.52
2026-09-03,Monthly,2024-05-01,2024-05-31,Metro,"New Brunswick, NJ metro area",327,-18.72,133,-14.11,4.34,-0.7,1.73,-0.17
2026-09-03,Monthly,2024-05-01,2024-05-31,Metro,"New York, NY metro area",1975,-1.52,734,-5.3,7.15,0,2.73,-0.1
2026-09-03,Monthly,2024-05-01,2024-05-31,Metro,"Newark, NJ metro area",244,-5.03,93,-22.75,4.77,-0.05,1.7,-0.61
2026-09-03,Monthly,2024-05-01,2024-05-31,Metro,"Oakland, CA metro area",326,73.55,167,2.18,6.46,1.41,3.34,-0.98
2026-09-03,Monthly,2024-05-01,2024-05-31,Metro,"Orlando, FL metro area",846,69.57,311,16.05,5.11,0.73,1.81,-0.47
2026-09-03,Monthly,2024-05-01,2024-05-31,Metro,"Philadelphia, PA metro area",592,-9.1,236,-14.8,7.6,-0.84,3.11,-0.56
2026-09-03,Monthly,2024-05-01,2024-05-31,Metro,"Phoenix, AZ metro area",1248,23.74,489,-32.94,4.82,0.11,1.88,-1.48
2026-09-03,Monthly,2024-05-01,2024-05-31,Metro,"Pittsburgh, PA metro area",312,-10.27,95,16.5,3.65,-0.38,1.21,0.19
2026-09-03,Monthly,2024-05-01,2024-05-31,Metro,"Portland, OR metro area",342,16.09,169,1.12,3.9,-0.21,1.93,-0.43
2026-09-03,Monthly,2024-05-01,2024-05-31,Metro,"Providence, RI metro area",164,9.38,57,-0.79,4.48,0.11,1.56,-0.13
2026-09-03,Monthly,2024-05-01,2024-05-31,Metro,"Riverside, CA metro area",788,10,375,-17.56,4.9,-0.39,2.29,-0.99
2026-09-03,Monthly,2024-05-01,2024-05-31,Metro,"Sacramento, CA metro area",316,32.52,168,-4.68,5.12,-0.01,2.78,-1.13
2026-09-03,Monthly,2024-05-01,2024-05-31,Metro,"San Antonio, TX metro area",846,41.51,283,26.06,4.95,0.3,1.67,-0.08
2026-09-03,Monthly,2024-05-01,2024-05-31,Metro,"San Diego, CA metro area",335,70.43,133,2.23,5.12,0.97,2.12,-0.75
2026-09-03,Monthly,2024-05-01,2024-05-31,Metro,"San Francisco, CA metro area",234,15.11,115,-15.87,8.38,0.48,4.03,-1.22
2026-09-03,Monthly,2024-05-01,2024-05-31,Metro,"San Jose, CA metro area",121,20.4,65,-21.89,4.78,-0.34,2.37,-1.53
2026-09-03,Monthly,2024-05-01,2024-05-31,Metro,"Seattle, WA metro area",378,-3.08,171,-16.64,5.31,-1.31,2.41,-1.01
2026-09-03,Monthly,2024-05-01,2024-05-31,Metro,"St. Louis, MO metro area",510,19.95,158,7.85,6.31,0.6,1.83,-0.11
2026-09-03,Monthly,2024-05-01,2024-05-31,Metro,"Tampa, FL metro area",1232,88.47,431,34.51,4.99,0.92,1.77,-0.21
2026-09-03,Monthly,2024-05-01,2024-05-31,Metro,"Virginia Beach, VA metro area",238,28.65,93,12.83,3.56,0.48,1.36,0
2026-09-03,Monthly,2024-05-01,2024-05-31,Metro,"Warren, MI metro area",379,13.73,132,-22,4.89,0.41,1.74,-0.58
2026-09-03,Monthly,2024-05-01,2024-05-31,Metro,"Washington, DC metro area",694,9.47,236,-23.75,4.97,-0.01,1.74,-0.78
2026-09-03,Monthly,2024-05-01,2024-05-31,Metro,"West Palm Beach, FL metro area",966,41.2,351,30.88,5.93,0.6,2.18,0
2026-09-03,Monthly,2024-04-01,2024-04-30,Metro,"Anaheim, CA metro area",230,-3.02,105,-26.22,4.19,-0.39,1.91,-0.85
2026-09-03,Monthly,2024-04-01,2024-04-30,Metro,"Atlanta, GA metro area",1981,-38.5,499,6.87,6.38,-4.03,1.62,0.04
2026-09-03,Monthly,2024-04-01,2024-04-30,Metro,"Austin, TX metro area",791,2.96,356,14.04,5.3,-0.87,2.34,-0.08
2026-09-03,Monthly,2024-04-01,2024-04-30,Metro,"Baltimore, MD metro area",438,24.4,164,-3.8,5.39,0.79,2.02,-0.15
2026-09-03,Monthly,2024-04-01,2024-04-30,Metro,"Boston, MA metro area",587,8.93,241,1.78,6.8,0.48,2.96,0.02
2026-09-03,Monthly,2024-04-01,2024-04-30,Metro,"Charlotte, NC metro area",504,21.99,168,4.73,2.86,0.32,1.41,-0.08
2026-09-03,Monthly,2024-04-01,2024-04-30,Metro,"Chicago, IL metro area",1095,-16.96,530,-27.17,4.38,-0.73,2.09,-0.75
2026-09-03,Monthly,2024-04-01,2024-04-30,Metro,"Cincinnati, OH metro area",218,1.4,76,-2.9,3.19,-1.22,1.14,-0.49
2026-09-03,Monthly,2024-04-01,2024-04-30,Metro,"Cleveland, OH metro area",292,7.8,101,-16.81,4.9,0.33,1.67,-0.37
2026-09-03,Monthly,2024-04-01,2024-04-30,Metro,"Columbus, OH metro area",247,31.4,108,22.83,3.51,0.53,1.55,0.18
2026-09-03,Monthly,2024-04-01,2024-04-30,Metro,"Dallas, TX metro area",1478,46.72,603,35.84,5.97,0.34,2.47,-0.03
2026-09-03,Monthly,2024-04-01,2024-04-30,Metro,"Denver, CO metro area",646,50.77,271,13.19,5.26,0.87,2.27,-0.2
2026-09-03,Monthly,2024-04-01,2024-04-30,Metro,"Detroit, MI metro area",411,0.44,148,-8.13,6.46,-0.18,2.36,-0.25
2026-09-03,Monthly,2024-04-01,2024-04-30,Metro,"Fort Lauderdale, FL metro area",994,37.6,386,49.87,5.5,0.07,2.07,0.27
2026-09-03,Monthly,2024-04-01,2024-04-30,Metro,"Fort Worth, TX metro area",699,38.31,279,11.25,5.88,0.58,2.38,-0.31
2026-09-03,Monthly,2024-04-01,2024-04-30,Metro,"Houston, TX metro area",1511,-6.68,398,-36.15,4.11,-1.22,1.07,-1.05
2026-09-03,Monthly,2024-04-01,2024-04-30,Metro,"Indianapolis, IN metro area",254,-30.43,119,-17.56,3.36,-2.14,1.65,-0.62
2026-09-03,Monthly,2024-04-01,2024-04-30,Metro,"Jacksonville, FL metro area",552,19.94,215,8.16,4.35,-0.22,1.65,-0.41
2026-09-03,Monthly,2024-04-01,2024-04-30,Metro,"Kansas City, MO metro area",276,9.48,109,-3.42,3.33,-0.1,1.29,-0.22
2026-09-03,Monthly,2024-04-01,2024-04-30,Metro,"Las Vegas, NV metro area",428,-32.5,192,-47.84,4.35,-1.72,1.9,-1.71
2026-09-03,Monthly,2024-04-01,2024-04-30,Metro,"Los Angeles, CA metro area",981,-2.76,436,-11.21,5.58,-0.85,2.48,-0.57
2026-09-03,Monthly,2024-04-01,2024-04-30,Metro,"Miami, FL metro area",1151,14.12,449,0.55,6.58,-0.42,2.53,-0.51
2026-09-03,Monthly,2024-04-01,2024-04-30,Metro,"Milwaukee, WI metro area",132,0.34,50,-12.16,1.9,-0.36,1.14,-0.19
2026-09-03,Monthly,2024-04-01,2024-04-30,Metro,"Minneapolis, MN metro area",539,47.13,209,-1.27,4.37,0.79,1.73,-0.25
2026-09-03,Monthly,2024-04-01,2024-04-30,Metro,"Montgomery County, PA metro area",197,19.94,56,-7.13,4.15,0.15,1.29,-0.2
2026-09-03,Monthly,2024-04-01,2024-04-30,Metro,"Nashville, TN metro area",637,4.33,276,-5.68,5.16,-0.06,2.31,-0.46
2026-09-03,Monthly,2024-04-01,2024-04-30,Metro,"Nassau County, NY metro area",391,-10.39,175,-12.95,5.56,-0.49,2.42,-0.36
2026-09-03,Monthly,2024-04-01,2024-04-30,Metro,"New Brunswick, NJ metro area",328,-21.18,104,-31.77,4.34,-0.78,1.35,-0.46
2026-09-03,Monthly,2024-04-01,2024-04-30,Metro,"New York, NY metro area",1903,1.68,697,-16.06,6.92,0.08,2.54,-0.5
2026-09-03,Monthly,2024-04-01,2024-04-30,Metro,"Newark, NJ metro area",249,-21.15,85,-29.48,4.95,-0.47,1.48,-0.49
2026-09-03,Monthly,2024-04-01,2024-04-30,Metro,"Oakland, CA metro area",296,22.01,178,12.67,6.25,-0.25,3.81,-0.38
2026-09-03,Monthly,2024-04-01,2024-04-30,Metro,"Orlando, FL metro area",783,51.1,308,33.75,4.87,0.55,1.89,-0.08
2026-09-03,Monthly,2024-04-01,2024-04-30,Metro,"Philadelphia, PA metro area",612,2.33,238,-11.36,7.84,0.2,3.05,-0.44
2026-09-03,Monthly,2024-04-01,2024-04-30,Metro,"Phoenix, AZ metro area",1167,-8.58,501,-32.53,4.6,-1.05,1.97,-1.27
2026-09-03,Monthly,2024-04-01,2024-04-30,Metro,"Pittsburgh, PA metro area",294,-9.12,87,-17.36,3.43,-0.16,1.06,-0.26
2026-09-03,Monthly,2024-04-01,2024-04-30,Metro,"Portland, OR metro area",333,9.48,170,20.06,3.88,-0.47,2,-0.05
2026-09-03,Monthly,2024-04-01,2024-04-30,Metro,"Providence, RI metro area",148,-21.52,62,-12.69,4.17,-1.26,1.75,-0.34
2026-09-03,Monthly,2024-04-01,2024-04-30,Metro,"Riverside, CA metro area",822,10.13,376,-6.79,5.2,-0.15,2.37,-0.53
2026-09-03,Monthly,2024-04-01,2024-04-30,Metro,"Sacramento, CA metro area",324,35.98,149,-26.01,5.52,0.44,2.56,-1.72
2026-09-03,Monthly,2024-04-01,2024-04-30,Metro,"San Antonio, TX metro area",872,30.84,290,34.65,4.98,0,1.7,0.15
2026-09-03,Monthly,2024-04-01,2024-04-30,Metro,"San Diego, CA metro area",321,51.15,122,-7.96,5.29,0.92,2,-0.8
2026-09-03,Monthly,2024-04-01,2024-04-30,Metro,"San Francisco, CA metro area",180,-22.61,134,-1.05,6.7,-2.08,4.85,-0.38
2026-09-03,Monthly,2024-04-01,2024-04-30,Metro,"San Jose, CA metro area",97,1.55,74,-7.07,3.98,-0.46,2.9,-0.79
2026-09-03,Monthly,2024-04-01,2024-04-30,Metro,"Seattle, WA metro area",403,3.48,182,-21.53,5.62,-0.35,2.61,-1.08
2026-09-03,Monthly,2024-04-01,2024-04-30,Metro,"St. Louis, MO metro area",505,23.63,148,4.92,6.36,0.73,1.79,-0.11
2026-09-03,Monthly,2024-04-01,2024-04-30,Metro,"Tampa, FL metro area",1123,61.82,410,20.63,4.88,0.6,1.72,-0.32
2026-09-03,Monthly,2024-04-01,2024-04-30,Metro,"Virginia Beach, VA metro area",225,15.14,94,11.71,3.5,0.24,1.44,0.02
2026-09-03,Monthly,2024-04-01,2024-04-30,Metro,"Warren, MI metro area",352,5.41,147,-8.1,4.52,0.16,1.93,-0.23
2026-09-03,Monthly,2024-04-01,2024-04-30,Metro,"Washington, DC metro area",788,22.76,270,-17.92,5.67,0.86,1.96,-0.51
2026-09-03,Monthly,2024-04-01,2024-04-30,Metro,"West Palm Beach, FL metro area",956,53.57,312,6.95,5.94,0.86,1.98,-0.35
2026-09-03,Monthly,2024-03-01,2024-03-31,Metro,"Anaheim, CA metro area",243,-3.77,100,-16.45,4.5,-0.19,1.85,-0.31
2026-09-03,Monthly,2024-03-01,2024-03-31,Metro,"Atlanta, GA metro area",1913,-45.59,466,-2.8,6.27,-4.66,1.52,0.02
2026-09-03,Monthly,2024-03-01,2024-03-31,Metro,"Austin, TX metro area",748,4.5,343,17.87,5.09,-0.42,2.32,0.14
2026-09-03,Monthly,2024-03-01,2024-03-31,Metro,"Baltimore, MD metro area",433,-0.16,174,-3.54,5.23,-0.14,2.04,-0.12
2026-09-03,Monthly,2024-03-01,2024-03-31,Metro,"Boston, MA metro area",571,7.23,220,-17.54,6.52,0.47,2.56,-0.53
2026-09-03,Monthly,2024-03-01,2024-03-31,Metro,"Charlotte, NC metro area",490,12.83,162,8.88,3,-0.12,1.39,0.01
2026-09-03,Monthly,2024-03-01,2024-03-31,Metro,"Chicago, IL metro area",1096,-42.81,517,-37.9,4.45,-2.68,2.11,-0.99
2026-09-03,Monthly,2024-03-01,2024-03-31,Metro,"Cincinnati, OH metro area",249,21.47,81,-0.52,3.94,-0.09,1.3,-0.31
2026-09-03,Monthly,2024-03-01,2024-03-31,Metro,"Cleveland, OH metro area",304,2.82,91,-28.33,4.96,0.26,1.53,-0.47
2026-09-03,Monthly,2024-03-01,2024-03-31,Metro,"Columbus, OH metro area",224,32.58,108,31.36,3.23,0.62,1.56,0.3
2026-09-03,Monthly,2024-03-01,2024-03-31,Metro,"Dallas, TX metro area",1421,37.04,608,24.57,5.91,0.35,2.57,-0.08
2026-09-03,Monthly,2024-03-01,2024-03-31,Metro,"Denver, CO metro area",576,27.04,236,-11.95,4.87,0.38,2.05,-0.6
2026-09-03,Monthly,2024-03-01,2024-03-31,Metro,"Detroit, MI metro area",430,-36.67,142,-59.16,6.71,-3.94,2.11,-3.16
2026-09-03,Monthly,2024-03-01,2024-03-31,Metro,"Fort Lauderdale, FL metro area",956,27.98,349,44.24,5.45,-0.14,1.94,0.14
2026-09-03,Monthly,2024-03-01,2024-03-31,Metro,"Fort Worth, TX metro area",654,17.35,274,15.56,5.59,-0.17,2.37,-0.12
2026-09-03,Monthly,2024-03-01,2024-03-31,Metro,"Houston, TX metro area",1486,-15.06,390,-35.04,4.04,-1.53,1.07,-0.86
2026-09-03,Monthly,2024-03-01,2024-03-31,Metro,"Indianapolis, IN metro area",276,-49.9,145,31.55,3.68,-4.22,1.98,0.37
2026-09-03,Monthly,2024-03-01,2024-03-31,Metro,"Jacksonville, FL metro area",521,3.91,194,-1.69,4.16,-0.62,1.55,-0.41
2026-09-03,Monthly,2024-03-01,2024-03-31,Metro,"Kansas City, MO metro area",294,0.39,116,28.39,3.4,-0.29,1.36,0.16
2026-09-03,Monthly,2024-03-01,2024-03-31,Metro,"Las Vegas, NV metro area",428,-42.9,200,-36.07,4.37,-2.42,1.97,-0.88
2026-09-03,Monthly,2024-03-01,2024-03-31,Metro,"Los Angeles, CA metro area",994,-2.84,417,-3.4,5.75,-0.45,2.43,-0.2
2026-09-03,Monthly,2024-03-01,2024-03-31,Metro,"Miami, FL metro area",1121,9.21,481,28.36,6.46,-0.67,2.76,0.1
2026-09-03,Monthly,2024-03-01,2024-03-31,Metro,"Milwaukee, WI metro area",117,11.37,64,44.25,2.33,0.49,1.42,0.34
2026-09-03,Monthly,2024-03-01,2024-03-31,Metro,"Minneapolis, MN metro area",610,53.08,203,-0.57,4.93,1.22,1.69,-0.18
2026-09-03,Monthly,2024-03-01,2024-03-31,Metro,"Montgomery County, PA metro area",176,-6.18,59,1.55,4.24,-0.07,1.42,0.04
2026-09-03,Monthly,2024-03-01,2024-03-31,Metro,"Nashville, TN metro area",629,1.68,240,17.55,5.14,-0.2,2.02,0.08
2026-09-03,Monthly,2024-03-01,2024-03-31,Metro,"Nassau County, NY metro area",407,-7.06,159,-26.79,5.8,0.05,2.2,-0.58
2026-09-03,Monthly,2024-03-01,2024-03-31,Metro,"New Brunswick, NJ metro area",347,-27.79,113,-28.03,4.49,-0.98,1.47,-0.32
2026-09-03,Monthly,2024-03-01,2024-03-31,Metro,"New York, NY metro area",1881,-7.14,727,-7.84,6.79,-0.1,2.68,-0.03
2026-09-03,Monthly,2024-03-01,2024-03-31,Metro,"Newark, NJ metro area",243,-16.59,87,-28.07,4.66,-0.32,1.33,-0.81
2026-09-03,Monthly,2024-03-01,2024-03-31,Metro,"Oakland, CA metro area",303,10.24,151,-6.3,6.76,-0.19,3.42,-0.73
2026-09-03,Monthly,2024-03-01,2024-03-31,Metro,"Orlando, FL metro area",765,43.7,238,6.15,4.94,0.56,1.53,-0.39
2026-09-03,Monthly,2024-03-01,2024-03-31,Metro,"Philadelphia, PA metro area",587,-9.11,225,-10.66,7.43,-0.56,2.88,-0.25
2026-09-03,Monthly,2024-03-01,2024-03-31,Metro,"Phoenix, AZ metro area",1128,-25.33,488,-22.45,4.54,-1.87,1.97,-0.68
2026-09-03,Monthly,2024-03-01,2024-03-31,Metro,"Pittsburgh, PA metro area",291,-11.09,112,25.97,3.39,-0.48,1.21,0.13
2026-09-03,Monthly,2024-03-01,2024-03-31,Metro,"Portland, OR metro area",332,-5.9,153,-7.68,3.94,-0.96,1.83,-0.49
2026-09-03,Monthly,2024-03-01,2024-03-31,Metro,"Providence, RI metro area",173,15.21,57,-26.92,4.83,0.64,1.64,-0.57
2026-09-03,Monthly,2024-03-01,2024-03-31,Metro,"Riverside, CA metro area",816,-7.79,360,1.32,5.26,-0.73,2.34,-0.11
2026-09-03,Monthly,2024-03-01,2024-03-31,Metro,"Sacramento, CA metro area",275,-4.17,150,6.25,4.81,-1.11,2.66,-0.32
2026-09-03,Monthly,2024-03-01,2024-03-31,Metro,"San Antonio, TX metro area",755,1.19,281,30.55,4.6,-0.73,1.58,0.14
2026-09-03,Monthly,2024-03-01,2024-03-31,Metro,"San Diego, CA metro area",296,12.71,132,1.51,4.89,-0.26,2.19,-0.3
2026-09-03,Monthly,2024-03-01,2024-03-31,Metro,"San Francisco, CA metro area",177,-13.53,115,-6.95,6.51,-1.53,4.17,-0.71
2026-09-03,Monthly,2024-03-01,2024-03-31,Metro,"San Jose, CA metro area",125,17.69,67,-16.55,5.22,0.4,2.78,-0.86
2026-09-03,Monthly,2024-03-01,2024-03-31,Metro,"Seattle, WA metro area",359,-31.08,181,-20.07,5.09,-2.56,2.62,-0.82
2026-09-03,Monthly,2024-03-01,2024-03-31,Metro,"St. Louis, MO metro area",441,0.76,135,1.68,4.97,-0.97,1.64,-0.07
2026-09-03,Monthly,2024-03-01,2024-03-31,Metro,"Tampa, FL metro area",1112,50.62,424,34.35,4.89,0.67,1.84,0.01
2026-09-03,Monthly,2024-03-01,2024-03-31,Metro,"Virginia Beach, VA metro area",219,20.16,83,3.85,3.28,0.36,1.29,-0.01
2026-09-03,Monthly,2024-03-01,2024-03-31,Metro,"Warren, MI metro area",323,-41.6,136,-33.88,4.2,-2.77,1.79,-0.86
2026-09-03,Monthly,2024-03-01,2024-03-31,Metro,"Washington, DC metro area",740,1.79,284,-11.34,5.3,0.17,2.06,-0.24
2026-09-03,Monthly,2024-03-01,2024-03-31,Metro,"West Palm Beach, FL metro area",860,31.93,342,27.16,5.75,0.57,2.19,0.05
2026-09-03,Monthly,2024-02-01,2024-02-29,Metro,"Anaheim, CA metro area",216,-25.2,102,-0.79,3.99,-1.05,1.91,0.13
2026-09-03,Monthly,2024-02-01,2024-02-29,Metro,"Atlanta, GA metro area",1790,-50.99,463,-5.24,5.99,-4.93,1.51,0.06
2026-09-03,Monthly,2024-02-01,2024-02-29,Metro,"Austin, TX metro area",810,0.81,328,26.12,5.44,-0.46,2.24,0.31
2026-09-03,Monthly,2024-02-01,2024-02-29,Metro,"Baltimore, MD metro area",429,1.27,186,0.73,5.15,0.13,2.19,0.02
2026-09-03,Monthly,2024-02-01,2024-02-29,Metro,"Boston, MA metro area",579,-3.03,233,-15.99,6.16,-0.44,2.46,-0.59
2026-09-03,Monthly,2024-02-01,2024-02-29,Metro,"Charlotte, NC metro area",499,13.11,160,8.16,3.1,0.02,1.41,0.08
2026-09-03,Monthly,2024-02-01,2024-02-29,Metro,"Chicago, IL metro area",1119,-20.88,566,-16.28,4.59,-0.46,2.3,-0.12
2026-09-03,Monthly,2024-02-01,2024-02-29,Metro,"Cincinnati, OH metro area",253,8.53,92,-2.77,4.37,-0.13,1.49,-0.3
2026-09-03,Monthly,2024-02-01,2024-02-29,Metro,"Cleveland, OH metro area",313,-4.49,115,-17.47,4.93,0.03,1.83,-0.24
2026-09-03,Monthly,2024-02-01,2024-02-29,Metro,"Columbus, OH metro area",241,21.14,104,28.94,3.51,0.57,1.55,0.39
2026-09-03,Monthly,2024-02-01,2024-02-29,Metro,"Dallas, TX metro area",1306,6.82,580,37.64,5.67,-0.62,2.53,0.25
2026-09-03,Monthly,2024-02-01,2024-02-29,Metro,"Denver, CO metro area",518,0.69,246,3.47,4.43,-0.55,2.17,-0.17
2026-09-03,Monthly,2024-02-01,2024-02-29,Metro,"Detroit, MI metro area",417,18.27,159,9.4,6.66,1.2,2.43,0.21
2026-09-03,Monthly,2024-02-01,2024-02-29,Metro,"Fort Lauderdale, FL metro area",863,15.71,335,27.51,5.07,-0.41,1.97,0.1
2026-09-03,Monthly,2024-02-01,2024-02-29,Metro,"Fort Worth, TX metro area",646,16.33,292,28.83,5.55,0.06,2.59,0.29
2026-09-03,Monthly,2024-02-01,2024-02-29,Metro,"Houston, TX metro area",1473,-16.6,384,-34.97,3.89,-1.59,1.08,-0.8
2026-09-03,Monthly,2024-02-01,2024-02-29,Metro,"Indianapolis, IN metro area",271,-58.68,128,-9.18,3.67,-5.49,1.75,-0.22
2026-09-03,Monthly,2024-02-01,2024-02-29,Metro,"Jacksonville, FL metro area",504,4.16,179,-15.81,4.22,-0.31,1.44,-0.66
2026-09-03,Monthly,2024-02-01,2024-02-29,Metro,"Kansas City, MO metro area",308,1.37,111,8.03,3.59,-0.09,1.36,0.07
2026-09-03,Monthly,2024-02-01,2024-02-29,Metro,"Las Vegas, NV metro area",441,-46.16,194,-39.5,4.63,-2.38,1.94,-0.78
2026-09-03,Monthly,2024-02-01,2024-02-29,Metro,"Los Angeles, CA metro area",953,-14.98,379,-11.91,5.51,-0.96,2.28,-0.24
2026-09-03,Monthly,2024-02-01,2024-02-29,Metro,"Miami, FL metro area",1085,8.01,437,15.31,6.29,-0.67,2.64,0.09
2026-09-03,Monthly,2024-02-01,2024-02-29,Metro,"Milwaukee, WI metro area",136,-5.87,61,10.1,2.68,-0.15,1.39,0.06
2026-09-03,Monthly,2024-02-01,2024-02-29,Metro,"Minneapolis, MN metro area",570,26.66,210,1.23,4.69,0.61,1.75,-0.12
2026-09-03,Monthly,2024-02-01,2024-02-29,Metro,"Montgomery County, PA metro area",184,1.96,67,-12.62,4.19,0.07,1.59,-0.22
2026-09-03,Monthly,2024-02-01,2024-02-29,Metro,"Nashville, TN metro area",636,8.39,258,3.39,5.23,0.24,2.14,0.01
2026-09-03,Monthly,2024-02-01,2024-02-29,Metro,"Nassau County, NY metro area",398,-25.05,183,-20.01,5.77,-0.83,2.53,-0.32
2026-09-03,Monthly,2024-02-01,2024-02-29,Metro,"New Brunswick, NJ metro area",298,-44.16,132,-16.47,3.96,-1.81,1.79,0.07
2026-09-03,Monthly,2024-02-01,2024-02-29,Metro,"New York, NY metro area",1972,-9.17,726,-17.24,7.33,0.04,2.67,-0.25
2026-09-03,Monthly,2024-02-01,2024-02-29,Metro,"Newark, NJ metro area",232,-30.37,91,-17.93,4.59,-0.82,1.5,-0.05
2026-09-03,Monthly,2024-02-01,2024-02-29,Metro,"Oakland, CA metro area",300,-12.89,125,-21.41,6.78,-1.34,2.89,-0.91
2026-09-03,Monthly,2024-02-01,2024-02-29,Metro,"Orlando, FL metro area",725,23.31,246,13.13,4.91,-0.02,1.53,-0.28
2026-09-03,Monthly,2024-02-01,2024-02-29,Metro,"Philadelphia, PA metro area",651,-7.23,224,-9.04,8.28,-0.18,2.82,-0.16
2026-09-03,Monthly,2024-02-01,2024-02-29,Metro,"Phoenix, AZ metro area",1079,-28.18,473,-34.09,4.45,-1.61,1.94,-0.92
2026-09-03,Monthly,2024-02-01,2024-02-29,Metro,"Pittsburgh, PA metro area",310,-3.08,100,-18.63,3.64,-0.08,1.05,-0.29
2026-09-03,Monthly,2024-02-01,2024-02-29,Metro,"Portland, OR metro area",359,0.13,148,6.14,4.29,-0.57,1.76,-0.15
2026-09-03,Monthly,2024-02-01,2024-02-29,Metro,"Providence, RI metro area",167,-20.55,64,-8.96,4.53,-0.98,1.8,-0.07
2026-09-03,Monthly,2024-02-01,2024-02-29,Metro,"Riverside, CA metro area",806,-13.32,355,-3.31,5.2,-0.72,2.36,-0.02
2026-09-03,Monthly,2024-02-01,2024-02-29,Metro,"Sacramento, CA metro area",281,-27.54,137,-28.07,5.11,-1.97,2.47,-0.99
2026-09-03,Monthly,2024-02-01,2024-02-29,Metro,"San Antonio, TX metro area",741,-8.08,282,65.14,4.6,-1.01,1.7,0.7
2026-09-03,Monthly,2024-02-01,2024-02-29,Metro,"San Diego, CA metro area",273,-14.53,112,-23.15,4.58,-1.28,1.88,-0.75
2026-09-03,Monthly,2024-02-01,2024-02-29,Metro,"San Francisco, CA metro area",206,-24.45,101,-15.76,7.53,-2.44,3.96,-0.33
2026-09-03,Monthly,2024-02-01,2024-02-29,Metro,"San Jose, CA metro area",146,2.18,54,-42.73,5.62,0.16,2.37,-1.46
2026-09-03,Monthly,2024-02-01,2024-02-29,Metro,"Seattle, WA metro area",393,-13.09,168,-25.07,5.74,-0.54,2.45,-0.7
2026-09-03,Monthly,2024-02-01,2024-02-29,Metro,"St. Louis, MO metro area",496,25.35,144,22.61,6.15,1.14,1.74,0.27
2026-09-03,Monthly,2024-02-01,2024-02-29,Metro,"Tampa, FL metro area",1001,19.17,406,27.26,4.56,-0.12,1.83,0.05
2026-09-03,Monthly,2024-02-01,2024-02-29,Metro,"Virginia Beach, VA metro area",254,6.32,87,10.48,3.92,0.04,1.39,0.1
2026-09-03,Monthly,2024-02-01,2024-02-29,Metro,"Warren, MI metro area",320,-16.84,138,-21.88,4.21,-0.31,1.83,-0.28
2026-09-03,Monthly,2024-02-01,2024-02-29,Metro,"Washington, DC metro area",631,-18.99,276,-15.29,4.46,-0.91,2.03,-0.22
2026-09-03,Monthly,2024-02-01,2024-02-29,Metro,"West Palm Beach, FL metro area",768,18.2,323,27.69,5.25,0,2.15,0.13
2026-09-03,Monthly,2024-01-01,2024-01-31,Metro,"Anaheim, CA metro area",230,-26.68,94,-21.95,4.29,-0.82,1.72,-0.21
2026-09-03,Monthly,2024-01-01,2024-01-31,Metro,"Atlanta, GA metro area",2045,-43.28,468,-8.44,6.95,-3.5,1.55,0.12
2026-09-03,Monthly,2024-01-01,2024-01-31,Metro,"Austin, TX metro area",825,-3.61,311,10.06,5.7,-0.32,2.21,0.11
2026-09-03,Monthly,2024-01-01,2024-01-31,Metro,"Baltimore, MD metro area",422,-10.12,169,-16.06,5.12,-0.33,2.04,-0.28
2026-09-03,Monthly,2024-01-01,2024-01-31,Metro,"Boston, MA metro area",540,-10.72,271,4.38,6.01,-0.43,3.03,0.26
2026-09-03,Monthly,2024-01-01,2024-01-31,Metro,"Charlotte, NC metro area",415,-8.99,159,7.14,3.66,-0.55,1.4,0.06
2026-09-03,Monthly,2024-01-01,2024-01-31,Metro,"Chicago, IL metro area",1083,-30.93,553,-26.99,4.4,-1,2.27,-0.31
2026-09-03,Monthly,2024-01-01,2024-01-31,Metro,"Cincinnati, OH metro area",225,-8.4,78,13.59,3.85,0.03,1.25,0.29
2026-09-03,Monthly,2024-01-01,2024-01-31,Metro,"Cleveland, OH metro area",299,-8.24,126,4.26,4.62,-0.27,1.92,0.18
2026-09-03,Monthly,2024-01-01,2024-01-31,Metro,"Columbus, OH metro area",211,4.49,108,18.53,3,0.04,1.58,0.21
2026-09-03,Monthly,2024-01-01,2024-01-31,Metro,"Dallas, TX metro area",1193,3.87,545,28.46,5.27,-0.41,2.42,0.3
2026-09-03,Monthly,2024-01-01,2024-01-31,Metro,"Denver, CO metro area",531,-1.17,226,0.69,4.57,-0.33,2.01,-0.17
2026-09-03,Monthly,2024-01-01,2024-01-31,Metro,"Detroit, MI metro area",430,-7.84,139,-0.97,7.03,-0.24,2.29,0.13
2026-09-03,Monthly,2024-01-01,2024-01-31,Metro,"Fort Lauderdale, FL metro area",856,11.99,321,39.22,5.21,-0.37,2.02,0.26
2026-09-03,Monthly,2024-01-01,2024-01-31,Metro,"Fort Worth, TX metro area",638,5.07,247,7.26,5.72,-0.17,2.26,0.01
2026-09-03,Monthly,2024-01-01,2024-01-31,Metro,"Houston, TX metro area",1113,-43.5,415,-30.7,2.87,-3.2,1.19,-0.67
2026-09-03,Monthly,2024-01-01,2024-01-31,Metro,"Indianapolis, IN metro area",300,-26.24,143,14.11,4.1,-1.39,1.93,0.23
2026-09-03,Monthly,2024-01-01,2024-01-31,Metro,"Jacksonville, FL metro area",474,-9.05,195,10.79,4.02,-0.85,1.72,0.07
2026-09-03,Monthly,2024-01-01,2024-01-31,Metro,"Kansas City, MO metro area",302,13.61,138,16.38,3.69,0.34,1.68,0.27
2026-09-03,Monthly,2024-01-01,2024-01-31,Metro,"Las Vegas, NV metro area",424,-54.01,206,-26.83,4.4,-3.11,2.09,-0.15
2026-09-03,Monthly,2024-01-01,2024-01-31,Metro,"Los Angeles, CA metro area",932,-22.95,404,-1.14,5.43,-1.2,2.39,0.1
2026-09-03,Monthly,2024-01-01,2024-01-31,Metro,"Miami, FL metro area",1062,6.21,460,28.67,6.4,-0.56,2.9,0.41
2026-09-03,Monthly,2024-01-01,2024-01-31,Metro,"Milwaukee, WI metro area",130,-6.07,52,-0.54,4.39,-0.47,1.2,0.01
2026-09-03,Monthly,2024-01-01,2024-01-31,Metro,"Minneapolis, MN metro area",538,-5.36,210,-0.32,4.22,-0.57,1.78,-0.08
2026-09-03,Monthly,2024-01-01,2024-01-31,Metro,"Montgomery County, PA metro area",159,-10.36,55,-32.14,3.87,-0.02,1.33,-0.49
2026-09-03,Monthly,2024-01-01,2024-01-31,Metro,"Nashville, TN metro area",603,-7.1,229,-0.7,5.11,-0.46,2.03,0.08
2026-09-03,Monthly,2024-01-01,2024-01-31,Metro,"Nassau County, NY metro area",361,-23.29,186,-21.7,5.29,-0.54,2.72,-0.16
2026-09-03,Monthly,2024-01-01,2024-01-31,Metro,"New Brunswick, NJ metro area",303,-44.91,128,-24.04,4.07,-1.74,1.73,-0.09
2026-09-03,Monthly,2024-01-01,2024-01-31,Metro,"New York, NY metro area",1718,-23.68,718,-11.87,6.18,-1.21,2.65,-0.05
2026-09-03,Monthly,2024-01-01,2024-01-31,Metro,"Newark, NJ metro area",277,-19.24,92,-23.6,5.3,-0.27,1.63,-0.3
2026-09-03,Monthly,2024-01-01,2024-01-31,Metro,"Oakland, CA metro area",326,-15.21,146,5.26,7.26,-0.82,3.3,0.31
2026-09-03,Monthly,2024-01-01,2024-01-31,Metro,"Orlando, FL metro area",668,8.53,267,30.11,4.47,-0.52,1.6,0.05
2026-09-03,Monthly,2024-01-01,2024-01-31,Metro,"Philadelphia, PA metro area",600,-15.46,220,-2.46,7.73,-0.79,2.82,0.14
2026-09-03,Monthly,2024-01-01,2024-01-31,Metro,"Phoenix, AZ metro area",1037,-34.6,463,-28.08,4.38,-1.87,1.94,-0.6
2026-09-03,Monthly,2024-01-01,2024-01-31,Metro,"Pittsburgh, PA metro area",306,-7.26,92,4.31,3.79,-0.04,1.16,0.21
2026-09-03,Monthly,2024-01-01,2024-01-31,Metro,"Portland, OR metro area",380,1.56,139,-0.06,4.52,-0.21,1.67,-0.1
2026-09-03,Monthly,2024-01-01,2024-01-31,Metro,"Providence, RI metro area",172,-8.73,71,-11.95,4.61,-0.36,1.99,-0.18
2026-09-03,Monthly,2024-01-01,2024-01-31,Metro,"Riverside, CA metro area",777,-20.34,356,1.77,5.1,-0.84,2.38,0.22
2026-09-03,Monthly,2024-01-01,2024-01-31,Metro,"Sacramento, CA metro area",334,-11.8,138,-6,5.87,-0.58,2.44,-0.07
2026-09-03,Monthly,2024-01-01,2024-01-31,Metro,"San Antonio, TX metro area",757,-11.92,297,39.84,4.58,-1.36,1.78,0.4
2026-09-03,Monthly,2024-01-01,2024-01-31,Metro,"San Diego, CA metro area",268,-26.15,133,-1.42,4.42,-1.66,2.22,-0.01
2026-09-03,Monthly,2024-01-01,2024-01-31,Metro,"San Francisco, CA metro area",244,-19.32,129,1,9,-1.71,4.62,0.24
2026-09-03,Monthly,2024-01-01,2024-01-31,Metro,"San Jose, CA metro area",137,-21.23,62,-9.16,5.32,-1.07,2.63,-0.04
2026-09-03,Monthly,2024-01-01,2024-01-31,Metro,"Seattle, WA metro area",382,-38.65,168,-20.35,5.68,-2.13,2.48,-0.12
2026-09-03,Monthly,2024-01-01,2024-01-31,Metro,"St. Louis, MO metro area",463,20.78,146,20.43,5.65,1.13,1.84,0.3
2026-09-03,Monthly,2024-01-01,2024-01-31,Metro,"Tampa, FL metro area",910,2.84,390,41.12,4.41,-0.4,1.84,0.34
2026-09-03,Monthly,2024-01-01,2024-01-31,Metro,"Virginia Beach, VA metro area",245,-0.39,93,11.48,3.84,0.07,1.52,0.21
2026-09-03,Monthly,2024-01-01,2024-01-31,Metro,"Warren, MI metro area",364,-20.37,154,-4.08,4.85,-0.43,2.06,0.21
2026-09-03,Monthly,2024-01-01,2024-01-31,Metro,"Washington, DC metro area",705,-15.78,323,-9.12,5.01,-0.45,2.28,-0.06
2026-09-03,Monthly,2024-01-01,2024-01-31,Metro,"West Palm Beach, FL metro area",764,18.9,329,25.89,5.36,0.17,2.29,0.18
2026-09-03,Monthly,2023-12-01,2023-12-31,Metro,"Anaheim, CA metro area",224,-40.66,84,-31.63,4.32,-1.39,1.66,-0.24
2026-09-03,Monthly,2023-12-01,2023-12-31,Metro,"Atlanta, GA metro area",3253,-8.22,467,-5.41,10.73,0.6,1.51,0.14
2026-09-03,Monthly,2023-12-01,2023-12-31,Metro,"Austin, TX metro area",916,4.57,314,24.51,6.19,0.13,2.1,0.42
2026-09-03,Monthly,2023-12-01,2023-12-31,Metro,"Baltimore, MD metro area",411,-8.53,198,11.38,5,-0.21,2.46,0.37
2026-09-03,Monthly,2023-12-01,2023-12-31,Metro,"Boston, MA metro area",544,-1.27,267,0.5,6.5,0.5,3.13,0.33
2026-09-03,Monthly,2023-12-01,2023-12-31,Metro,"Charlotte, NC metro area",412,-10.91,169,39.34,5.6,-0.3,1.4,0.5
2026-09-03,Monthly,2023-12-01,2023-12-31,Metro,"Chicago, IL metro area",1105,-26.3,617,-12.81,4.4,-0.63,2.5,0.15
2026-09-03,Monthly,2023-12-01,2023-12-31,Metro,"Cincinnati, OH metro area",220,-9.2,72,-22.77,4,0.36,1.34,-0.1
2026-09-03,Monthly,2023-12-01,2023-12-31,Metro,"Cleveland, OH metro area",303,-16.73,122,-1.8,4.81,-0.57,1.93,0.05
2026-09-03,Monthly,2023-12-01,2023-12-31,Metro,"Columbus, OH metro area",224,2.25,118,49.73,3.53,0.14,1.75,0.58
2026-09-03,Monthly,2023-12-01,2023-12-31,Metro,"Dallas, TX metro area",1289,14.6,567,-18.7,5.85,0.2,2.45,-0.91
2026-09-03,Monthly,2023-12-01,2023-12-31,Metro,"Denver, CO metro area",530,-8.11,201,-2.1,4.52,-0.65,1.87,-0.1
2026-09-03,Monthly,2023-12-01,2023-12-31,Metro,"Detroit, MI metro area",381,-34.76,159,7.12,6.14,-2.75,2.76,0.31
2026-09-03,Monthly,2023-12-01,2023-12-31,Metro,"Fort Lauderdale, FL metro area",828,7.68,345,36.57,5.32,-0.35,2.16,0.39
2026-09-03,Monthly,2023-12-01,2023-12-31,Metro,"Fort Worth, TX metro area",633,12.63,263,5.81,5.67,0.19,2.4,-0.07
2026-09-03,Monthly,2023-12-01,2023-12-31,Metro,"Houston, TX metro area",251,-86.82,530,-8.36,0.25,-5.84,1.54,-0.26
2026-09-03,Monthly,2023-12-01,2023-12-31,Metro,"Indianapolis, IN metro area",374,9.14,96,-34.03,4.87,0.37,1.31,-0.67
2026-09-03,Monthly,2023-12-01,2023-12-31,Metro,"Jacksonville, FL metro area",463,-6.78,193,-11.95,4.33,-0.3,1.68,-0.3
2026-09-03,Monthly,2023-12-01,2023-12-31,Metro,"Kansas City, MO metro area",249,-9.16,121,4.62,3.21,-0.27,1.48,0.07
2026-09-03,Monthly,2023-12-01,2023-12-31,Metro,"Las Vegas, NV metro area",446,-53.32,184,-41.56,4.62,-2.68,1.93,-0.45
2026-09-03,Monthly,2023-12-01,2023-12-31,Metro,"Los Angeles, CA metro area",991,-20.54,371,-19.14,5.89,-0.77,2.24,-0.23
2026-09-03,Monthly,2023-12-01,2023-12-31,Metro,"Miami, FL metro area",1065,4.2,462,10.98,6.76,-0.4,2.91,0.19
2026-09-03,Monthly,2023-12-01,2023-12-31,Metro,"Milwaukee, WI metro area",152,11.11,47,-31.43,5.59,0.99,1.02,-0.42
2026-09-03,Monthly,2023-12-01,2023-12-31,Metro,"Minneapolis, MN metro area",467,0.61,217,1.27,3.8,-0.12,1.86,0.01
2026-09-03,Monthly,2023-12-01,2023-12-31,Metro,"Montgomery County, PA metro area",165,-0.91,50,-27.51,3.77,0.01,1.18,-0.41
2026-09-03,Monthly,2023-12-01,2023-12-31,Metro,"Nashville, TN metro area",617,-1.25,244,7.5,5.27,-0.09,1.95,0.14
2026-09-03,Monthly,2023-12-01,2023-12-31,Metro,"Nassau County, NY metro area",375,-28.73,224,9.12,5.53,-0.84,3.35,0.85
2026-09-03,Monthly,2023-12-01,2023-12-31,Metro,"New Brunswick, NJ metro area",328,-39.34,129,-16.17,4.5,-1.24,1.79,0.14
2026-09-03,Monthly,2023-12-01,2023-12-31,Metro,"New York, NY metro area",1851,-17.87,776,1.15,6.95,-0.56,2.93,0.4
2026-09-03,Monthly,2023-12-01,2023-12-31,Metro,"Newark, NJ metro area",268,-18.06,92,-23.04,5.17,0.1,1.81,-0.26
2026-09-03,Monthly,2023-12-01,2023-12-31,Metro,"Oakland, CA metro area",323,-16.73,108,-18.21,7.08,-0.36,2.47,-0.14
2026-09-03,Monthly,2023-12-01,2023-12-31,Metro,"Orlando, FL metro area",652,-7.89,257,9.75,4.57,-1.04,1.8,0.01
2026-09-03,Monthly,2023-12-01,2023-12-31,Metro,"Philadelphia, PA metro area",590,-9.81,238,-7.01,7.49,-0.44,3.03,-0.03
2026-09-03,Monthly,2023-12-01,2023-12-31,Metro,"Phoenix, AZ metro area",980,-49.59,442,-25.87,4.29,-3.13,1.92,-0.26
2026-09-03,Monthly,2023-12-01,2023-12-31,Metro,"Pittsburgh, PA metro area",283,-10.19,101,-7.02,3.39,-0.19,1.18,-0.07
2026-09-03,Monthly,2023-12-01,2023-12-31,Metro,"Portland, OR metro area",363,-4.23,151,29.18,4.27,-0.38,1.78,0.31
2026-09-03,Monthly,2023-12-01,2023-12-31,Metro,"Providence, RI metro area",159,-8.01,82,9.82,4.54,0.06,2.41,0.43
2026-09-03,Monthly,2023-12-01,2023-12-31,Metro,"Riverside, CA metro area",729,-33.49,335,12.24,4.94,-1.54,2.34,0.45
2026-09-03,Monthly,2023-12-01,2023-12-31,Metro,"Sacramento, CA metro area",297,-32.66,125,-17,5.26,-1.77,2.25,-0.13
2026-09-03,Monthly,2023-12-01,2023-12-31,Metro,"San Antonio, TX metro area",726,-11.26,272,40.06,4.65,-1.18,1.68,0.23
2026-09-03,Monthly,2023-12-01,2023-12-31,Metro,"San Diego, CA metro area",284,-28.06,103,-10.8,4.99,-0.99,1.82,0.04
2026-09-03,Monthly,2023-12-01,2023-12-31,Metro,"San Francisco, CA metro area",256,-9.5,113,14.34,9.04,-0.01,3.87,0.87
2026-09-03,Monthly,2023-12-01,2023-12-31,Metro,"San Jose, CA metro area",140,-25.54,44,-45.03,5.47,-0.85,1.81,-0.98
2026-09-03,Monthly,2023-12-01,2023-12-31,Metro,"Seattle, WA metro area",391,-44.98,159,-4.08,5.68,-2.61,2.49,0.38
2026-09-03,Monthly,2023-12-01,2023-12-31,Metro,"St. Louis, MO metro area",481,36.75,186,52.13,6.03,2.06,2.23,0.71
2026-09-03,Monthly,2023-12-01,2023-12-31,Metro,"Tampa, FL metro area",937,7.02,310,13.29,4.64,-0.2,1.5,0.04
2026-09-03,Monthly,2023-12-01,2023-12-31,Metro,"Virginia Beach, VA metro area",255,7.41,80,-12.7,4.08,0.41,1.23,-0.2
2026-09-03,Monthly,2023-12-01,2023-12-31,Metro,"Warren, MI metro area",315,-42.05,126,-21.73,4.18,-2.16,1.69,-0.21
2026-09-03,Monthly,2023-12-01,2023-12-31,Metro,"Washington, DC metro area",720,-17.87,294,-1.1,5.35,-0.43,2.17,0.21
2026-09-03,Monthly,2023-12-01,2023-12-31,Metro,"West Palm Beach, FL metro area",759,13.05,286,22.07,5.58,-0.06,2.08,0.13
2026-09-03,Monthly,2023-11-01,2023-11-30,Metro,"Anaheim, CA metro area",225,-36.07,91,-17.56,4.44,-0.96,1.79,0.07
2026-09-03,Monthly,2023-11-01,2023-11-30,Metro,"Atlanta, GA metro area",3363,-8.48,461,6.27,10.94,0.45,1.5,0.29
2026-09-03,Monthly,2023-11-01,2023-11-30,Metro,"Austin, TX metro area",810,-10.2,301,13.9,5.66,-0.56,2.05,0.24
2026-09-03,Monthly,2023-11-01,2023-11-30,Metro,"Baltimore, MD metro area",406,-6.14,170,-16.12,5.13,0.06,2.16,-0.25
2026-09-03,Monthly,2023-11-01,2023-11-30,Metro,"Boston, MA metro area",513,-10.88,243,-12.97,6.12,0.01,2.95,-0.02
2026-09-03,Monthly,2023-11-01,2023-11-30,Metro,"Charlotte, NC metro area",337,-31.75,157,18,4.54,-0.97,1.41,0.18
2026-09-03,Monthly,2023-11-01,2023-11-30,Metro,"Chicago, IL metro area",1080,-28.69,625,-13.1,4.36,-0.69,2.54,0.16
2026-09-03,Monthly,2023-11-01,2023-11-30,Metro,"Cincinnati, OH metro area",222,-0.05,77,-25.3,4.06,0.78,1.41,-0.12
2026-09-03,Monthly,2023-11-01,2023-11-30,Metro,"Cleveland, OH metro area",286,-19.15,137,-2.46,4.61,-0.58,2.23,0.19
2026-09-03,Monthly,2023-11-01,2023-11-30,Metro,"Columbus, OH metro area",199,-12.64,102,15.41,3,-0.35,1.55,0.23
2026-09-03,Monthly,2023-11-01,2023-11-30,Metro,"Dallas, TX metro area",1247,7.93,502,11.71,5.78,0.13,2.31,0.11
2026-09-03,Monthly,2023-11-01,2023-11-30,Metro,"Denver, CO metro area",522,-8.53,221,22.65,4.74,-0.41,2.14,0.34
2026-09-03,Monthly,2023-11-01,2023-11-30,Metro,"Detroit, MI metro area",376,-20.84,158,-5.52,6.11,-1.09,2.63,0.04
2026-09-03,Monthly,2023-11-01,2023-11-30,Metro,"Fort Lauderdale, FL metro area",840,17.66,311,30.17,5.6,0.29,2.05,0.3
2026-09-03,Monthly,2023-11-01,2023-11-30,Metro,"Fort Worth, TX metro area",609,14.41,251,13.88,5.79,0.35,2.31,0.12
2026-09-03,Monthly,2023-11-01,2023-11-30,Metro,"Houston, TX metro area",306,-83.47,613,14.36,0.67,-5.16,1.83,0.12
2026-09-03,Monthly,2023-11-01,2023-11-30,Metro,"Indianapolis, IN metro area",283,-21.67,129,-10.2,4.07,-0.96,1.78,-0.18
2026-09-03,Monthly,2023-11-01,2023-11-30,Metro,"Jacksonville, FL metro area",407,-25.97,178,-1.13,3.95,-1.11,1.68,0.03
2026-09-03,Monthly,2023-11-01,2023-11-30,Metro,"Kansas City, MO metro area",270,-1.32,127,3.8,3.52,0.06,1.58,0.09
2026-09-03,Monthly,2023-11-01,2023-11-30,Metro,"Las Vegas, NV metro area",412,-59.53,248,-0.97,4.38,-3.3,2.7,0.84
2026-09-03,Monthly,2023-11-01,2023-11-30,Metro,"Los Angeles, CA metro area",919,-25.31,411,1.44,5.62,-0.93,2.52,0.35
2026-09-03,Monthly,2023-11-01,2023-11-30,Metro,"Miami, FL metro area",1010,1.18,441,15.54,6.82,-0.5,2.92,0.38
2026-09-03,Monthly,2023-11-01,2023-11-30,Metro,"Milwaukee, WI metro area",154,-8.79,63,16.74,4.88,-0.58,1.38,0.24
2026-09-03,Monthly,2023-11-01,2023-11-30,Metro,"Minneapolis, MN metro area",475,1.88,210,1.67,4.05,0.14,1.84,0.04
2026-09-03,Monthly,2023-11-01,2023-11-30,Metro,"Montgomery County, PA metro area",163,-1.9,58,-4.81,3.91,0.2,1.32,0
2026-09-03,Monthly,2023-11-01,2023-11-30,Metro,"Nashville, TN metro area",620,7.44,258,24.08,5.33,0.36,2.16,0.5
2026-09-03,Monthly,2023-11-01,2023-11-30,Metro,"Nassau County, NY metro area",367,-30.79,194,-12.09,5.47,-0.9,2.93,0.24
2026-09-03,Monthly,2023-11-01,2023-11-30,Metro,"New Brunswick, NJ metro area",317,-36.02,144,-9.55,4.19,-0.93,1.92,0.26
2026-09-03,Monthly,2023-11-01,2023-11-30,Metro,"New York, NY metro area",1827,-30.96,724,-8.63,6.8,-1.77,2.66,0.09
2026-09-03,Monthly,2023-11-01,2023-11-30,Metro,"Newark, NJ metro area",324,-24.44,92,-26.23,6.65,-0.38,1.9,0.03
2026-09-03,Monthly,2023-11-01,2023-11-30,Metro,"Oakland, CA metro area",304,-21.49,125,-19.37,7,-0.43,2.95,-0.11
2026-09-03,Monthly,2023-11-01,2023-11-30,Metro,"Orlando, FL metro area",626,-6.68,248,17.56,4.5,-0.91,1.82,0.13
2026-09-03,Monthly,2023-11-01,2023-11-30,Metro,"Philadelphia, PA metro area",558,-28.42,276,25.87,7.31,-2.2,3.55,0.9
2026-09-03,Monthly,2023-11-01,2023-11-30,Metro,"Phoenix, AZ metro area",997,-46.03,523,12.54,4.61,-2.35,2.39,0.63
2026-09-03,Monthly,2023-11-01,2023-11-30,Metro,"Pittsburgh, PA metro area",279,-22.96,106,-9.58,3.42,-0.63,1.4,0.09
2026-09-03,Monthly,2023-11-01,2023-11-30,Metro,"Portland, OR metro area",332,-17.12,134,-9.45,4.01,-0.94,1.65,-0.19
2026-09-03,Monthly,2023-11-01,2023-11-30,Metro,"Providence, RI metro area",159,-16.26,87,4.95,4.73,-0.03,2.57,0.47
2026-09-03,Monthly,2023-11-01,2023-11-30,Metro,"Riverside, CA metro area",733,-33.08,337,10.1,5.11,-1.35,2.4,0.5
2026-09-03,Monthly,2023-11-01,2023-11-30,Metro,"Sacramento, CA metro area",271,-40.7,129,-10.95,5.05,-2.28,2.44,0.09
2026-09-03,Monthly,2023-11-01,2023-11-30,Metro,"San Antonio, TX metro area",770,6.58,285,106.78,4.88,-0.34,1.76,0.62
2026-09-03,Monthly,2023-11-01,2023-11-30,Metro,"San Diego, CA metro area",293,-33,116,-8.86,5.49,-1.21,2.14,0.22
2026-09-03,Monthly,2023-11-01,2023-11-30,Metro,"San Francisco, CA metro area",236,-19.42,85,-29.58,8.49,-1.19,2.96,-0.95
2026-09-03,Monthly,2023-11-01,2023-11-30,Metro,"San Jose, CA metro area",114,-33.67,55,-9.52,4.58,-1.55,2.28,0.03
2026-09-03,Monthly,2023-11-01,2023-11-30,Metro,"Seattle, WA metro area",358,-48.1,161,-10.08,5.45,-2.84,2.58,0.3
2026-09-03,Monthly,2023-11-01,2023-11-30,Metro,"St. Louis, MO metro area",488,38.71,167,-3.55,6.39,1.92,2.02,-0.14
2026-09-03,Monthly,2023-11-01,2023-11-30,Metro,"Tampa, FL metro area",877,7.64,337,26.03,4.5,-0.03,1.7,0.24
2026-09-03,Monthly,2023-11-01,2023-11-30,Metro,"Virginia Beach, VA metro area",239,9.4,89,3.79,3.85,0.58,1.46,0.23
2026-09-03,Monthly,2023-11-01,2023-11-30,Metro,"Warren, MI metro area",324,-33.98,142,1.36,4.35,-1.42,1.95,0.28
2026-09-03,Monthly,2023-11-01,2023-11-30,Metro,"Washington, DC metro area",706,-26.72,270,3.07,5.29,-1.01,2.02,0.31
2026-09-03,Monthly,2023-11-01,2023-11-30,Metro,"West Palm Beach, FL metro area",660,-2.38,309,58.33,5.09,-0.71,2.33,0.67
2026-09-03,Monthly,2023-10-01,2023-10-31,Metro,"Anaheim, CA metro area",196,-47.84,121,0.79,3.93,-1.87,2.42,0.58
2026-09-03,Monthly,2023-10-01,2023-10-31,Metro,"Atlanta, GA metro area",3351,-9.17,514,34.29,10.99,0.5,1.63,0.57
2026-09-03,Monthly,2023-10-01,2023-10-31,Metro,"Austin, TX metro area",764,-11.7,324,55.83,5.53,-0.55,2.37,0.9
2026-09-03,Monthly,2023-10-01,2023-10-31,Metro,"Baltimore, MD metro area",364,-31.47,153,-18.04,4.73,-1.39,2.02,-0.18
2026-09-03,Monthly,2023-10-01,2023-10-31,Metro,"Boston, MA metro area",466,-28.08,277,4.57,5.82,-0.98,3.51,0.67
2026-09-03,Monthly,2023-10-01,2023-10-31,Metro,"Charlotte, NC metro area",386,-10.55,164,48.82,4.68,0.03,1.52,0.39
2026-09-03,Monthly,2023-10-01,2023-10-31,Metro,"Chicago, IL metro area",1038,-37.25,599,-25.12,4.28,-1.16,2.45,-0.17
2026-09-03,Monthly,2023-10-01,2023-10-31,Metro,"Cincinnati, OH metro area",190,-25.24,78,-14.7,3.54,-0.02,1.47,0.14
2026-09-03,Monthly,2023-10-01,2023-10-31,Metro,"Cleveland, OH metro area",241,-29.6,141,15.19,3.96,-1.06,2.35,0.51
2026-09-03,Monthly,2023-10-01,2023-10-31,Metro,"Columbus, OH metro area",219,-20.61,104,28.83,3.39,-0.47,1.63,0.49
2026-09-03,Monthly,2023-10-01,2023-10-31,Metro,"Dallas, TX metro area",1182,5.01,473,9.48,5.79,0.11,2.34,0.15
2026-09-03,Monthly,2023-10-01,2023-10-31,Metro,"Denver, CO metro area",526,-6.01,208,14.84,4.89,-0.35,2.11,0.24
2026-09-03,Monthly,2023-10-01,2023-10-31,Metro,"Detroit, MI metro area",368,-32.14,170,16.83,6.25,-1.78,2.88,0.71
2026-09-03,Monthly,2023-10-01,2023-10-31,Metro,"Fort Lauderdale, FL metro area",733,4.81,309,27.27,5.14,-0.11,2.17,0.35
2026-09-03,Monthly,2023-10-01,2023-10-31,Metro,"Fort Worth, TX metro area",540,-3.71,255,46.21,5.51,-0.34,2.51,0.74
2026-09-03,Monthly,2023-10-01,2023-10-31,Metro,"Houston, TX metro area",1116,-35.83,570,11.43,3.43,-2.08,1.78,0.13
2026-09-03,Monthly,2023-10-01,2023-10-31,Metro,"Indianapolis, IN metro area",283,-18.12,140,2.15,4.16,-0.69,2.04,0.18
2026-09-03,Monthly,2023-10-01,2023-10-31,Metro,"Jacksonville, FL metro area",393,-22.28,199,10.8,3.9,-0.8,1.91,0.25
2026-09-03,Monthly,2023-10-01,2023-10-31,Metro,"Kansas City, MO metro area",277,-1.35,122,12.83,3.53,0.12,1.57,0.26
2026-09-03,Monthly,2023-10-01,2023-10-31,Metro,"Las Vegas, NV metro area",410,-60.3,280,25.79,4.65,-2.97,3.2,1.62
2026-09-03,Monthly,2023-10-01,2023-10-31,Metro,"Los Angeles, CA metro area",889,-32.08,429,13.34,5.58,-1.37,2.72,0.69
2026-09-03,Monthly,2023-10-01,2023-10-31,Metro,"Miami, FL metro area",1004,1.88,457,17.29,6.77,-0.16,3.16,0.56
2026-09-03,Monthly,2023-10-01,2023-10-31,Metro,"Milwaukee, WI metro area",125,-21.24,60,-8.85,3.43,-0.68,1.3,-0.06
2026-09-03,Monthly,2023-10-01,2023-10-31,Metro,"Minneapolis, MN metro area",450,-12.9,209,-1.67,3.97,-0.32,1.87,0.05
2026-09-03,Monthly,2023-10-01,2023-10-31,Metro,"Montgomery County, PA metro area",170,-12.82,78,8.86,3.9,-0.16,1.81,0.33
2026-09-03,Monthly,2023-10-01,2023-10-31,Metro,"Nashville, TN metro area",559,-1.18,253,30.05,4.92,0.18,2.14,0.55
2026-09-03,Monthly,2023-10-01,2023-10-31,Metro,"Nassau County, NY metro area",372,-31.59,195,-8.82,5.64,-0.81,2.93,0.36
2026-09-03,Monthly,2023-10-01,2023-10-31,Metro,"New Brunswick, NJ metro area",290,-45.42,157,2.23,3.81,-1.49,2.12,0.57
2026-09-03,Monthly,2023-10-01,2023-10-31,Metro,"New York, NY metro area",2092,0.21,795,-3.09,7.28,0.44,2.79,0.09
2026-09-03,Monthly,2023-10-01,2023-10-31,Metro,"Newark, NJ metro area",296,-7.4,93,-33.4,5.76,1.22,1.86,-0.05
2026-09-03,Monthly,2023-10-01,2023-10-31,Metro,"Oakland, CA metro area",278,-32.8,111,-21.19,6.59,-1.49,2.7,-0.11
2026-09-03,Monthly,2023-10-01,2023-10-31,Metro,"Orlando, FL metro area",563,-16.57,259,44.74,4.4,-0.87,2.03,0.59
2026-09-03,Monthly,2023-10-01,2023-10-31,Metro,"Philadelphia, PA metro area",597,-17.07,252,16.42,7.85,-0.78,3.29,0.69
2026-09-03,Monthly,2023-10-01,2023-10-31,Metro,"Phoenix, AZ metro area",882,-55.51,480,3.62,4.26,-3.05,2.34,0.62
2026-09-03,Monthly,2023-10-01,2023-10-31,Metro,"Pittsburgh, PA metro area",316,-4.49,88,-21.31,3.92,0.2,1.03,-0.28
2026-09-03,Monthly,2023-10-01,2023-10-31,Metro,"Portland, OR metro area",330,-19.15,148,14.09,4.25,-0.72,1.93,0.32
2026-09-03,Monthly,2023-10-01,2023-10-31,Metro,"Providence, RI metro area",158,-19.51,57,-12.73,4.75,-0.2,1.68,0.05
2026-09-03,Monthly,2023-10-01,2023-10-31,Metro,"Riverside, CA metro area",702,-36.34,365,21.01,5.01,-1.42,2.6,0.82
2026-09-03,Monthly,2023-10-01,2023-10-31,Metro,"Sacramento, CA metro area",260,-46.24,112,-15.67,5.3,-2.38,2.33,0.2
2026-09-03,Monthly,2023-10-01,2023-10-31,Metro,"San Antonio, TX metro area",772,31.98,249,50.05,4.98,0.66,1.65,0.33
2026-09-03,Monthly,2023-10-01,2023-10-31,Metro,"San Diego, CA metro area",256,-42.95,135,2.56,4.83,-1.93,2.58,0.58
2026-09-03,Monthly,2023-10-01,2023-10-31,Metro,"San Francisco, CA metro area",205,-22.82,107,-12.42,7.55,-1.43,3.83,-0.11
2026-09-03,Monthly,2023-10-01,2023-10-31,Metro,"San Jose, CA metro area",107,-44.37,53,-18.51,4.77,-2.41,2.39,-0.03
2026-09-03,Monthly,2023-10-01,2023-10-31,Metro,"Seattle, WA metro area",372,-46.69,141,-25.02,6.01,-2.57,2.36,-0.07
2026-09-03,Monthly,2023-10-01,2023-10-31,Metro,"St. Louis, MO metro area",441,14.1,127,-12.27,5.66,0.52,1.51,-0.2
2026-09-03,Monthly,2023-10-01,2023-10-31,Metro,"Tampa, FL metro area",734,-17.26,337,38.9,4.03,-1.07,1.81,0.45
2026-09-03,Monthly,2023-10-01,2023-10-31,Metro,"Virginia Beach, VA metro area",224,-2.7,81,-7.45,3.59,0.24,1.27,0.04
2026-09-03,Monthly,2023-10-01,2023-10-31,Metro,"Warren, MI metro area",282,-44.33,162,1.24,3.95,-1.87,2.28,0.43
2026-09-03,Monthly,2023-10-01,2023-10-31,Metro,"Washington, DC metro area",681,-24.78,233,-25.57,5.25,-0.67,1.82,-0.2
2026-09-03,Monthly,2023-10-01,2023-10-31,Metro,"West Palm Beach, FL metro area",632,-3.82,318,63.89,5.03,-0.68,2.5,0.86
2026-09-03,Monthly,2023-09-01,2023-09-30,Metro,"Anaheim, CA metro area",182,-50.48,113,1.98,3.65,-1.82,2.35,0.68
2026-09-03,Monthly,2023-09-01,2023-09-30,Metro,"Atlanta, GA metro area",3195,-0.1,502,30.79,10.53,1.27,1.6,0.53
2026-09-03,Monthly,2023-09-01,2023-09-30,Metro,"Austin, TX metro area",753,-3.47,317,63.65,5.51,0.03,2.38,1
2026-09-03,Monthly,2023-09-01,2023-09-30,Metro,"Baltimore, MD metro area",371,-20.01,174,-1.61,4.94,-0.18,2.39,0.38
2026-09-03,Monthly,2023-09-01,2023-09-30,Metro,"Boston, MA metro area",488,-26.99,241,-12.86,6.08,-0.82,3.08,0.12
2026-09-03,Monthly,2023-09-01,2023-09-30,Metro,"Charlotte, NC metro area",360,-15.87,154,33.23,3.53,-0.34,1.46,0.39
2026-09-03,Monthly,2023-09-01,2023-09-30,Metro,"Chicago, IL metro area",1066,-30.86,642,-15.06,4.37,-0.59,2.63,0.2
2026-09-03,Monthly,2023-09-01,2023-09-30,Metro,"Cincinnati, OH metro area",198,-17.83,99,28.56,3.76,0.46,2,0.91
2026-09-03,Monthly,2023-09-01,2023-09-30,Metro,"Cleveland, OH metro area",248,-28.32,138,34.22,4.16,-0.87,2.32,0.77
2026-09-03,Monthly,2023-09-01,2023-09-30,Metro,"Columbus, OH metro area",210,-14.66,87,-12.41,3.29,-0.16,1.41,-0.03
2026-09-03,Monthly,2023-09-01,2023-09-30,Metro,"Dallas, TX metro area",1106,4.06,449,9.17,5.7,0.31,2.33,0.23
2026-09-03,Monthly,2023-09-01,2023-09-30,Metro,"Denver, CO metro area",464,-19.68,200,1.41,4.54,-0.77,2.08,0.02
2026-09-03,Monthly,2023-09-01,2023-09-30,Metro,"Detroit, MI metro area",370,-9.27,175,22.33,6.34,0.17,2.95,0.81
2026-09-03,Monthly,2023-09-01,2023-09-30,Metro,"Fort Lauderdale, FL metro area",724,-0.74,316,59.1,5.19,-0.22,2.35,0.81
2026-09-03,Monthly,2023-09-01,2023-09-30,Metro,"Fort Worth, TX metro area",513,5.12,239,56.28,5.36,0.09,2.46,0.89
2026-09-03,Monthly,2023-09-01,2023-09-30,Metro,"Houston, TX metro area",1610,8.99,609,12.36,5.48,0.48,1.98,0.21
2026-09-03,Monthly,2023-09-01,2023-09-30,Metro,"Indianapolis, IN metro area",305,-10.91,157,46.14,4.51,-0.25,2.33,0.85
2026-09-03,Monthly,2023-09-01,2023-09-30,Metro,"Jacksonville, FL metro area",436,0.82,198,19.76,4.27,0.19,1.92,0.35
2026-09-03,Monthly,2023-09-01,2023-09-30,Metro,"Kansas City, MO metro area",268,-5.3,117,-0.51,3.53,0.13,1.51,0.11
2026-09-03,Monthly,2023-09-01,2023-09-30,Metro,"Las Vegas, NV metro area",406,-56.74,291,40.88,4.67,-2.08,3.37,1.94
2026-09-03,Monthly,2023-09-01,2023-09-30,Metro,"Los Angeles, CA metro area",825,-35.28,445,26,5.4,-1.29,2.9,1.03
2026-09-03,Monthly,2023-09-01,2023-09-30,Metro,"Miami, FL metro area",987,4.3,466,24.71,6.66,0.25,3.34,0.83
2026-09-03,Monthly,2023-09-01,2023-09-30,Metro,"Milwaukee, WI metro area",130,-26.12,61,12.54,3.11,-0.8,1.34,0.24
2026-09-03,Monthly,2023-09-01,2023-09-30,Metro,"Minneapolis, MN metro area",443,-6.93,208,6.43,4.01,0.09,1.86,0.2
2026-09-03,Monthly,2023-09-01,2023-09-30,Metro,"Montgomery County, PA metro area",141,-25.3,61,-23.95,3.59,-0.46,1.45,-0.16
2026-09-03,Monthly,2023-09-01,2023-09-30,Metro,"Nashville, TN metro area",607,12.58,265,36.42,5.26,0.49,2.24,0.65
2026-09-03,Monthly,2023-09-01,2023-09-30,Metro,"Nassau County, NY metro area",387,-25.73,225,16.88,5.89,-0.25,3.48,1.25
2026-09-03,Monthly,2023-09-01,2023-09-30,Metro,"New Brunswick, NJ metro area",372,-29.48,153,-7.14,5.42,0.39,2.19,0.63
2026-09-03,Monthly,2023-09-01,2023-09-30,Metro,"New York, NY metro area",2305,0.99,799,-0.24,8.23,0.97,2.9,0.37
2026-09-03,Monthly,2023-09-01,2023-09-30,Metro,"Newark, NJ metro area",274,-26.22,87,-48,5.38,1,1.67,-0.46
2026-09-03,Monthly,2023-09-01,2023-09-30,Metro,"Oakland, CA metro area",230,-50.93,117,-16.93,5.68,-3.09,2.88,0.2
2026-09-03,Monthly,2023-09-01,2023-09-30,Metro,"Orlando, FL metro area",558,-15.03,248,57.74,4.46,-0.66,2.07,0.74
2026-09-03,Monthly,2023-09-01,2023-09-30,Metro,"Philadelphia, PA metro area",559,-12.09,271,19.57,7.39,-0.07,3.56,0.93
2026-09-03,Monthly,2023-09-01,2023-09-30,Metro,"Phoenix, AZ metro area",859,-53,522,23.67,4.3,-2.21,2.62,1.09
2026-09-03,Monthly,2023-09-01,2023-09-30,Metro,"Pittsburgh, PA metro area",285,-16.8,89,-2.86,3.49,-0.23,1.17,0.15
2026-09-03,Monthly,2023-09-01,2023-09-30,Metro,"Portland, OR metro area",346,-15.22,155,49.45,4.54,-0.47,2.05,0.77
2026-09-03,Monthly,2023-09-01,2023-09-30,Metro,"Providence, RI metro area",141,-29.72,78,-9.97,4.39,-0.69,2.41,0.29
2026-09-03,Monthly,2023-09-01,2023-09-30,Metro,"Riverside, CA metro area",708,-35.96,342,22.67,5.2,-1.11,2.52,0.87
2026-09-03,Monthly,2023-09-01,2023-09-30,Metro,"Sacramento, CA metro area",248,-44.42,123,-19.61,5.16,-1.78,2.57,0.19
2026-09-03,Monthly,2023-09-01,2023-09-30,Metro,"San Antonio, TX metro area",680,38.33,256,84.18,4.68,0.94,1.74,0.59
2026-09-03,Monthly,2023-09-01,2023-09-30,Metro,"San Diego, CA metro area",221,-49.83,111,-8.8,4.5,-1.97,2.28,0.47
2026-09-03,Monthly,2023-09-01,2023-09-30,Metro,"San Francisco, CA metro area",250,-14.78,129,-0.69,9.28,-0.64,4.75,0.52
2026-09-03,Monthly,2023-09-01,2023-09-30,Metro,"San Jose, CA metro area",106,-52.34,47,-33.45,4.88,-3.04,2.17,-0.32
2026-09-03,Monthly,2023-09-01,2023-09-30,Metro,"Seattle, WA metro area",343,-47.57,183,16.74,5.62,-2.5,3.08,1.08
2026-09-03,Monthly,2023-09-01,2023-09-30,Metro,"St. Louis, MO metro area",467,40.8,146,3.57,6.13,1.86,1.81,0.11
2026-09-03,Monthly,2023-09-01,2023-09-30,Metro,"Tampa, FL metro area",735,-3.18,352,86.27,4.05,-0.2,2,0.91
2026-09-03,Monthly,2023-09-01,2023-09-30,Metro,"Virginia Beach, VA metro area",185,-34.36,77,-10.02,3.08,-0.89,1.18,0.01
2026-09-03,Monthly,2023-09-01,2023-09-30,Metro,"Warren, MI metro area",307,-29.27,143,-5.75,4.37,-0.54,2.06,0.32
2026-09-03,Monthly,2023-09-01,2023-09-30,Metro,"Washington, DC metro area",602,-37.35,273,-13.58,4.77,-1.33,2.12,0.13
2026-09-03,Monthly,2023-09-01,2023-09-30,Metro,"West Palm Beach, FL metro area",599,-7.44,331,82.72,4.95,-0.75,2.71,1.18
2026-09-03,Monthly,2023-08-01,2023-08-31,Metro,"Anaheim, CA metro area",209,-47.54,113,9.44,4.24,-1.56,2.34,0.82
2026-09-03,Monthly,2023-08-01,2023-08-31,Metro,"Atlanta, GA metro area",3059,10.68,487,32.76,10.13,1.92,1.62,0.54
2026-09-03,Monthly,2023-08-01,2023-08-31,Metro,"Austin, TX metro area",733,5.67,351,86.62,5.58,0.43,2.66,1.27
2026-09-03,Monthly,2023-08-01,2023-08-31,Metro,"Baltimore, MD metro area",346,-27.85,185,-13.68,4.75,-0.35,2.56,0.22
2026-09-03,Monthly,2023-08-01,2023-08-31,Metro,"Boston, MA metro area",442,-38.61,193,-29.61,5.64,-1.43,2.57,-0.25
2026-09-03,Monthly,2023-08-01,2023-08-31,Metro,"Charlotte, NC metro area",343,-20.66,162,51.71,3.58,-0.2,1.55,0.54
2026-09-03,Monthly,2023-08-01,2023-08-31,Metro,"Chicago, IL metro area",1068,-37.15,697,2.94,4.33,-0.96,2.82,0.68
2026-09-03,Monthly,2023-08-01,2023-08-31,Metro,"Cincinnati, OH metro area",146,-40.89,84,23.12,3.34,0.03,1.86,0.94
2026-09-03,Monthly,2023-08-01,2023-08-31,Metro,"Cleveland, OH metro area",291,-10.32,128,11.23,5.02,0.53,2.26,0.58
2026-09-03,Monthly,2023-08-01,2023-08-31,Metro,"Columbus, OH metro area",200,-19.72,97,17.1,3.14,-0.22,1.56,0.42
2026-09-03,Monthly,2023-08-01,2023-08-31,Metro,"Dallas, TX metro area",982,-14.65,448,31.27,5.21,-0.77,2.4,0.63
2026-09-03,Monthly,2023-08-01,2023-08-31,Metro,"Denver, CO metro area",405,-31.77,218,54.12,4.16,-1.32,2.17,0.92
2026-09-03,Monthly,2023-08-01,2023-08-31,Metro,"Detroit, MI metro area",369,-12.02,148,27.25,6.32,0.06,2.53,0.75
2026-09-03,Monthly,2023-08-01,2023-08-31,Metro,"Fort Lauderdale, FL metro area",685,-0.07,325,52.45,5.05,-0.03,2.42,0.79
2026-09-03,Monthly,2023-08-01,2023-08-31,Metro,"Fort Worth, TX metro area",490,-6.93,249,100.72,5.36,-0.37,2.65,1.34
2026-09-03,Monthly,2023-08-01,2023-08-31,Metro,"Houston, TX metro area",1359,-13.88,614,25.54,4.94,-0.51,2.07,0.44
2026-09-03,Monthly,2023-08-01,2023-08-31,Metro,"Indianapolis, IN metro area",281,-21.62,134,32.85,4.31,-0.61,2.05,0.69
2026-09-03,Monthly,2023-08-01,2023-08-31,Metro,"Jacksonville, FL metro area",420,7.41,202,15.64,4.44,0.76,2.01,0.36
2026-09-03,Monthly,2023-08-01,2023-08-31,Metro,"Kansas City, MO metro area",225,-31.04,99,-6.78,3.17,-0.46,1.34,0.08
2026-09-03,Monthly,2023-08-01,2023-08-31,Metro,"Las Vegas, NV metro area",441,-47.84,296,67.63,5.04,-1.04,3.43,2.21
2026-09-03,Monthly,2023-08-01,2023-08-31,Metro,"Los Angeles, CA metro area",802,-34.34,451,26.07,5.36,-0.93,2.98,1.13
2026-09-03,Monthly,2023-08-01,2023-08-31,Metro,"Miami, FL metro area",947,-6.62,466,20.09,6.46,-0.25,3.44,0.9
2026-09-03,Monthly,2023-08-01,2023-08-31,Metro,"Milwaukee, WI metro area",130,-16.89,62,12.98,2.79,-0.13,1.41,0.3
2026-09-03,Monthly,2023-08-01,2023-08-31,Metro,"Minneapolis, MN metro area",425,-6.38,213,11.84,3.86,0.18,1.93,0.32
2026-09-03,Monthly,2023-08-01,2023-08-31,Metro,"Montgomery County, PA metro area",143,-24.79,54,-21.78,3.71,-0.16,1.34,0
2026-09-03,Monthly,2023-08-01,2023-08-31,Metro,"Nashville, TN metro area",566,9.3,247,49.96,5,0.36,2.16,0.75
2026-09-03,Monthly,2023-08-01,2023-08-31,Metro,"Nassau County, NY metro area",386,-30.45,205,-3.76,5.84,-0.49,3.14,0.67
2026-09-03,Monthly,2023-08-01,2023-08-31,Metro,"New Brunswick, NJ metro area",366,-32.91,154,-13.65,5.4,0.34,2.25,0.61
2026-09-03,Monthly,2023-08-01,2023-08-31,Metro,"New York, NY metro area",1775,-27.34,782,-9.72,6.71,-0.78,2.9,0.22
2026-09-03,Monthly,2023-08-01,2023-08-31,Metro,"Newark, NJ metro area",261,-36.81,101,-51.99,5.04,0.65,2.12,-0.26
2026-09-03,Monthly,2023-08-01,2023-08-31,Metro,"Oakland, CA metro area",218,-53.16,131,-7.16,5.57,-2.56,3.35,0.86
2026-09-03,Monthly,2023-08-01,2023-08-31,Metro,"Orlando, FL metro area",537,-4.79,252,59.16,4.49,0.23,2.13,0.82
2026-09-03,Monthly,2023-08-01,2023-08-31,Metro,"Philadelphia, PA metro area",559,-20.37,250,12.45,7.65,-0.55,3.38,0.82
2026-09-03,Monthly,2023-08-01,2023-08-31,Metro,"Phoenix, AZ metro area",791,-54.38,566,41.59,4.05,-2.1,2.87,1.44
2026-09-03,Monthly,2023-08-01,2023-08-31,Metro,"Pittsburgh, PA metro area",269,-17.94,115,8.47,3.26,-0.2,1.36,0.23
2026-09-03,Monthly,2023-08-01,2023-08-31,Metro,"Portland, OR metro area",333,-10.36,149,45.31,4.4,-0.08,2.04,0.77
2026-09-03,Monthly,2023-08-01,2023-08-31,Metro,"Providence, RI metro area",122,-45.49,73,0.27,3.73,-1.35,2.24,0.56
2026-09-03,Monthly,2023-08-01,2023-08-31,Metro,"Riverside, CA metro area",662,-36.24,347,43.06,4.93,-0.95,2.55,1.03
2026-09-03,Monthly,2023-08-01,2023-08-31,Metro,"Sacramento, CA metro area",266,-44.01,140,11.04,5.59,-1.45,3.02,1.08
2026-09-03,Monthly,2023-08-01,2023-08-31,Metro,"San Antonio, TX metro area",586,38.69,255,83.47,4.43,1.13,1.82,0.61
2026-09-03,Monthly,2023-08-01,2023-08-31,Metro,"San Diego, CA metro area",202,-55.05,133,27.48,4.41,-2.1,2.84,1.35
2026-09-03,Monthly,2023-08-01,2023-08-31,Metro,"San Francisco, CA metro area",235,-23.04,121,-0.32,9.06,-0.7,4.5,0.9
2026-09-03,Monthly,2023-08-01,2023-08-31,Metro,"San Jose, CA metro area",97,-49.31,73,12.85,4.86,-1.56,3.63,1.49
2026-09-03,Monthly,2023-08-01,2023-08-31,Metro,"Seattle, WA metro area",319,-52.42,191,26.7,5.5,-2.37,3.33,1.52
2026-09-03,Monthly,2023-08-01,2023-08-31,Metro,"St. Louis, MO metro area",444,31.58,135,5.51,5.75,1.29,1.73,0.23
2026-09-03,Monthly,2023-08-01,2023-08-31,Metro,"Tampa, FL metro area",659,-15.98,308,75.48,3.93,-0.39,1.91,0.93
2026-09-03,Monthly,2023-08-01,2023-08-31,Metro,"Virginia Beach, VA metro area",211,-5.87,87,18.8,3.55,0.44,1.41,0.43
2026-09-03,Monthly,2023-08-01,2023-08-31,Metro,"Warren, MI metro area",310,-31.55,159,11.55,4.38,-0.59,2.28,0.7
2026-09-03,Monthly,2023-08-01,2023-08-31,Metro,"Washington, DC metro area",627,-31.49,308,12.66,4.96,-0.8,2.43,0.73
2026-09-03,Monthly,2023-08-01,2023-08-31,Metro,"West Palm Beach, FL metro area",652,2.67,328,81.68,5.43,-0.07,2.75,1.24
2026-09-03,Monthly,2023-07-01,2023-07-31,Metro,"Anaheim, CA metro area",170,-56.18,130,52,3.47,-2.02,2.75,1.47
2026-09-03,Monthly,2023-07-01,2023-07-31,Metro,"Atlanta, GA metro area",2992,22.02,499,34.04,9.94,2.32,1.71,0.54
2026-09-03,Monthly,2023-07-01,2023-07-31,Metro,"Austin, TX metro area",713,7.11,335,149.08,5.55,0.4,2.65,1.58
2026-09-03,Monthly,2023-07-01,2023-07-31,Metro,"Baltimore, MD metro area",331,-29.92,172,-7.66,4.56,-0.38,2.37,0.37
2026-09-03,Monthly,2023-07-01,2023-07-31,Metro,"Boston, MA metro area",489,-28.71,261,7.54,6.21,-0.38,3.5,1.06
2026-09-03,Monthly,2023-07-01,2023-07-31,Metro,"Charlotte, NC metro area",349,-12.98,166,62.26,3.21,0.1,1.58,0.61
2026-09-03,Monthly,2023-07-01,2023-07-31,Metro,"Chicago, IL metro area",1129,-34.83,634,-14.73,4.59,-0.65,2.58,0.29
2026-09-03,Monthly,2023-07-01,2023-07-31,Metro,"Cincinnati, OH metro area",211,-10.04,80,-4.04,4.4,1.4,1.73,0.61
2026-09-03,Monthly,2023-07-01,2023-07-31,Metro,"Cleveland, OH metro area",277,-2.15,145,12.41,4.81,0.89,2.54,0.78
2026-09-03,Monthly,2023-07-01,2023-07-31,Metro,"Columbus, OH metro area",205,-16.12,82,5.57,3.26,-0.02,1.33,0.26
2026-09-03,Monthly,2023-07-01,2023-07-31,Metro,"Dallas, TX metro area",994,-1.96,433,32.43,5.48,0.08,2.4,0.67
2026-09-03,Monthly,2023-07-01,2023-07-31,Metro,"Denver, CO metro area",407,-32.72,239,69.81,4.32,-1.26,2.42,1.17
2026-09-03,Monthly,2023-07-01,2023-07-31,Metro,"Detroit, MI metro area",365,-15.13,157,33.57,6.12,-0.45,2.62,0.85
2026-09-03,Monthly,2023-07-01,2023-07-31,Metro,"Fort Lauderdale, FL metro area",715,27.73,329,34.22,5.39,1.12,2.45,0.59
2026-09-03,Monthly,2023-07-01,2023-07-31,Metro,"Fort Worth, TX metro area",481,23.45,230,129.43,5.05,0.78,2.49,1.36
2026-09-03,Monthly,2023-07-01,2023-07-31,Metro,"Houston, TX metro area",1579,17,607,33.59,5.43,0.65,2.07,0.5
2026-09-03,Monthly,2023-07-01,2023-07-31,Metro,"Indianapolis, IN metro area",298,-5.57,117,3.52,4.66,0.33,1.83,0.28
2026-09-03,Monthly,2023-07-01,2023-07-31,Metro,"Jacksonville, FL metro area",377,-30.74,242,69.48,3.94,-1.35,2.39,0.98
2026-09-03,Monthly,2023-07-01,2023-07-31,Metro,"Kansas City, MO metro area",230,-23.32,123,19.37,3.33,-0.15,1.69,0.47
2026-09-03,Monthly,2023-07-01,2023-07-31,Metro,"Las Vegas, NV metro area",473,-36.77,282,69.01,5.46,-0.14,3.27,2.06
2026-09-03,Monthly,2023-07-01,2023-07-31,Metro,"Los Angeles, CA metro area",813,-31.02,455,43.51,5.44,-0.61,3.02,1.4
2026-09-03,Monthly,2023-07-01,2023-07-31,Metro,"Miami, FL metro area",1008,3.8,470,8.53,7.5,1.3,3.4,0.57
2026-09-03,Monthly,2023-07-01,2023-07-31,Metro,"Milwaukee, WI metro area",110,-31.57,41,-40.1,2,-0.37,0.97,-0.29
2026-09-03,Monthly,2023-07-01,2023-07-31,Metro,"Minneapolis, MN metro area",381,-23.2,214,13.27,3.51,-0.42,1.96,0.38
2026-09-03,Monthly,2023-07-01,2023-07-31,Metro,"Montgomery County, PA metro area",154,-23.21,67,-18.19,3.93,0.13,1.62,0.11
2026-09-03,Monthly,2023-07-01,2023-07-31,Metro,"Nashville, TN metro area",610,30.2,237,83.2,5.23,0.87,2.07,0.86
2026-09-03,Monthly,2023-07-01,2023-07-31,Metro,"Nassau County, NY metro area",393,-29.35,220,11.2,5.96,-0.3,3.38,1.16
2026-09-03,Monthly,2023-07-01,2023-07-31,Metro,"New Brunswick, NJ metro area",401,-30.23,153,-30.44,5.95,1,2.25,0.37
2026-09-03,Monthly,2023-07-01,2023-07-31,Metro,"New York, NY metro area",1986,-18.89,777,-8.75,7.67,0.13,2.88,0.29
2026-09-03,Monthly,2023-07-01,2023-07-31,Metro,"Newark, NJ metro area",247,-45.28,103,-55.33,4.76,0.1,1.96,-0.59
2026-09-03,Monthly,2023-07-01,2023-07-31,Metro,"Oakland, CA metro area",220,-52.3,151,8.77,5.77,-2.01,3.97,1.6
2026-09-03,Monthly,2023-07-01,2023-07-31,Metro,"Orlando, FL metro area",495,-14.75,281,66.48,4.2,-0.32,2.32,1
2026-09-03,Monthly,2023-07-01,2023-07-31,Metro,"Philadelphia, PA metro area",576,-10.74,246,0.05,7.79,0.31,3.3,0.45
2026-09-03,Monthly,2023-07-01,2023-07-31,Metro,"Phoenix, AZ metro area",844,-42.56,598,47.17,4.34,-0.98,3.05,1.55
2026-09-03,Monthly,2023-07-01,2023-07-31,Metro,"Pittsburgh, PA metro area",319,-2.03,112,18.75,3.82,0.48,1.42,0.44
2026-09-03,Monthly,2023-07-01,2023-07-31,Metro,"Portland, OR metro area",290,-27.48,172,98.2,3.9,-0.93,2.4,1.33
2026-09-03,Monthly,2023-07-01,2023-07-31,Metro,"Providence, RI metro area",139,-43.3,82,23.01,4.35,-0.92,2.61,1.14
2026-09-03,Monthly,2023-07-01,2023-07-31,Metro,"Riverside, CA metro area",638,-36.87,391,57.13,4.77,-1.08,2.83,1.27
2026-09-03,Monthly,2023-07-01,2023-07-31,Metro,"Sacramento, CA metro area",228,-49.04,140,7.85,4.9,-1.73,3.12,1.14
2026-09-03,Monthly,2023-07-01,2023-07-31,Metro,"San Antonio, TX metro area",622,67.65,244,112.8,4.64,1.52,1.85,0.78
2026-09-03,Monthly,2023-07-01,2023-07-31,Metro,"San Diego, CA metro area",197,-54.05,143,93.52,4.26,-1.85,3.12,2.07
2026-09-03,Monthly,2023-07-01,2023-07-31,Metro,"San Francisco, CA metro area",197,-42.8,126,27.46,7.89,-2.92,4.66,1.74
2026-09-03,Monthly,2023-07-01,2023-07-31,Metro,"San Jose, CA metro area",74,-70.54,57,-0.88,4.08,-4.31,2.92,1.08
2026-09-03,Monthly,2023-07-01,2023-07-31,Metro,"Seattle, WA metro area",319,-54.01,204,55.82,5.47,-2.57,3.51,1.98
2026-09-03,Monthly,2023-07-01,2023-07-31,Metro,"St. Louis, MO metro area",408,14.28,154,47.63,5.03,0.27,2.04,0.82
2026-09-03,Monthly,2023-07-01,2023-07-31,Metro,"Tampa, FL metro area",676,3.23,339,71.82,4.16,0.38,2.12,0.97
2026-09-03,Monthly,2023-07-01,2023-07-31,Metro,"Virginia Beach, VA metro area",162,-30.73,95,47.91,2.74,-0.41,1.64,0.76
2026-09-03,Monthly,2023-07-01,2023-07-31,Metro,"Warren, MI metro area",316,-26.89,184,33.61,4.44,-0.2,2.62,1.13
2026-09-03,Monthly,2023-07-01,2023-07-31,Metro,"Washington, DC metro area",591,-33.98,315,-3.83,4.69,-0.88,2.46,0.48
2026-09-03,Monthly,2023-07-01,2023-07-31,Metro,"West Palm Beach, FL metro area",647,10.24,336,87.76,5.39,0.07,2.83,1.28
2026-09-03,Monthly,2023-06-01,2023-06-30,Metro,"Anaheim, CA metro area",210,-31.75,132,84.5,4.45,-0.36,2.79,1.66
2026-09-03,Monthly,2023-06-01,2023-06-30,Metro,"Atlanta, GA metro area",3081,31.2,490,48.72,10.4,2.77,1.73,0.6
2026-09-03,Monthly,2023-06-01,2023-06-30,Metro,"Austin, TX metro area",759,50.04,361,156.99,5.84,1.52,2.84,1.61
2026-09-03,Monthly,2023-06-01,2023-06-30,Metro,"Baltimore, MD metro area",395,-12.97,167,-7.72,5.26,0.36,2.24,0.26
2026-09-03,Monthly,2023-06-01,2023-06-30,Metro,"Boston, MA metro area",482,-29.8,261,16.46,6.07,-0.56,3.48,1.15
2026-09-03,Monthly,2023-06-01,2023-06-30,Metro,"Charlotte, NC metro area",362,8.58,168,88.83,3.08,0.25,1.6,0.73
2026-09-03,Monthly,2023-06-01,2023-06-30,Metro,"Chicago, IL metro area",1123,-33.99,679,-5.15,4.48,-0.53,2.71,0.54
2026-09-03,Monthly,2023-06-01,2023-06-30,Metro,"Cincinnati, OH metro area",216,-4.49,89,-2.08,4.42,1.57,1.87,0.7
2026-09-03,Monthly,2023-06-01,2023-06-30,Metro,"Cleveland, OH metro area",272,-8.55,117,11.04,4.57,0.27,2.05,0.46
2026-09-03,Monthly,2023-06-01,2023-06-30,Metro,"Columbus, OH metro area",182,-18.41,94,28.74,2.91,-0.05,1.52,0.54
2026-09-03,Monthly,2023-06-01,2023-06-30,Metro,"Dallas, TX metro area",893,5.67,511,120.52,4.96,0.12,2.85,1.53
2026-09-03,Monthly,2023-06-01,2023-06-30,Metro,"Denver, CO metro area",385,-25.59,263,141.92,4.09,-1.13,2.71,1.67
2026-09-03,Monthly,2023-06-01,2023-06-30,Metro,"Detroit, MI metro area",325,-11.99,143,17.16,5.52,-0.17,2.44,0.54
2026-09-03,Monthly,2023-06-01,2023-06-30,Metro,"Fort Lauderdale, FL metro area",717,31.52,291,12.2,5.44,1.09,2.23,0.15
2026-09-03,Monthly,2023-06-01,2023-06-30,Metro,"Fort Worth, TX metro area",498,59.16,245,183.29,5.25,1.51,2.62,1.56
2026-09-03,Monthly,2023-06-01,2023-06-30,Metro,"Houston, TX metro area",1476,14.7,629,45.48,5.11,0.33,2.15,0.55
2026-09-03,Monthly,2023-06-01,2023-06-30,Metro,"Indianapolis, IN metro area",307,7.04,138,7.64,4.6,0.61,2.13,0.32
2026-09-03,Monthly,2023-06-01,2023-06-30,Metro,"Jacksonville, FL metro area",382,14.85,202,88.99,4.04,0.55,2.09,0.93
2026-09-03,Monthly,2023-06-01,2023-06-30,Metro,"Kansas City, MO metro area",234,-19.55,112,15.88,3.27,-0.14,1.56,0.39
2026-09-03,Monthly,2023-06-01,2023-06-30,Metro,"Las Vegas, NV metro area",489,-13.29,329,81.05,5.27,0.75,3.64,2.15
2026-09-03,Monthly,2023-06-01,2023-06-30,Metro,"Los Angeles, CA metro area",867,-20.97,499,56.62,5.73,-0.09,3.27,1.61
2026-09-03,Monthly,2023-06-01,2023-06-30,Metro,"Miami, FL metro area",1031,13.84,442,-0.36,7.48,1.83,3.21,0.19
2026-09-03,Monthly,2023-06-01,2023-06-30,Metro,"Milwaukee, WI metro area",104,-34.5,47,-27.43,1.65,-0.32,1.14,-0.03
2026-09-03,Monthly,2023-06-01,2023-06-30,Metro,"Minneapolis, MN metro area",412,-12.19,220,21.04,3.76,-0.02,2.01,0.5
2026-09-03,Monthly,2023-06-01,2023-06-30,Metro,"Montgomery County, PA metro area",146,-19.01,70,-22.18,3.79,0.24,1.75,0.05
2026-09-03,Monthly,2023-06-01,2023-06-30,Metro,"Nashville, TN metro area",575,33.14,255,161.18,4.97,0.83,2.22,1.15
2026-09-03,Monthly,2023-06-01,2023-06-30,Metro,"Nassau County, NY metro area",382,-32.16,213,1.79,5.8,-0.51,3.16,0.79
2026-09-03,Monthly,2023-06-01,2023-06-30,Metro,"New Brunswick, NJ metro area",586,11.04,160,-21.69,7.45,2.87,2.05,0.29
2026-09-03,Monthly,2023-06-01,2023-06-30,Metro,"New York, NY metro area",2059,-17.27,770,-14.1,7.77,-0.14,2.79,0.06
2026-09-03,Monthly,2023-06-01,2023-06-30,Metro,"Newark, NJ metro area",247,-50.93,116,-52.92,4.89,-0.06,2.28,-0.11
2026-09-03,Monthly,2023-06-01,2023-06-30,Metro,"Oakland, CA metro area",218,-48,137,38.73,5.79,-1.77,3.66,1.88
2026-09-03,Monthly,2023-06-01,2023-06-30,Metro,"Orlando, FL metro area",495,12.84,256,72.02,4.19,0.64,2.19,0.94
2026-09-03,Monthly,2023-06-01,2023-06-30,Metro,"Philadelphia, PA metro area",607,8.08,272,18.07,8.12,1.5,3.57,0.92
2026-09-03,Monthly,2023-06-01,2023-06-30,Metro,"Phoenix, AZ metro area",858,-25.52,678,88.87,4.25,-0.35,3.35,1.92
2026-09-03,Monthly,2023-06-01,2023-06-30,Metro,"Pittsburgh, PA metro area",322,6.95,101,6.46,3.78,0.66,1.2,0.1
2026-09-03,Monthly,2023-06-01,2023-06-30,Metro,"Portland, OR metro area",295,-10.08,150,35.4,4.03,-0.05,2.11,0.68
2026-09-03,Monthly,2023-06-01,2023-06-30,Metro,"Providence, RI metro area",139,-40.27,71,10.02,4.2,-0.88,2.15,0.74
2026-09-03,Monthly,2023-06-01,2023-06-30,Metro,"Riverside, CA metro area",667,-3.26,426,91.66,4.98,0.86,3.03,1.63
2026-09-03,Monthly,2023-06-01,2023-06-30,Metro,"Sacramento, CA metro area",238,-38.57,171,85.26,5.06,-1.03,3.69,2.2
2026-09-03,Monthly,2023-06-01,2023-06-30,Metro,"San Antonio, TX metro area",619,89.3,233,93.96,4.66,1.73,1.8,0.66
2026-09-03,Monthly,2023-06-01,2023-06-30,Metro,"San Diego, CA metro area",198,-45.08,146,101.16,4.26,-1.13,3.12,2.02
2026-09-03,Monthly,2023-06-01,2023-06-30,Metro,"San Francisco, CA metro area",221,-33.61,113,1.43,8.77,-1.76,4.11,0.8
2026-09-03,Monthly,2023-06-01,2023-06-30,Metro,"San Jose, CA metro area",92,-60.12,72,19.17,4.97,-3.12,3.69,1.66
2026-09-03,Monthly,2023-06-01,2023-06-30,Metro,"Seattle, WA metro area",367,-39.27,229,108.85,6.29,-1.15,3.94,2.61
2026-09-03,Monthly,2023-06-01,2023-06-30,Metro,"St. Louis, MO metro area",428,33.88,144,26.9,5.5,1.61,1.94,0.61
2026-09-03,Monthly,2023-06-01,2023-06-30,Metro,"Tampa, FL metro area",697,20.5,354,110.8,4.37,0.63,2.2,1.11
2026-09-03,Monthly,2023-06-01,2023-06-30,Metro,"Virginia Beach, VA metro area",185,-8.15,85,38.2,3.18,0.4,1.44,0.6
2026-09-03,Monthly,2023-06-01,2023-06-30,Metro,"Warren, MI metro area",311,-22.62,174,37.35,4.37,0,2.48,1.07
2026-09-03,Monthly,2023-06-01,2023-06-30,Metro,"Washington, DC metro area",562,-38.46,317,5.83,4.51,-1.17,2.54,0.72
2026-09-03,Monthly,2023-06-01,2023-06-30,Metro,"West Palm Beach, FL metro area",677,43.89,266,42.76,5.37,1.21,2.21,0.49
2026-09-03,Monthly,2023-05-01,2023-05-31,Metro,"Anaheim, CA metro area",210,-22.09,140,98.85,4.09,-0.06,2.85,1.71
2026-09-03,Monthly,2023-05-01,2023-05-31,Metro,"Atlanta, GA metro area",3248,42.17,475,43.37,10.69,2.75,1.66,0.45
2026-09-03,Monthly,2023-05-01,2023-05-31,Metro,"Austin, TX metro area",683,106.28,365,250.88,5.13,1.89,2.83,1.76
2026-09-03,Monthly,2023-05-01,2023-05-31,Metro,"Baltimore, MD metro area",362,-13.66,167,-4.11,4.75,0.17,2.2,0.25
2026-09-03,Monthly,2023-05-01,2023-05-31,Metro,"Boston, MA metro area",514,-9.48,275,25.2,6.05,0.41,3.45,1.09
2026-09-03,Monthly,2023-05-01,2023-05-31,Metro,"Charlotte, NC metro area",392,26.38,163,79.77,2.91,0.53,1.53,0.61
2026-09-03,Monthly,2023-05-01,2023-05-31,Metro,"Chicago, IL metro area",1161,-29.8,693,-4.39,4.54,-0.36,2.73,0.54
2026-09-03,Monthly,2023-05-01,2023-05-31,Metro,"Cincinnati, OH metro area",209,-9.98,72,-5.72,4.28,1.29,1.54,0.55
2026-09-03,Monthly,2023-05-01,2023-05-31,Metro,"Cleveland, OH metro area",289,7.74,133,19.11,4.86,0.8,2.24,0.55
2026-09-03,Monthly,2023-05-01,2023-05-31,Metro,"Columbus, OH metro area",198,27.61,107,68.28,3.22,1.02,1.68,0.8
2026-09-03,Monthly,2023-05-01,2023-05-31,Metro,"Dallas, TX metro area",951,41.9,514,122.57,5.31,0.99,2.88,1.38
2026-09-03,Monthly,2023-05-01,2023-05-31,Metro,"Denver, CO metro area",418,6.68,251,146.18,4.22,0.57,2.57,1.54
2026-09-03,Monthly,2023-05-01,2023-05-31,Metro,"Detroit, MI metro area",424,20.09,157,61.01,6.97,1.24,2.7,1.1
2026-09-03,Monthly,2023-05-01,2023-05-31,Metro,"Fort Lauderdale, FL metro area",733,48.18,342,28.68,5.5,1.36,2.57,0.38
2026-09-03,Monthly,2023-05-01,2023-05-31,Metro,"Fort Worth, TX metro area",478,87.38,236,182.7,5.19,1.49,2.53,1.37
2026-09-03,Monthly,2023-05-01,2023-05-31,Metro,"Houston, TX metro area",1530,29.64,655,51.45,5.23,0.73,2.26,0.55
2026-09-03,Monthly,2023-05-01,2023-05-31,Metro,"Indianapolis, IN metro area",312,13.96,125,32.9,4.74,0.68,1.96,0.51
2026-09-03,Monthly,2023-05-01,2023-05-31,Metro,"Jacksonville, FL metro area",434,64.88,219,81.9,4.4,1.5,2.23,0.83
2026-09-03,Monthly,2023-05-01,2023-05-31,Metro,"Kansas City, MO metro area",252,-3.42,115,30.47,3.41,0.18,1.56,0.44
2026-09-03,Monthly,2023-05-01,2023-05-31,Metro,"Las Vegas, NV metro area",558,32.53,330,88.57,5.81,1.92,3.47,1.81
2026-09-03,Monthly,2023-05-01,2023-05-31,Metro,"Los Angeles, CA metro area",878,-6.14,487,37.4,5.72,0.64,3.11,1.22
2026-09-03,Monthly,2023-05-01,2023-05-31,Metro,"Miami, FL metro area",973,3,404,-18.52,6.85,0.53,2.87,-0.7
2026-09-03,Monthly,2023-05-01,2023-05-31,Metro,"Milwaukee, WI metro area",120,-30.12,53,14.47,1.87,-0.33,1.34,0.49
2026-09-03,Monthly,2023-05-01,2023-05-31,Metro,"Minneapolis, MN metro area",427,9.95,230,47.63,3.99,0.89,2.11,0.81
2026-09-03,Monthly,2023-05-01,2023-05-31,Metro,"Montgomery County, PA metro area",141,-11.78,62,-16,3.67,0.28,1.59,0.08
2026-09-03,Monthly,2023-05-01,2023-05-31,Metro,"Nashville, TN metro area",574,61.3,227,166.47,4.97,1.27,2.02,0.94
2026-09-03,Monthly,2023-05-01,2023-05-31,Metro,"Nassau County, NY metro area",433,-6.71,208,-4.16,6.2,0.83,3.01,0.52
2026-09-03,Monthly,2023-05-01,2023-05-31,Metro,"New Brunswick, NJ metro area",402,-22.41,155,-25.42,5.04,0.35,1.9,0.04
2026-09-03,Monthly,2023-05-01,2023-05-31,Metro,"New York, NY metro area",2005,-15.23,775,-15.28,7.15,-0.23,2.83,-0.08
2026-09-03,Monthly,2023-05-01,2023-05-31,Metro,"Newark, NJ metro area",257,-48.72,120,-44.99,4.82,-0.43,2.31,0.09
2026-09-03,Monthly,2023-05-01,2023-05-31,Metro,"Oakland, CA metro area",188,-44.84,163,103.98,5.05,-1.42,4.32,2.82
2026-09-03,Monthly,2023-05-01,2023-05-31,Metro,"Orlando, FL metro area",499,61.23,268,79.24,4.38,1.33,2.28,0.92
2026-09-03,Monthly,2023-05-01,2023-05-31,Metro,"Philadelphia, PA metro area",651,7.47,278,51.63,8.44,1.12,3.67,1.4
2026-09-03,Monthly,2023-05-01,2023-05-31,Metro,"Phoenix, AZ metro area",1009,9.55,729,106.12,4.7,0.6,3.36,1.76
2026-09-03,Monthly,2023-05-01,2023-05-31,Metro,"Pittsburgh, PA metro area",348,20.86,82,-37.55,4.03,1.1,1.03,-0.25
2026-09-03,Monthly,2023-05-01,2023-05-31,Metro,"Portland, OR metro area",295,33.53,167,115.62,4.11,1.15,2.36,1.32
2026-09-03,Monthly,2023-05-01,2023-05-31,Metro,"Providence, RI metro area",150,13.39,57,-12.08,4.37,1.33,1.68,0.2
2026-09-03,Monthly,2023-05-01,2023-05-31,Metro,"Riverside, CA metro area",716,13.18,455,112.09,5.29,1.18,3.28,1.93
2026-09-03,Monthly,2023-05-01,2023-05-31,Metro,"Sacramento, CA metro area",238,-31.74,176,92.59,5.13,-0.56,3.9,2.36
2026-09-03,Monthly,2023-05-01,2023-05-31,Metro,"San Antonio, TX metro area",598,117.28,224,115.17,4.65,1.81,1.74,0.73
2026-09-03,Monthly,2023-05-01,2023-05-31,Metro,"San Diego, CA metro area",197,-27.18,130,98.93,4.15,0.04,2.86,1.82
2026-09-03,Monthly,2023-05-01,2023-05-31,Metro,"San Francisco, CA metro area",203,-23.33,137,69.73,7.9,-0.82,5.25,2.55
2026-09-03,Monthly,2023-05-01,2023-05-31,Metro,"San Jose, CA metro area",101,-40.29,83,111.03,5.13,-1.27,3.9,2.53
2026-09-03,Monthly,2023-05-01,2023-05-31,Metro,"Seattle, WA metro area",390,-17.71,205,103.22,6.62,0.33,3.42,2.15
2026-09-03,Monthly,2023-05-01,2023-05-31,Metro,"St. Louis, MO metro area",425,42.47,146,24.76,5.72,2.36,1.94,0.52
2026-09-03,Monthly,2023-05-01,2023-05-31,Metro,"Tampa, FL metro area",654,79.06,320,114.77,4.07,1.42,1.99,0.9
2026-09-03,Monthly,2023-05-01,2023-05-31,Metro,"Virginia Beach, VA metro area",185,9.89,82,26.03,3.08,0.73,1.36,0.4
2026-09-03,Monthly,2023-05-01,2023-05-31,Metro,"Warren, MI metro area",333,-9.23,169,31.74,4.48,0.28,2.32,0.82
2026-09-03,Monthly,2023-05-01,2023-05-31,Metro,"Washington, DC metro area",634,-20.63,310,-11.13,4.98,-0.1,2.52,0.18
2026-09-03,Monthly,2023-05-01,2023-05-31,Metro,"West Palm Beach, FL metro area",684,58.45,268,32.01,5.33,1.22,2.18,0.14
2026-09-03,Monthly,2023-04-01,2023-04-30,Metro,"Anaheim, CA metro area",237,26.18,142,105.08,4.58,1.5,2.76,1.61
2026-09-03,Monthly,2023-04-01,2023-04-30,Metro,"Atlanta, GA metro area",3221,59.39,467,51.91,10.41,3.06,1.58,0.4
2026-09-03,Monthly,2023-04-01,2023-04-30,Metro,"Austin, TX metro area",768,261.96,312,198.57,6.17,3.57,2.42,1.19
2026-09-03,Monthly,2023-04-01,2023-04-30,Metro,"Baltimore, MD metro area",352,-12.7,171,-2.65,4.59,0.18,2.17,0.29
2026-09-03,Monthly,2023-04-01,2023-04-30,Metro,"Boston, MA metro area",539,1.33,236,34.21,6.33,1.14,2.95,1.1
2026-09-03,Monthly,2023-04-01,2023-04-30,Metro,"Charlotte, NC metro area",413,39.44,160,90.47,2.54,0.56,1.49,0.6
2026-09-03,Monthly,2023-04-01,2023-04-30,Metro,"Chicago, IL metro area",1318,-19.92,728,5.46,5.11,0.19,2.84,0.74
2026-09-03,Monthly,2023-04-01,2023-04-30,Metro,"Cincinnati, OH metro area",215,10.6,79,7.05,4.41,1.94,1.63,0.65
2026-09-03,Monthly,2023-04-01,2023-04-30,Metro,"Cleveland, OH metro area",271,2.67,122,2.88,4.57,0.65,2.04,0.29
2026-09-03,Monthly,2023-04-01,2023-04-30,Metro,"Columbus, OH metro area",188,37.83,88,38.07,2.98,1.06,1.37,0.5
2026-09-03,Monthly,2023-04-01,2023-04-30,Metro,"Dallas, TX metro area",1007,93.63,444,112.72,5.64,1.86,2.49,0.98
2026-09-03,Monthly,2023-04-01,2023-04-30,Metro,"Denver, CO metro area",429,83.07,239,160.4,4.4,1.97,2.46,1.49
2026-09-03,Monthly,2023-04-01,2023-04-30,Metro,"Detroit, MI metro area",409,34.58,161,38,6.64,1.63,2.62,0.69
2026-09-03,Monthly,2023-04-01,2023-04-30,Metro,"Fort Lauderdale, FL metro area",722,37.28,258,13.85,5.43,0.96,1.81,-0.07
2026-09-03,Monthly,2023-04-01,2023-04-30,Metro,"Fort Worth, TX metro area",506,155.59,251,248.77,5.3,2.35,2.69,1.58
2026-09-03,Monthly,2023-04-01,2023-04-30,Metro,"Houston, TX metro area",1619,39.48,623,46.38,5.33,0.84,2.12,0.38
2026-09-03,Monthly,2023-04-01,2023-04-30,Metro,"Indianapolis, IN metro area",365,48.03,144,46.59,5.5,1.63,2.26,0.65
2026-09-03,Monthly,2023-04-01,2023-04-30,Metro,"Jacksonville, FL metro area",460,68,199,107.91,4.57,1.56,2.06,0.81
2026-09-03,Monthly,2023-04-01,2023-04-30,Metro,"Kansas City, MO metro area",252,4.7,113,42.23,3.43,0.38,1.51,0.5
2026-09-03,Monthly,2023-04-01,2023-04-30,Metro,"Las Vegas, NV metro area",635,78.16,369,116.01,6.07,2.55,3.6,1.85
2026-09-03,Monthly,2023-04-01,2023-04-30,Metro,"Los Angeles, CA metro area",1009,22.48,491,55.12,6.43,1.9,3.06,1.35
2026-09-03,Monthly,2023-04-01,2023-04-30,Metro,"Miami, FL metro area",1008,7.52,446,-10.78,6.99,0.82,3.04,-0.55
2026-09-03,Monthly,2023-04-01,2023-04-30,Metro,"Milwaukee, WI metro area",132,-7.94,57,18.9,2.26,0.41,1.33,0.42
2026-09-03,Monthly,2023-04-01,2023-04-30,Metro,"Minneapolis, MN metro area",366,5.42,212,29.93,3.57,0.71,1.98,0.62
2026-09-03,Monthly,2023-04-01,2023-04-30,Metro,"Montgomery County, PA metro area",165,-16.22,60,-24.35,4,0.35,1.49,-0.13
2026-09-03,Monthly,2023-04-01,2023-04-30,Metro,"Nashville, TN metro area",611,81.55,293,550.39,5.21,1.66,2.77,1.78
2026-09-03,Monthly,2023-04-01,2023-04-30,Metro,"Nassau County, NY metro area",436,-13.11,201,9.94,6.05,0.25,2.78,0.68
2026-09-03,Monthly,2023-04-01,2023-04-30,Metro,"New Brunswick, NJ metro area",416,-13.85,152,-22.35,5.11,0.52,1.82,0.01
2026-09-03,Monthly,2023-04-01,2023-04-30,Metro,"New York, NY metro area",1871,-18.64,830,3.33,6.84,-0.37,3.04,0.46
2026-09-03,Monthly,2023-04-01,2023-04-30,Metro,"Newark, NJ metro area",316,-31.81,120,-44.35,5.42,0.61,1.97,-0.26
2026-09-03,Monthly,2023-04-01,2023-04-30,Metro,"Oakland, CA metro area",243,-13.13,158,98.49,6.5,0.94,4.19,2.61
2026-09-03,Monthly,2023-04-01,2023-04-30,Metro,"Orlando, FL metro area",518,82.22,230,137.43,4.33,1.36,1.98,0.82
2026-09-03,Monthly,2023-04-01,2023-04-30,Metro,"Philadelphia, PA metro area",598,14.43,268,21.15,7.64,1.26,3.49,0.72
2026-09-03,Monthly,2023-04-01,2023-04-30,Metro,"Phoenix, AZ metro area",1276,85.15,742,144.69,5.65,2.14,3.24,1.73
2026-09-03,Monthly,2023-04-01,2023-04-30,Metro,"Pittsburgh, PA metro area",324,-3.61,106,15.8,3.59,0.09,1.31,0.17
2026-09-03,Monthly,2023-04-01,2023-04-30,Metro,"Portland, OR metro area",304,45.01,141,84.65,4.35,1.48,2.04,0.98
2026-09-03,Monthly,2023-04-01,2023-04-30,Metro,"Providence, RI metro area",188,2.72,71,32.59,5.42,1.26,2.09,0.82
2026-09-03,Monthly,2023-04-01,2023-04-30,Metro,"Riverside, CA metro area",746,37.79,404,86.26,5.35,1.61,2.89,1.49
2026-09-03,Monthly,2023-04-01,2023-04-30,Metro,"Sacramento, CA metro area",238,17.01,201,124.76,5.08,1.55,4.29,2.72
2026-09-03,Monthly,2023-04-01,2023-04-30,Metro,"San Antonio, TX metro area",667,159.45,215,116.5,4.98,2.19,1.56,0.62
2026-09-03,Monthly,2023-04-01,2023-04-30,Metro,"San Diego, CA metro area",213,0.61,133,73.9,4.37,0.87,2.81,1.55
2026-09-03,Monthly,2023-04-01,2023-04-30,Metro,"San Francisco, CA metro area",232,19.31,135,57.91,8.78,2.62,5.23,2.51
2026-09-03,Monthly,2023-04-01,2023-04-30,Metro,"San Jose, CA metro area",96,-11.13,80,57.99,4.44,0.69,3.69,1.9
2026-09-03,Monthly,2023-04-01,2023-04-30,Metro,"Seattle, WA metro area",389,28,232,200.1,5.97,2.26,3.69,2.68
2026-09-03,Monthly,2023-04-01,2023-04-30,Metro,"St. Louis, MO metro area",408,37.57,141,21.73,5.64,2.24,1.9,0.47
2026-09-03,Monthly,2023-04-01,2023-04-30,Metro,"Tampa, FL metro area",694,153.41,340,139.22,4.27,1.94,2.04,0.9
2026-09-03,Monthly,2023-04-01,2023-04-30,Metro,"Virginia Beach, VA metro area",196,-5.37,84,35.88,3.26,0.32,1.42,0.59
2026-09-03,Monthly,2023-04-01,2023-04-30,Metro,"Warren, MI metro area",334,3.05,160,29.4,4.36,0.63,2.17,0.68
2026-09-03,Monthly,2023-04-01,2023-04-30,Metro,"Washington, DC metro area",642,-7.93,329,22.74,4.81,0.5,2.47,0.81
2026-09-03,Monthly,2023-04-01,2023-04-30,Metro,"West Palm Beach, FL metro area",623,64.19,292,58.59,5.08,0.99,2.33,0.37
2026-09-03,Monthly,2023-03-01,2023-03-31,Metro,"Anaheim, CA metro area",253,36.72,120,65.49,4.69,1.62,2.16,0.99
2026-09-03,Monthly,2023-03-01,2023-03-31,Metro,"Atlanta, GA metro area",3517,77.59,480,54.2,10.93,3.66,1.5,0.35
2026-09-03,Monthly,2023-03-01,2023-03-31,Metro,"Austin, TX metro area",715,213.44,291,210.7,5.51,2.61,2.18,0.99
2026-09-03,Monthly,2023-03-01,2023-03-31,Metro,"Baltimore, MD metro area",433,10.48,180,0.19,5.36,1.08,2.16,0.3
2026-09-03,Monthly,2023-03-01,2023-03-31,Metro,"Boston, MA metro area",532,-1.24,266,21.41,6.05,0.68,3.1,0.84
2026-09-03,Monthly,2023-03-01,2023-03-31,Metro,"Charlotte, NC metro area",434,60.65,149,108.05,3.12,0.81,1.38,0.52
2026-09-03,Monthly,2023-03-01,2023-03-31,Metro,"Chicago, IL metro area",1917,24.44,833,27.8,7.13,2.48,3.1,1.14
2026-09-03,Monthly,2023-03-01,2023-03-31,Metro,"Cincinnati, OH metro area",205,-7.87,82,4.13,4.03,1.1,1.61,0.6
2026-09-03,Monthly,2023-03-01,2023-03-31,Metro,"Cleveland, OH metro area",296,2.91,126,5.17,4.7,0.36,2,0.24
2026-09-03,Monthly,2023-03-01,2023-03-31,Metro,"Columbus, OH metro area",169,10.94,82,26.55,2.61,0.41,1.25,0.31
2026-09-03,Monthly,2023-03-01,2023-03-31,Metro,"Dallas, TX metro area",1037,98.77,488,178.14,5.56,1.47,2.65,1.23
2026-09-03,Monthly,2023-03-01,2023-03-31,Metro,"Denver, CO metro area",453,110.07,268,227.66,4.49,2,2.65,1.7
2026-09-03,Monthly,2023-03-01,2023-03-31,Metro,"Detroit, MI metro area",680,59.54,348,189.09,10.64,3.46,5.27,3.3
2026-09-03,Monthly,2023-03-01,2023-03-31,Metro,"Fort Lauderdale, FL metro area",747,35,242,-3.91,5.59,0.95,1.8,-0.29
2026-09-03,Monthly,2023-03-01,2023-03-31,Metro,"Fort Worth, TX metro area",557,204.27,237,226.35,5.76,2.8,2.49,1.29
2026-09-03,Monthly,2023-03-01,2023-03-31,Metro,"Houston, TX metro area",1749,46.48,600,33.19,5.57,1.08,1.93,0.11
2026-09-03,Monthly,2023-03-01,2023-03-31,Metro,"Indianapolis, IN metro area",550,126.21,110,31.62,7.9,3.81,1.61,0.17
2026-09-03,Monthly,2023-03-01,2023-03-31,Metro,"Jacksonville, FL metro area",501,112.06,198,200.9,4.78,1.95,1.96,1.05
2026-09-03,Monthly,2023-03-01,2023-03-31,Metro,"Kansas City, MO metro area",293,27.59,90,29.25,3.7,0.77,1.19,0.28
2026-09-03,Monthly,2023-03-01,2023-03-31,Metro,"Las Vegas, NV metro area",750,137.1,312,76.45,6.8,3.52,2.85,0.94
2026-09-03,Monthly,2023-03-01,2023-03-31,Metro,"Los Angeles, CA metro area",1023,34.04,431,34.02,6.2,2.04,2.63,0.86
2026-09-03,Monthly,2023-03-01,2023-03-31,Metro,"Miami, FL metro area",1027,8.59,374,-26.5,7.13,0.8,2.66,-1.06
2026-09-03,Monthly,2023-03-01,2023-03-31,Metro,"Milwaukee, WI metro area",105,-40.44,44,-15.14,1.84,-0.63,1.09,0.11
2026-09-03,Monthly,2023-03-01,2023-03-31,Metro,"Minneapolis, MN metro area",398,22.31,204,15.01,3.71,1.02,1.87,0.39
2026-09-03,Monthly,2023-03-01,2023-03-31,Metro,"Montgomery County, PA metro area",187,17.43,58,-16.8,4.31,1.02,1.38,-0.04
2026-09-03,Monthly,2023-03-01,2023-03-31,Metro,"Nashville, TN metro area",618,110.28,204,-9968.3,5.34,2.07,1.93,1.24
2026-09-03,Monthly,2023-03-01,2023-03-31,Metro,"Nassau County, NY metro area",438,-12.18,217,11.32,5.75,-0.05,2.78,0.56
2026-09-03,Monthly,2023-03-01,2023-03-31,Metro,"New Brunswick, NJ metro area",480,-4.67,157,-4.93,5.48,0.69,1.8,0.22
2026-09-03,Monthly,2023-03-01,2023-03-31,Metro,"New York, NY metro area",2025,-9.46,789,-7.7,6.89,-0.24,2.7,0.06
2026-09-03,Monthly,2023-03-01,2023-03-31,Metro,"Newark, NJ metro area",292,-38.09,120,-40.59,4.98,0,2.13,0.3
2026-09-03,Monthly,2023-03-01,2023-03-31,Metro,"Oakland, CA metro area",275,22.1,161,90.3,6.95,2.57,4.15,2.47
2026-09-03,Monthly,2023-03-01,2023-03-31,Metro,"Orlando, FL metro area",532,106.46,224,89.92,4.38,1.61,1.92,0.5
2026-09-03,Monthly,2023-03-01,2023-03-31,Metro,"Philadelphia, PA metro area",646,21.22,252,20.95,7.98,1.43,3.13,0.56
2026-09-03,Monthly,2023-03-01,2023-03-31,Metro,"Phoenix, AZ metro area",1511,139.24,629,112.75,6.41,3.09,2.65,1.14
2026-09-03,Monthly,2023-03-01,2023-03-31,Metro,"Pittsburgh, PA metro area",327,-8.33,89,1.36,3.87,-0.38,1.08,0.05
2026-09-03,Monthly,2023-03-01,2023-03-31,Metro,"Portland, OR metro area",352,71.2,166,88.69,4.9,2.13,2.32,1.13
2026-09-03,Monthly,2023-03-01,2023-03-31,Metro,"Providence, RI metro area",150,-19.57,78,36.93,4.18,-0.16,2.2,0.87
2026-09-03,Monthly,2023-03-01,2023-03-31,Metro,"Riverside, CA metro area",885,85.8,356,57.24,5.99,2.68,2.44,1.02
2026-09-03,Monthly,2023-03-01,2023-03-31,Metro,"Sacramento, CA metro area",287,23.22,142,45.84,5.92,1.87,2.98,1.26
2026-09-03,Monthly,2023-03-01,2023-03-31,Metro,"San Antonio, TX metro area",746,183.84,215,94.46,5.33,2.39,1.44,0.46
2026-09-03,Monthly,2023-03-01,2023-03-31,Metro,"San Diego, CA metro area",263,57.63,130,108.04,5.15,2.61,2.49,1.5
2026-09-03,Monthly,2023-03-01,2023-03-31,Metro,"San Francisco, CA metro area",205,-11.26,124,24.54,8.04,0.86,4.87,1.73
2026-09-03,Monthly,2023-03-01,2023-03-31,Metro,"San Jose, CA metro area",106,24.89,81,91.13,4.83,1.82,3.64,2.14
2026-09-03,Monthly,2023-03-01,2023-03-31,Metro,"Seattle, WA metro area",521,116.71,226,215.18,7.65,4.57,3.44,2.5
2026-09-03,Monthly,2023-03-01,2023-03-31,Metro,"St. Louis, MO metro area",438,52.1,133,34.86,5.95,2.63,1.71,0.44
2026-09-03,Monthly,2023-03-01,2023-03-31,Metro,"Tampa, FL metro area",738,119.69,315,151.72,4.22,1.4,1.83,0.76
2026-09-03,Monthly,2023-03-01,2023-03-31,Metro,"Virginia Beach, VA metro area",182,8.64,80,9.92,2.92,0.47,1.3,0.21
2026-09-03,Monthly,2023-03-01,2023-03-31,Metro,"Warren, MI metro area",553,58.23,205,61.79,6.97,2.84,2.64,1.11
2026-09-03,Monthly,2023-03-01,2023-03-31,Metro,"Washington, DC metro area",727,6.28,320,19.49,5.13,0.92,2.29,0.59
2026-09-03,Monthly,2023-03-01,2023-03-31,Metro,"West Palm Beach, FL metro area",652,68.03,269,41.11,5.18,0.97,2.14,0.01
2026-09-03,Monthly,2023-02-01,2023-02-28,Metro,"Anaheim, CA metro area",289,58.71,103,30.11,5.04,1.85,1.78,0.41
2026-09-03,Monthly,2023-02-01,2023-02-28,Metro,"Atlanta, GA metro area",3653,81,488,64.85,10.92,3.4,1.45,0.34
2026-09-03,Monthly,2023-02-01,2023-02-28,Metro,"Austin, TX metro area",804,353.32,260,188.83,5.91,3.55,1.93,0.72
2026-09-03,Monthly,2023-02-01,2023-02-28,Metro,"Baltimore, MD metro area",424,16.98,185,1.55,5.02,1.08,2.18,0.25
2026-09-03,Monthly,2023-02-01,2023-02-28,Metro,"Boston, MA metro area",598,11.75,277,24.2,6.6,0.82,3.05,0.67
2026-09-03,Monthly,2023-02-01,2023-02-28,Metro,"Charlotte, NC metro area",441,71.47,148,65.16,3.07,1.4,1.32,0.46
2026-09-03,Monthly,2023-02-01,2023-02-28,Metro,"Chicago, IL metro area",1414,-1.68,676,-8.9,5.05,0.39,2.42,0.07
2026-09-03,Monthly,2023-02-01,2023-02-28,Metro,"Cincinnati, OH metro area",233,26.73,94,48.5,4.5,2.01,1.79,0.94
2026-09-03,Monthly,2023-02-01,2023-02-28,Metro,"Cleveland, OH metro area",328,44.42,140,41.3,4.9,1.33,2.07,0.53
2026-09-03,Monthly,2023-02-01,2023-02-28,Metro,"Columbus, OH metro area",199,39.56,80,13.76,2.94,0.81,1.17,0.14
2026-09-03,Monthly,2023-02-01,2023-02-28,Metro,"Dallas, TX metro area",1223,177.79,422,153.81,6.29,2.57,2.28,0.8
2026-09-03,Monthly,2023-02-01,2023-02-28,Metro,"Denver, CO metro area",515,178.5,237,182.88,4.97,2.63,2.34,1.26
2026-09-03,Monthly,2023-02-01,2023-02-28,Metro,"Detroit, MI metro area",353,0.38,146,10.16,5.46,-0.72,2.21,-0.06
2026-09-03,Monthly,2023-02-01,2023-02-28,Metro,"Fort Lauderdale, FL metro area",746,36.22,263,13.67,5.48,0.83,1.87,-0.02
2026-09-03,Monthly,2023-02-01,2023-02-28,Metro,"Fort Worth, TX metro area",555,221.31,226,237.45,5.49,2.55,2.3,1.11
2026-09-03,Monthly,2023-02-01,2023-02-28,Metro,"Houston, TX metro area",1766,40.42,590,25.6,5.48,0.97,1.88,-0.01
2026-09-03,Monthly,2023-02-01,2023-02-28,Metro,"Indianapolis, IN metro area",657,94.79,141,75.78,9.16,3.04,1.97,0.5
2026-09-03,Monthly,2023-02-01,2023-02-28,Metro,"Jacksonville, FL metro area",484,82.23,212,349.63,4.53,1.61,2.1,1.46
2026-09-03,Monthly,2023-02-01,2023-02-28,Metro,"Kansas City, MO metro area",304,39.31,103,11.01,3.68,0.73,1.29,0.07
2026-09-03,Monthly,2023-02-01,2023-02-28,Metro,"Las Vegas, NV metro area",820,125.96,321,76.26,7.01,3.1,2.72,0.71
2026-09-03,Monthly,2023-02-01,2023-02-28,Metro,"Los Angeles, CA metro area",1120,46.11,430,29.27,6.46,2.22,2.52,0.64
2026-09-03,Monthly,2023-02-01,2023-02-28,Metro,"Miami, FL metro area",1004,-0.67,379,-23.94,6.96,-0.23,2.55,-0.94
2026-09-03,Monthly,2023-02-01,2023-02-28,Metro,"Milwaukee, WI metro area",144,9.7,56,26.94,2.83,0.92,1.32,0.51
2026-09-03,Monthly,2023-02-01,2023-02-28,Metro,"Minneapolis, MN metro area",450,48.01,207,24.55,4.08,1.4,1.88,0.46
2026-09-03,Monthly,2023-02-01,2023-02-28,Metro,"Montgomery County, PA metro area",181,8.12,77,-2.15,4.12,0.8,1.81,0.2
2026-09-03,Monthly,2023-02-01,2023-02-28,Metro,"Nashville, TN metro area",587,79.9,249,584.33,5,1.29,2.13,1.27
2026-09-03,Monthly,2023-02-01,2023-02-28,Metro,"Nassau County, NY metro area",532,17.6,229,2,6.59,1.18,2.84,0.16
2026-09-03,Monthly,2023-02-01,2023-02-28,Metro,"New Brunswick, NJ metro area",533,8.16,158,-8.54,5.77,0.91,1.71,0
2026-09-03,Monthly,2023-02-01,2023-02-28,Metro,"New York, NY metro area",2171,2.32,878,-5.23,7.29,0.36,2.91,-0.05
2026-09-03,Monthly,2023-02-01,2023-02-28,Metro,"Newark, NJ metro area",334,-26.3,111,-50.69,5.41,0.61,1.55,-0.79
2026-09-03,Monthly,2023-02-01,2023-02-28,Metro,"Oakland, CA metro area",344,80.14,159,77.85,8.12,4.27,3.8,1.96
2026-09-03,Monthly,2023-02-01,2023-02-28,Metro,"Orlando, FL metro area",588,95.06,217,83.57,4.92,1.41,1.81,0.34
2026-09-03,Monthly,2023-02-01,2023-02-28,Metro,"Philadelphia, PA metro area",702,23.06,246,4.17,8.46,1.5,2.97,0.09
2026-09-03,Monthly,2023-02-01,2023-02-28,Metro,"Phoenix, AZ metro area",1503,126.05,718,184.15,6.05,2.51,2.87,1.54
2026-09-03,Monthly,2023-02-01,2023-02-28,Metro,"Pittsburgh, PA metro area",320,29.58,123,22.62,3.72,0.99,1.34,0.23
2026-09-03,Monthly,2023-02-01,2023-02-28,Metro,"Portland, OR metro area",358,92.9,139,40.3,4.86,2.24,1.91,0.5
2026-09-03,Monthly,2023-02-01,2023-02-28,Metro,"Providence, RI metro area",210,44.96,70,1.59,5.51,1.93,1.87,0.14
2026-09-03,Monthly,2023-02-01,2023-02-28,Metro,"Riverside, CA metro area",930,30.17,367,55.12,5.92,0.89,2.38,0.77
2026-09-03,Monthly,2023-02-01,2023-02-28,Metro,"Sacramento, CA metro area",387,113.55,190,107.47,7.07,3.74,3.46,1.77
2026-09-03,Monthly,2023-02-01,2023-02-28,Metro,"San Antonio, TX metro area",806,181.28,171,56.8,5.62,2.5,1,-0.01
2026-09-03,Monthly,2023-02-01,2023-02-28,Metro,"San Diego, CA metro area",319,93.55,146,136.95,5.86,2.8,2.63,1.6
2026-09-03,Monthly,2023-02-01,2023-02-28,Metro,"San Francisco, CA metro area",273,50.14,120,11.91,9.98,4.03,4.29,0.86
2026-09-03,Monthly,2023-02-01,2023-02-28,Metro,"San Jose, CA metro area",143,82.92,94,138.53,5.46,2.82,3.84,2.43
2026-09-03,Monthly,2023-02-01,2023-02-28,Metro,"Seattle, WA metro area",452,67.8,224,153.63,6.28,2.49,3.15,1.9
2026-09-03,Monthly,2023-02-01,2023-02-28,Metro,"St. Louis, MO metro area",396,40.35,117,24.05,5.01,1.73,1.47,0.24
2026-09-03,Monthly,2023-02-01,2023-02-28,Metro,"Tampa, FL metro area",840,175.31,319,123.37,4.69,1.97,1.79,0.49
2026-09-03,Monthly,2023-02-01,2023-02-28,Metro,"Virginia Beach, VA metro area",239,56.41,79,9.99,3.88,1.53,1.28,0.17
2026-09-03,Monthly,2023-02-01,2023-02-28,Metro,"Warren, MI metro area",385,25.58,177,22.83,4.53,0.66,2.11,0.27
2026-09-03,Monthly,2023-02-01,2023-02-28,Metro,"Washington, DC metro area",779,7.98,326,-3.44,5.37,0.84,2.25,0.11
2026-09-03,Monthly,2023-02-01,2023-02-28,Metro,"West Palm Beach, FL metro area",650,69.58,253,39.37,5.24,1.01,2.03,-0.05
2026-09-03,Monthly,2023-01-01,2023-01-31,Metro,"Anaheim, CA metro area",314,86.48,120,69.79,5.11,1.95,1.92,0.62
2026-09-03,Monthly,2023-01-01,2023-01-31,Metro,"Atlanta, GA metro area",3605,104.86,511,38.04,10.45,4.01,1.43,0.1
2026-09-03,Monthly,2023-01-01,2023-01-31,Metro,"Austin, TX metro area",856,290.59,282,211.83,6.03,3.25,2.1,0.88
2026-09-03,Monthly,2023-01-01,2023-01-31,Metro,"Baltimore, MD metro area",469,26.51,202,7.3,5.44,1.4,2.32,0.32
2026-09-03,Monthly,2023-01-01,2023-01-31,Metro,"Boston, MA metro area",605,17.44,260,12.13,6.44,0.72,2.77,0.2
2026-09-03,Monthly,2023-01-01,2023-01-31,Metro,"Charlotte, NC metro area",456,102.82,149,84.72,4.21,1.82,1.34,0.51
2026-09-03,Monthly,2023-01-01,2023-01-31,Metro,"Chicago, IL metro area",1568,7.42,758,14.86,5.4,0.18,2.58,0.29
2026-09-03,Monthly,2023-01-01,2023-01-31,Metro,"Cincinnati, OH metro area",246,19.9,68,-26.05,3.82,1.13,0.96,-0.17
2026-09-03,Monthly,2023-01-01,2023-01-31,Metro,"Cleveland, OH metro area",326,19.21,121,-13.2,4.89,0.82,1.74,-0.2
2026-09-03,Monthly,2023-01-01,2023-01-31,Metro,"Columbus, OH metro area",202,35.92,91,27.22,2.95,0.81,1.37,0.32
2026-09-03,Monthly,2023-01-01,2023-01-31,Metro,"Dallas, TX metro area",1149,122.98,424,127.53,5.69,1.4,2.13,0.56
2026-09-03,Monthly,2023-01-01,2023-01-31,Metro,"Denver, CO metro area",537,194.22,225,171.93,4.89,2.47,2.18,1.09
2026-09-03,Monthly,2023-01-01,2023-01-31,Metro,"Detroit, MI metro area",466,34.2,141,33.29,7.27,1.03,2.16,0.3
2026-09-03,Monthly,2023-01-01,2023-01-31,Metro,"Fort Lauderdale, FL metro area",764,28.55,230,-6.99,5.58,0.61,1.76,-0.41
2026-09-03,Monthly,2023-01-01,2023-01-31,Metro,"Fort Worth, TX metro area",607,217.62,230,217.94,5.88,2.83,2.26,1.05
2026-09-03,Monthly,2023-01-01,2023-01-31,Metro,"Houston, TX metro area",1970,59.54,598,20.45,6.06,1.6,1.86,-0.08
2026-09-03,Monthly,2023-01-01,2023-01-31,Metro,"Indianapolis, IN metro area",407,99.79,126,14.96,5.48,1.94,1.7,-0.19
2026-09-03,Monthly,2023-01-01,2023-01-31,Metro,"Jacksonville, FL metro area",521,136.47,176,170.29,4.87,2.44,1.65,0.83
2026-09-03,Monthly,2023-01-01,2023-01-31,Metro,"Kansas City, MO metro area",266,57.65,119,24.19,3.35,0.82,1.41,0.16
2026-09-03,Monthly,2023-01-01,2023-01-31,Metro,"Las Vegas, NV metro area",923,184.24,282,32.65,7.5,4.06,2.25,-0.07
2026-09-03,Monthly,2023-01-01,2023-01-31,Metro,"Los Angeles, CA metro area",1210,69.12,408,15.44,6.64,2.57,2.29,0.24
2026-09-03,Monthly,2023-01-01,2023-01-31,Metro,"Miami, FL metro area",1000,-5.94,358,-31.57,6.96,-0.55,2.49,-1.2
2026-09-03,Monthly,2023-01-01,2023-01-31,Metro,"Milwaukee, WI metro area",139,-7.55,52,-8.77,4.86,1.17,1.19,0.21
2026-09-03,Monthly,2023-01-01,2023-01-31,Metro,"Minneapolis, MN metro area",568,73.86,211,22.76,4.79,1.83,1.85,0.38
2026-09-03,Monthly,2023-01-01,2023-01-31,Metro,"Montgomery County, PA metro area",178,-6.47,81,17.67,3.89,0.22,1.83,0.43
2026-09-03,Monthly,2023-01-01,2023-01-31,Metro,"Nashville, TN metro area",649,154.7,230,260.41,5.57,2.49,1.95,0.94
2026-09-03,Monthly,2023-01-01,2023-01-31,Metro,"Nassau County, NY metro area",470,10.62,238,16.02,5.83,0.58,2.89,0.37
2026-09-03,Monthly,2023-01-01,2023-01-31,Metro,"New Brunswick, NJ metro area",551,22.56,169,-5.52,5.81,1.51,1.82,0.1
2026-09-03,Monthly,2023-01-01,2023-01-31,Metro,"New York, NY metro area",2251,0,815,-8.77,7.4,0.31,2.7,-0.13
2026-09-03,Monthly,2023-01-01,2023-01-31,Metro,"Newark, NJ metro area",343,-25.34,120,-50.13,5.57,1.15,1.94,-0.32
2026-09-03,Monthly,2023-01-01,2023-01-31,Metro,"Oakland, CA metro area",384,132.77,139,49.43,8.09,4.43,2.99,0.89
2026-09-03,Monthly,2023-01-01,2023-01-31,Metro,"Orlando, FL metro area",615,105.11,205,45.35,4.99,1.64,1.55,-0.14
2026-09-03,Monthly,2023-01-01,2023-01-31,Metro,"Philadelphia, PA metro area",710,49.02,226,-4.85,8.52,2.6,2.68,-0.24
2026-09-03,Monthly,2023-01-01,2023-01-31,Metro,"Phoenix, AZ metro area",1586,146.18,644,149.06,6.25,2.86,2.53,1.19
2026-09-03,Monthly,2023-01-01,2023-01-31,Metro,"Pittsburgh, PA metro area",330,34.28,88,4.25,3.83,1.18,0.94,-0.06
2026-09-03,Monthly,2023-01-01,2023-01-31,Metro,"Portland, OR metro area",374,107.71,139,46.8,4.73,2.03,1.77,0.33
2026-09-03,Monthly,2023-01-01,2023-01-31,Metro,"Providence, RI metro area",189,31.43,81,5.52,4.97,1.55,2.17,0.3
2026-09-03,Monthly,2023-01-01,2023-01-31,Metro,"Riverside, CA metro area",975,105.72,350,53.68,5.93,2.56,2.16,0.63
2026-09-03,Monthly,2023-01-01,2023-01-31,Metro,"Sacramento, CA metro area",378,131.69,147,26.5,6.45,3.26,2.51,0.22
2026-09-03,Monthly,2023-01-01,2023-01-31,Metro,"San Antonio, TX metro area",860,159.98,212,105.64,5.94,2.59,1.38,0.44
2026-09-03,Monthly,2023-01-01,2023-01-31,Metro,"San Diego, CA metro area",363,163.54,135,75.55,6.08,3.7,2.23,0.86
2026-09-03,Monthly,2023-01-01,2023-01-31,Metro,"San Francisco, CA metro area",302,37.01,128,55.46,10.71,2.98,4.39,1.63
2026-09-03,Monthly,2023-01-01,2023-01-31,Metro,"San Jose, CA metro area",174,99.92,68,27.93,6.39,3.11,2.67,0.57
2026-09-03,Monthly,2023-01-01,2023-01-31,Metro,"Seattle, WA metro area",623,177.8,211,141.68,7.81,4.06,2.6,1.16
2026-09-03,Monthly,2023-01-01,2023-01-31,Metro,"St. Louis, MO metro area",383,29.46,121,-5.61,4.52,1.09,1.54,-0.1
2026-09-03,Monthly,2023-01-01,2023-01-31,Metro,"Tampa, FL metro area",885,151.82,276,73.53,4.81,1.79,1.5,0.13
2026-09-03,Monthly,2023-01-01,2023-01-31,Metro,"Virginia Beach, VA metro area",246,56.52,83,21.33,3.77,1.4,1.31,0.3
2026-09-03,Monthly,2023-01-01,2023-01-31,Metro,"Warren, MI metro area",458,48.17,160,23.05,5.28,1.42,1.86,0.22
2026-09-03,Monthly,2023-01-01,2023-01-31,Metro,"Washington, DC metro area",837,21.6,355,14.87,5.46,1.04,2.35,0.35
2026-09-03,Monthly,2023-01-01,2023-01-31,Metro,"West Palm Beach, FL metro area",642,51.43,262,59.81,5.19,0.64,2.12,0.29
2026-09-03,Monthly,2022-12-01,2022-12-31,Metro,"Anaheim, CA metro area",377,186.45,123,28.62,5.71,3.31,1.89,0.17
2026-09-03,Monthly,2022-12-01,2022-12-31,Metro,"Atlanta, GA metro area",3545,143.46,493,6.3,10.13,4.65,1.37,-0.34
2026-09-03,Monthly,2022-12-01,2022-12-31,Metro,"Austin, TX metro area",876,322.47,252,54.51,6.05,3.74,1.68,0
2026-09-03,Monthly,2022-12-01,2022-12-31,Metro,"Baltimore, MD metro area",450,19.02,178,-20.4,5.21,1.23,2.08,-0.22
2026-09-03,Monthly,2022-12-01,2022-12-31,Metro,"Boston, MA metro area",551,40.15,266,-12.94,6,1.48,2.8,-0.49
2026-09-03,Monthly,2022-12-01,2022-12-31,Metro,"Charlotte, NC metro area",463,188.48,121,10.02,5.9,2.94,0.9,-0.07
2026-09-03,Monthly,2022-12-01,2022-12-31,Metro,"Chicago, IL metro area",1499,3.71,708,5.35,5.03,-0.38,2.35,-0.05
2026-09-03,Monthly,2022-12-01,2022-12-31,Metro,"Cincinnati, OH metro area",242,16.38,93,25.99,3.64,1.04,1.44,0.51
2026-09-03,Monthly,2022-12-01,2022-12-31,Metro,"Cleveland, OH metro area",364,41.09,124,4.06,5.38,1.68,1.88,0.15
2026-09-03,Monthly,2022-12-01,2022-12-31,Metro,"Columbus, OH metro area",219,102.18,79,-16.53,3.39,1.76,1.17,-0.17
2026-09-03,Monthly,2022-12-01,2022-12-31,Metro,"Dallas, TX metro area",1125,236.36,697,133.21,5.65,2.99,3.36,1.12
2026-09-03,Monthly,2022-12-01,2022-12-31,Metro,"Denver, CO metro area",577,254.71,205,103.72,5.17,3.02,1.97,0.67
2026-09-03,Monthly,2022-12-01,2022-12-31,Metro,"Detroit, MI metro area",584,48.95,148,80.38,8.9,2.2,2.45,0.89
2026-09-03,Monthly,2022-12-01,2022-12-31,Metro,"Fort Lauderdale, FL metro area",769,18.57,252,-16.69,5.67,0.54,1.77,-0.56
2026-09-03,Monthly,2022-12-01,2022-12-31,Metro,"Fort Worth, TX metro area",562,326.91,248,112.33,5.47,3.4,2.47,0.59
2026-09-03,Monthly,2022-12-01,2022-12-31,Metro,"Houston, TX metro area",1907,100.43,578,5.89,6.08,2.08,1.8,-0.36
2026-09-03,Monthly,2022-12-01,2022-12-31,Metro,"Indianapolis, IN metro area",343,65.92,146,-0.53,4.49,0.88,1.98,-0.66
2026-09-03,Monthly,2022-12-01,2022-12-31,Metro,"Jacksonville, FL metro area",496,198.88,220,72.05,4.63,2.73,1.99,0.69
2026-09-03,Monthly,2022-12-01,2022-12-31,Metro,"Kansas City, MO metro area",274,17.91,115,4.17,3.48,0.26,1.4,0
2026-09-03,Monthly,2022-12-01,2022-12-31,Metro,"Las Vegas, NV metro area",955,164.03,315,32.76,7.3,3.54,2.38,-0.15
2026-09-03,Monthly,2022-12-01,2022-12-31,Metro,"Los Angeles, CA metro area",1247,79.84,459,6.1,6.66,2.75,2.47,0.03
2026-09-03,Monthly,2022-12-01,2022-12-31,Metro,"Miami, FL metro area",1022,1.1,417,-21.93,7.16,0.45,2.72,-0.77
2026-09-03,Monthly,2022-12-01,2022-12-31,Metro,"Milwaukee, WI metro area",137,5.37,68,17.86,4.6,1.41,1.43,0.52
2026-09-03,Monthly,2022-12-01,2022-12-31,Metro,"Minneapolis, MN metro area",465,39.7,215,25.08,3.92,0.92,1.86,0.39
2026-09-03,Monthly,2022-12-01,2022-12-31,Metro,"Montgomery County, PA metro area",166,-12.76,69,-36.57,3.76,-0.06,1.58,-0.45
2026-09-03,Monthly,2022-12-01,2022-12-31,Metro,"Nashville, TN metro area",625,143.8,227,54.5,5.36,2.24,1.81,0.45
2026-09-03,Monthly,2022-12-01,2022-12-31,Metro,"Nassau County, NY metro area",526,12.53,205,-22.51,6.37,0.86,2.5,-0.66
2026-09-03,Monthly,2022-12-01,2022-12-31,Metro,"New Brunswick, NJ metro area",540,24.66,154,-38.43,5.74,1.74,1.65,-0.67
2026-09-03,Monthly,2022-12-01,2022-12-31,Metro,"New York, NY metro area",2254,1.12,767,-19.31,7.51,0.64,2.52,-0.45
2026-09-03,Monthly,2022-12-01,2022-12-31,Metro,"Newark, NJ metro area",327,-28.64,120,-56.92,5.06,1.02,2.07,-0.46
2026-09-03,Monthly,2022-12-01,2022-12-31,Metro,"Oakland, CA metro area",388,133.68,132,10.1,7.44,3.54,2.62,-0.28
2026-09-03,Monthly,2022-12-01,2022-12-31,Metro,"Orlando, FL metro area",708,133.2,234,16.23,5.61,2.28,1.79,-0.19
2026-09-03,Monthly,2022-12-01,2022-12-31,Metro,"Philadelphia, PA metro area",654,27.1,256,14.15,7.93,1.68,3.07,0.39
2026-09-03,Monthly,2022-12-01,2022-12-31,Metro,"Phoenix, AZ metro area",1944,232.44,596,47.06,7.42,4.41,2.18,0.27
2026-09-03,Monthly,2022-12-01,2022-12-31,Metro,"Pittsburgh, PA metro area",315,18.36,109,-11.28,3.58,0.76,1.25,-0.17
2026-09-03,Monthly,2022-12-01,2022-12-31,Metro,"Portland, OR metro area",379,109.66,117,-3.7,4.65,1.9,1.47,-0.41
2026-09-03,Monthly,2022-12-01,2022-12-31,Metro,"Providence, RI metro area",173,13.51,75,-25.93,4.48,1.05,1.98,-0.33
2026-09-03,Monthly,2022-12-01,2022-12-31,Metro,"Riverside, CA metro area",1097,138.58,298,20.23,6.48,3.23,1.89,0.07
2026-09-03,Monthly,2022-12-01,2022-12-31,Metro,"Sacramento, CA metro area",441,158.59,150,-0.7,7.03,3.6,2.38,-0.66
2026-09-03,Monthly,2022-12-01,2022-12-31,Metro,"San Antonio, TX metro area",819,224.14,194,36.57,5.82,3.05,1.45,-0.08
2026-09-03,Monthly,2022-12-01,2022-12-31,Metro,"San Diego, CA metro area",395,181.22,116,8.23,5.98,3.4,1.78,-0.21
2026-09-03,Monthly,2022-12-01,2022-12-31,Metro,"San Francisco, CA metro area",283,77.59,99,-13.75,9.05,3.22,2.99,-1.1
2026-09-03,Monthly,2022-12-01,2022-12-31,Metro,"San Jose, CA metro area",188,150.09,80,24.81,6.32,3.19,2.79,0.01
2026-09-03,Monthly,2022-12-01,2022-12-31,Metro,"Seattle, WA metro area",710,378.42,165,21.58,8.29,5.61,2.11,-0.59
2026-09-03,Monthly,2022-12-01,2022-12-31,Metro,"St. Louis, MO metro area",351,21.69,122,-3.58,3.98,0.71,1.52,-0.05
2026-09-03,Monthly,2022-12-01,2022-12-31,Metro,"Tampa, FL metro area",876,160.33,274,44.27,4.84,2.05,1.46,-0.12
2026-09-03,Monthly,2022-12-01,2022-12-31,Metro,"Virginia Beach, VA metro area",238,35.35,92,6.48,3.67,1.2,1.43,0.16
2026-09-03,Monthly,2022-12-01,2022-12-31,Metro,"Warren, MI metro area",544,-10.07,160,23.61,6.34,-0.7,1.9,0.36
2026-09-03,Monthly,2022-12-01,2022-12-31,Metro,"Washington, DC metro area",876,32.54,297,-8.96,5.78,1.79,1.96,-0.02
2026-09-03,Monthly,2022-12-01,2022-12-31,Metro,"West Palm Beach, FL metro area",671,72.9,234,8.81,5.64,1.48,1.95,-0.35
2026-09-03,Monthly,2022-11-01,2022-11-30,Metro,"Anaheim, CA metro area",352,155.85,110,-14.71,5.4,3.12,1.72,-0.43
2026-09-03,Monthly,2022-11-01,2022-11-30,Metro,"Atlanta, GA metro area",3674,140.4,434,-0.96,10.5,4.83,1.22,-0.37
2026-09-03,Monthly,2022-11-01,2022-11-30,Metro,"Austin, TX metro area",902,271.41,264,42.86,6.22,3.77,1.81,-0.02
2026-09-03,Monthly,2022-11-01,2022-11-30,Metro,"Baltimore, MD metro area",432,3.18,203,-10.55,5.08,0.95,2.41,0.15
2026-09-03,Monthly,2022-11-01,2022-11-30,Metro,"Boston, MA metro area",576,15.12,279,-14.35,6.12,1.17,2.97,-0.26
2026-09-03,Monthly,2022-11-01,2022-11-30,Metro,"Charlotte, NC metro area",493,188.38,133,33.08,5.51,2.79,1.22,0.28
2026-09-03,Monthly,2022-11-01,2022-11-30,Metro,"Chicago, IL metro area",1514,-3.35,719,1.41,5.05,-0.57,2.38,-0.11
2026-09-03,Monthly,2022-11-01,2022-11-30,Metro,"Cincinnati, OH metro area",222,-5.55,103,-2.38,3.27,0.48,1.54,0.27
2026-09-03,Monthly,2022-11-01,2022-11-30,Metro,"Cleveland, OH metro area",354,25.24,141,18.79,5.19,1.47,2.03,0.42
2026-09-03,Monthly,2022-11-01,2022-11-30,Metro,"Columbus, OH metro area",228,30.41,88,6.63,3.35,1.05,1.32,0.21
2026-09-03,Monthly,2022-11-01,2022-11-30,Metro,"Dallas, TX metro area",1155,166.36,449,49.17,5.65,2.62,2.2,0.05
2026-09-03,Monthly,2022-11-01,2022-11-30,Metro,"Denver, CO metro area",571,192.69,180,81.78,5.16,2.85,1.8,0.57
2026-09-03,Monthly,2022-11-01,2022-11-30,Metro,"Detroit, MI metro area",475,39.04,167,82.34,7.2,1.66,2.59,1.05
2026-09-03,Monthly,2022-11-01,2022-11-30,Metro,"Fort Lauderdale, FL metro area",714,7.56,239,-19.14,5.31,0.27,1.75,-0.5
2026-09-03,Monthly,2022-11-01,2022-11-30,Metro,"Fort Worth, TX metro area",532,172.97,220,125.16,5.45,2.62,2.19,0.82
2026-09-03,Monthly,2022-11-01,2022-11-30,Metro,"Houston, TX metro area",1853,69.58,536,4.59,5.84,1.7,1.7,-0.24
2026-09-03,Monthly,2022-11-01,2022-11-30,Metro,"Indianapolis, IN metro area",361,80.66,143,21.21,5.03,1.69,1.97,0.02
2026-09-03,Monthly,2022-11-01,2022-11-30,Metro,"Jacksonville, FL metro area",549,162.71,181,61.9,5.06,2.76,1.65,0.56
2026-09-03,Monthly,2022-11-01,2022-11-30,Metro,"Kansas City, MO metro area",273,28.5,123,23.24,3.46,0.68,1.49,0.27
2026-09-03,Monthly,2022-11-01,2022-11-30,Metro,"Las Vegas, NV metro area",1018,178.97,250,11.18,7.69,4.07,1.86,-0.37
2026-09-03,Monthly,2022-11-01,2022-11-30,Metro,"Los Angeles, CA metro area",1230,65.89,405,-2.83,6.56,2.62,2.18,-0.08
2026-09-03,Monthly,2022-11-01,2022-11-30,Metro,"Miami, FL metro area",998,-7.74,381,-34.09,7.32,-0.04,2.54,-1.12
2026-09-03,Monthly,2022-11-01,2022-11-30,Metro,"Milwaukee, WI metro area",168,14.42,54,-16.26,5.46,2.02,1.14,0.14
2026-09-03,Monthly,2022-11-01,2022-11-30,Metro,"Minneapolis, MN metro area",466,38.62,207,15.37,3.91,1.2,1.8,0.32
2026-09-03,Monthly,2022-11-01,2022-11-30,Metro,"Montgomery County, PA metro area",166,-34.99,61,-53.05,3.71,-0.4,1.32,-0.88
2026-09-03,Monthly,2022-11-01,2022-11-30,Metro,"Nashville, TN metro area",577,105.06,208,47.48,4.97,1.35,1.66,0.34
2026-09-03,Monthly,2022-11-01,2022-11-30,Metro,"Nassau County, NY metro area",530,7.43,221,-8.23,6.37,0.76,2.69,0
2026-09-03,Monthly,2022-11-01,2022-11-30,Metro,"New Brunswick, NJ metro area",496,-13.57,159,-32.13,5.12,0.2,1.66,-0.4
2026-09-03,Monthly,2022-11-01,2022-11-30,Metro,"New York, NY metro area",2647,11.58,792,-22.21,8.57,1.45,2.57,-0.45
2026-09-03,Monthly,2022-11-01,2022-11-30,Metro,"Newark, NJ metro area",429,-3.1,125,-56.3,7.03,2.87,1.87,-0.88
2026-09-03,Monthly,2022-11-01,2022-11-30,Metro,"Oakland, CA metro area",388,94.22,155,70.91,7.43,3.25,3.06,1.11
2026-09-03,Monthly,2022-11-01,2022-11-30,Metro,"Orlando, FL metro area",671,104.9,211,12.5,5.41,1.93,1.69,-0.17
2026-09-03,Monthly,2022-11-01,2022-11-30,Metro,"Philadelphia, PA metro area",780,49.71,219,-1.17,9.51,3.42,2.65,0.1
2026-09-03,Monthly,2022-11-01,2022-11-30,Metro,"Phoenix, AZ metro area",1848,209.01,464,57.07,6.96,4,1.76,0.29
2026-09-03,Monthly,2022-11-01,2022-11-30,Metro,"Pittsburgh, PA metro area",363,47.58,117,9.51,4.06,1.43,1.31,0.25
2026-09-03,Monthly,2022-11-01,2022-11-30,Metro,"Portland, OR metro area",401,108.8,148,10.83,4.95,2.33,1.83,-0.03
2026-09-03,Monthly,2022-11-01,2022-11-30,Metro,"Providence, RI metro area",190,2.16,83,-22.07,4.75,0.98,2.1,-0.07
2026-09-03,Monthly,2022-11-01,2022-11-30,Metro,"Riverside, CA metro area",1095,117.95,306,36.02,6.46,3.15,1.9,0.33
2026-09-03,Monthly,2022-11-01,2022-11-30,Metro,"Sacramento, CA metro area",457,135.95,145,4.41,7.33,3.71,2.35,-0.26
2026-09-03,Monthly,2022-11-01,2022-11-30,Metro,"San Antonio, TX metro area",723,174.19,138,-18.16,5.22,2.6,1.14,-0.53
2026-09-03,Monthly,2022-11-01,2022-11-30,Metro,"San Diego, CA metro area",438,151.79,127,26.88,6.7,3.7,1.92,0.25
2026-09-03,Monthly,2022-11-01,2022-11-30,Metro,"San Francisco, CA metro area",293,63.24,121,-5.84,9.68,3.49,3.91,-0.22
2026-09-03,Monthly,2022-11-01,2022-11-30,Metro,"San Jose, CA metro area",172,81.26,61,-3.96,6.13,2.48,2.25,-0.2
2026-09-03,Monthly,2022-11-01,2022-11-30,Metro,"Seattle, WA metro area",689,349.95,179,1.16,8.29,5.78,2.28,-0.75
2026-09-03,Monthly,2022-11-01,2022-11-30,Metro,"St. Louis, MO metro area",352,11.73,173,46.63,4.47,0.93,2.16,0.8
2026-09-03,Monthly,2022-11-01,2022-11-30,Metro,"Tampa, FL metro area",815,125.76,268,59.43,4.53,1.61,1.46,0.14
2026-09-03,Monthly,2022-11-01,2022-11-30,Metro,"Virginia Beach, VA metro area",218,6.75,86,-3.24,3.27,0.63,1.22,0.15
2026-09-03,Monthly,2022-11-01,2022-11-30,Metro,"Warren, MI metro area",491,28.21,141,-4.98,5.78,1.46,1.67,0
2026-09-03,Monthly,2022-11-01,2022-11-30,Metro,"Washington, DC metro area",964,36.09,262,-35.33,6.3,2.26,1.71,-0.62
2026-09-03,Monthly,2022-11-01,2022-11-30,Metro,"West Palm Beach, FL metro area",676,51.91,195,3.36,5.8,1.29,1.66,-0.26
2026-09-03,Monthly,2022-10-01,2022-10-31,Metro,"Anaheim, CA metro area",376,142.73,120,-5.78,5.8,3.37,1.84,-0.18
2026-09-03,Monthly,2022-10-01,2022-10-31,Metro,"Atlanta, GA metro area",3689,169.54,383,-10.32,10.49,5.32,1.06,-0.5
2026-09-03,Monthly,2022-10-01,2022-10-31,Metro,"Austin, TX metro area",865,236.15,208,68.26,6.08,3.47,1.47,0.21
2026-09-03,Monthly,2022-10-01,2022-10-31,Metro,"Baltimore, MD metro area",531,9.55,187,-13.67,6.12,1.62,2.2,0.12
2026-09-03,Monthly,2022-10-01,2022-10-31,Metro,"Boston, MA metro area",648,17.55,265,-10.08,6.8,1.59,2.84,0.05
2026-09-03,Monthly,2022-10-01,2022-10-31,Metro,"Charlotte, NC metro area",432,122.03,110,-12.74,4.65,2.22,1.13,-0.27
2026-09-03,Monthly,2022-10-01,2022-10-31,Metro,"Chicago, IL metro area",1655,-2.27,800,25.93,5.43,-0.39,2.62,0.42
2026-09-03,Monthly,2022-10-01,2022-10-31,Metro,"Cincinnati, OH metro area",254,5.02,92,-14.93,3.56,0.8,1.33,0.06
2026-09-03,Monthly,2022-10-01,2022-10-31,Metro,"Cleveland, OH metro area",342,11.74,123,-4.75,5.02,1.1,1.85,0.2
2026-09-03,Monthly,2022-10-01,2022-10-31,Metro,"Columbus, OH metro area",276,53.83,81,3.73,3.86,1.54,1.14,0.13
2026-09-03,Monthly,2022-10-01,2022-10-31,Metro,"Dallas, TX metro area",1125,124.69,432,64.28,5.68,2.28,2.19,0.41
2026-09-03,Monthly,2022-10-01,2022-10-31,Metro,"Denver, CO metro area",559,190,181,63.63,5.24,3.13,1.87,0.56
2026-09-03,Monthly,2022-10-01,2022-10-31,Metro,"Detroit, MI metro area",542,56.94,145,47.13,8.03,2.32,2.17,0.54
2026-09-03,Monthly,2022-10-01,2022-10-31,Metro,"Fort Lauderdale, FL metro area",699,-6.11,243,-20.43,5.24,-0.15,1.82,-0.41
2026-09-03,Monthly,2022-10-01,2022-10-31,Metro,"Fort Worth, TX metro area",561,159.84,174,72.83,5.85,2.83,1.77,0.39
2026-09-03,Monthly,2022-10-01,2022-10-31,Metro,"Houston, TX metro area",1739,63.21,512,-1.46,5.51,1.43,1.66,-0.29
2026-09-03,Monthly,2022-10-01,2022-10-31,Metro,"Indianapolis, IN metro area",346,52.68,137,9.27,4.85,1.1,1.86,-0.16
2026-09-03,Monthly,2022-10-01,2022-10-31,Metro,"Jacksonville, FL metro area",506,132,180,54.2,4.7,2.39,1.66,0.45
2026-09-03,Monthly,2022-10-01,2022-10-31,Metro,"Kansas City, MO metro area",281,12.3,108,15.52,3.41,0.39,1.31,0.23
2026-09-03,Monthly,2022-10-01,2022-10-31,Metro,"Las Vegas, NV metro area",1032,178.75,222,-5.77,7.62,4.05,1.58,-0.65
2026-09-03,Monthly,2022-10-01,2022-10-31,Metro,"Los Angeles, CA metro area",1309,60.76,379,-11.51,6.95,2.76,2.03,-0.19
2026-09-03,Monthly,2022-10-01,2022-10-31,Metro,"Miami, FL metro area",986,-11.49,389,-31.68,6.92,-0.22,2.6,-0.86
2026-09-03,Monthly,2022-10-01,2022-10-31,Metro,"Milwaukee, WI metro area",159,-3.85,66,6.65,4.11,0.93,1.36,0.42
2026-09-03,Monthly,2022-10-01,2022-10-31,Metro,"Minneapolis, MN metro area",517,35.76,212,19.76,4.29,1.38,1.82,0.38
2026-09-03,Monthly,2022-10-01,2022-10-31,Metro,"Montgomery County, PA metro area",195,-16.39,71,-32.75,4.06,0.13,1.48,-0.23
2026-09-03,Monthly,2022-10-01,2022-10-31,Metro,"Nashville, TN metro area",565,79.12,194,37.06,4.74,0.79,1.58,0.15
2026-09-03,Monthly,2022-10-01,2022-10-31,Metro,"Nassau County, NY metro area",543,-0.42,214,-14.43,6.45,0.54,2.57,-0.14
2026-09-03,Monthly,2022-10-01,2022-10-31,Metro,"New Brunswick, NJ metro area",531,-8.15,153,-37.71,5.3,0.42,1.55,-0.56
2026-09-03,Monthly,2022-10-01,2022-10-31,Metro,"New York, NY metro area",2088,-16.53,820,-22,6.84,-0.4,2.7,-0.41
2026-09-03,Monthly,2022-10-01,2022-10-31,Metro,"Newark, NJ metro area",319,-44.41,139,-53.84,4.54,-0.62,1.91,-0.78
2026-09-03,Monthly,2022-10-01,2022-10-31,Metro,"Oakland, CA metro area",413,80.95,141,19.15,8.08,3.68,2.81,0.47
2026-09-03,Monthly,2022-10-01,2022-10-31,Metro,"Orlando, FL metro area",675,96.31,179,-10.81,5.27,1.9,1.44,-0.5
2026-09-03,Monthly,2022-10-01,2022-10-31,Metro,"Philadelphia, PA metro area",720,26.27,216,3.03,8.64,2.14,2.6,0.18
2026-09-03,Monthly,2022-10-01,2022-10-31,Metro,"Phoenix, AZ metro area",1982,214.07,463,73.09,7.31,4.26,1.73,0.4
2026-09-03,Monthly,2022-10-01,2022-10-31,Metro,"Pittsburgh, PA metro area",331,10.57,112,12.65,3.72,0.65,1.31,0.28
2026-09-03,Monthly,2022-10-01,2022-10-31,Metro,"Portland, OR metro area",408,81.17,130,-0.9,4.98,2.04,1.61,-0.1
2026-09-03,Monthly,2022-10-01,2022-10-31,Metro,"Providence, RI metro area",197,10.37,66,-42.14,4.95,1.45,1.63,-0.58
2026-09-03,Monthly,2022-10-01,2022-10-31,Metro,"Riverside, CA metro area",1103,109.07,301,53.39,6.43,3.02,1.78,0.47
2026-09-03,Monthly,2022-10-01,2022-10-31,Metro,"Sacramento, CA metro area",484,104.64,133,-4.23,7.67,3.51,2.13,-0.31
2026-09-03,Monthly,2022-10-01,2022-10-31,Metro,"San Antonio, TX metro area",585,142.35,166,54.26,4.32,1.78,1.32,0.15
2026-09-03,Monthly,2022-10-01,2022-10-31,Metro,"San Diego, CA metro area",450,125.2,132,38.53,6.77,3.66,2,0.46
2026-09-03,Monthly,2022-10-01,2022-10-31,Metro,"San Francisco, CA metro area",266,28.27,122,5.58,8.98,2.03,3.94,0.17
2026-09-03,Monthly,2022-10-01,2022-10-31,Metro,"San Jose, CA metro area",192,83.36,65,10.16,7.18,3.57,2.42,0.36
2026-09-03,Monthly,2022-10-01,2022-10-31,Metro,"Seattle, WA metro area",698,261.68,189,44.96,8.58,5.71,2.43,0.38
2026-09-03,Monthly,2022-10-01,2022-10-31,Metro,"St. Louis, MO metro area",387,29.03,144,8.49,5.14,1.71,1.71,0.29
2026-09-03,Monthly,2022-10-01,2022-10-31,Metro,"Tampa, FL metro area",887,146.56,242,22.94,5.1,2.42,1.36,-0.1
2026-09-03,Monthly,2022-10-01,2022-10-31,Metro,"Virginia Beach, VA metro area",230,7.35,87,-8.14,3.35,0.76,1.23,0.07
2026-09-03,Monthly,2022-10-01,2022-10-31,Metro,"Warren, MI metro area",507,36.67,160,30.65,5.82,1.74,1.85,0.5
2026-09-03,Monthly,2022-10-01,2022-10-31,Metro,"Washington, DC metro area",905,4.14,313,-23.43,5.91,1.11,2.02,-0.21
2026-09-03,Monthly,2022-10-01,2022-10-31,Metro,"West Palm Beach, FL metro area",657,47.44,194,4.87,5.71,1.32,1.64,-0.13
2026-09-03,Monthly,2022-09-01,2022-09-30,Metro,"Anaheim, CA metro area",367,96.91,111,-0.14,5.47,2.61,1.67,-0.05
2026-09-03,Monthly,2022-09-01,2022-09-30,Metro,"Atlanta, GA metro area",3198,115.33,384,-7.31,9.25,3.62,1.07,-0.47
2026-09-03,Monthly,2022-09-01,2022-09-30,Metro,"Austin, TX metro area",780,164.61,194,43.65,5.48,2.49,1.38,0.01
2026-09-03,Monthly,2022-09-01,2022-09-30,Metro,"Baltimore, MD metro area",463,-6.65,177,-16.5,5.13,0.58,2.01,0.02
2026-09-03,Monthly,2022-09-01,2022-09-30,Metro,"Boston, MA metro area",668,13.15,276,-6.61,6.91,1.54,2.96,0.17
2026-09-03,Monthly,2022-09-01,2022-09-30,Metro,"Charlotte, NC metro area",428,71.33,116,10.28,3.87,1.42,1.07,0.11
2026-09-03,Monthly,2022-09-01,2022-09-30,Metro,"Chicago, IL metro area",1542,-12.43,756,13.61,4.95,-1.01,2.43,0.11
2026-09-03,Monthly,2022-09-01,2022-09-30,Metro,"Cincinnati, OH metro area",241,-8.75,77,-7.22,3.3,0.33,1.09,0.13
2026-09-03,Monthly,2022-09-01,2022-09-30,Metro,"Cleveland, OH metro area",346,7.64,103,-13.69,5.03,0.92,1.55,-0.03
2026-09-03,Monthly,2022-09-01,2022-09-30,Metro,"Columbus, OH metro area",246,43.19,99,4.57,3.45,1.33,1.43,0.23
2026-09-03,Monthly,2022-09-01,2022-09-30,Metro,"Dallas, TX metro area",1063,101.29,412,47.23,5.4,1.9,2.1,0.25
2026-09-03,Monthly,2022-09-01,2022-09-30,Metro,"Denver, CO metro area",578,150.75,197,109.01,5.31,2.78,2.06,0.93
2026-09-03,Monthly,2022-09-01,2022-09-30,Metro,"Detroit, MI metro area",408,20.32,143,50.95,6.18,0.75,2.14,0.6
2026-09-03,Monthly,2022-09-01,2022-09-30,Metro,"Fort Lauderdale, FL metro area",730,0.37,199,-34.65,5.42,0.27,1.54,-0.65
2026-09-03,Monthly,2022-09-01,2022-09-30,Metro,"Fort Worth, TX metro area",488,116.66,153,35.75,5.27,2.13,1.57,0.05
2026-09-03,Monthly,2022-09-01,2022-09-30,Metro,"Houston, TX metro area",1477,28.39,542,1.15,5,0.45,1.76,-0.25
2026-09-03,Monthly,2022-09-01,2022-09-30,Metro,"Indianapolis, IN metro area",342,2.85,108,-22.63,4.76,-0.87,1.48,-0.79
2026-09-03,Monthly,2022-09-01,2022-09-30,Metro,"Jacksonville, FL metro area",432,101.89,165,25.68,4.09,1.79,1.57,0.2
2026-09-03,Monthly,2022-09-01,2022-09-30,Metro,"Kansas City, MO metro area",283,15.82,117,25.49,3.4,0.53,1.4,0.36
2026-09-03,Monthly,2022-09-01,2022-09-30,Metro,"Las Vegas, NV metro area",937,139.67,206,-3.51,6.76,2.95,1.43,-0.59
2026-09-03,Monthly,2022-09-01,2022-09-30,Metro,"Los Angeles, CA metro area",1275,37.29,353,-8.27,6.69,1.94,1.87,-0.1
2026-09-03,Monthly,2022-09-01,2022-09-30,Metro,"Miami, FL metro area",946,-19.84,374,-30.77,6.4,-1.15,2.51,-0.72
2026-09-03,Monthly,2022-09-01,2022-09-30,Metro,"Milwaukee, WI metro area",176,2.5,54,-4.02,3.91,1.27,1.1,0.24
2026-09-03,Monthly,2022-09-01,2022-09-30,Metro,"Minneapolis, MN metro area",476,28.3,195,2.11,3.92,1.04,1.67,0.11
2026-09-03,Monthly,2022-09-01,2022-09-30,Metro,"Montgomery County, PA metro area",189,-24.34,80,-18.6,4.05,0.07,1.61,0.13
2026-09-03,Monthly,2022-09-01,2022-09-30,Metro,"Nashville, TN metro area",539,75.98,194,47.77,4.78,1.12,1.59,0.2
2026-09-03,Monthly,2022-09-01,2022-09-30,Metro,"Nassau County, NY metro area",521,-1.73,192,-17.47,6.14,0.46,2.23,-0.29
2026-09-03,Monthly,2022-09-01,2022-09-30,Metro,"New Brunswick, NJ metro area",527,-7.45,165,-27.11,5.03,0.05,1.56,-0.38
2026-09-03,Monthly,2022-09-01,2022-09-30,Metro,"New York, NY metro area",2283,-14.55,801,-15.53,7.26,-0.56,2.54,-0.19
2026-09-03,Monthly,2022-09-01,2022-09-30,Metro,"Newark, NJ metro area",371,-40.53,168,-41.45,4.38,-1.17,2.13,-0.42
2026-09-03,Monthly,2022-09-01,2022-09-30,Metro,"Oakland, CA metro area",468,110.51,140,61.27,8.77,4.38,2.67,0.94
2026-09-03,Monthly,2022-09-01,2022-09-30,Metro,"Orlando, FL metro area",657,105.65,157,-18.2,5.12,2.1,1.32,-0.56
2026-09-03,Monthly,2022-09-01,2022-09-30,Metro,"Philadelphia, PA metro area",635,15.61,227,-0.34,7.46,1.04,2.62,-0.01
2026-09-03,Monthly,2022-09-01,2022-09-30,Metro,"Phoenix, AZ metro area",1827,163.91,422,61.52,6.51,3.19,1.53,0.26
2026-09-03,Monthly,2022-09-01,2022-09-30,Metro,"Pittsburgh, PA metro area",342,14.93,92,-7.06,3.72,0.66,1.02,-0.1
2026-09-03,Monthly,2022-09-01,2022-09-30,Metro,"Portland, OR metro area",408,95.29,103,-26.79,5.01,2.36,1.29,-0.54
2026-09-03,Monthly,2022-09-01,2022-09-30,Metro,"Providence, RI metro area",201,5.48,87,13.83,5.08,1.22,2.13,0.62
2026-09-03,Monthly,2022-09-01,2022-09-30,Metro,"Riverside, CA metro area",1106,117.53,279,22.71,6.31,3.02,1.64,0.12
2026-09-03,Monthly,2022-09-01,2022-09-30,Metro,"Sacramento, CA metro area",447,80.5,153,38.35,6.94,2.56,2.37,0.4
2026-09-03,Monthly,2022-09-01,2022-09-30,Metro,"San Antonio, TX metro area",492,60.02,139,4.42,3.74,0.81,1.15,-0.26
2026-09-03,Monthly,2022-09-01,2022-09-30,Metro,"San Diego, CA metro area",440,88.47,122,9.76,6.47,2.87,1.81,0.1
2026-09-03,Monthly,2022-09-01,2022-09-30,Metro,"San Francisco, CA metro area",293,62.54,130,28.03,9.92,3.97,4.24,1.03
2026-09-03,Monthly,2022-09-01,2022-09-30,Metro,"San Jose, CA metro area",223,121.33,70,17.75,7.92,4.53,2.49,0.48
2026-09-03,Monthly,2022-09-01,2022-09-30,Metro,"Seattle, WA metro area",655,174.29,156,10.52,8.12,4.74,2.01,-0.08
2026-09-03,Monthly,2022-09-01,2022-09-30,Metro,"St. Louis, MO metro area",332,6.31,140,13.34,4.27,0.56,1.7,0.38
2026-09-03,Monthly,2022-09-01,2022-09-30,Metro,"Tampa, FL metro area",759,83.73,189,-18.97,4.25,1.31,1.09,-0.61
2026-09-03,Monthly,2022-09-01,2022-09-30,Metro,"Virginia Beach, VA metro area",282,47.42,86,7.54,3.97,1.67,1.17,0.28
2026-09-03,Monthly,2022-09-01,2022-09-30,Metro,"Warren, MI metro area",433,6.5,152,11.7,4.91,0.57,1.74,0.26
2026-09-03,Monthly,2022-09-01,2022-09-30,Metro,"Washington, DC metro area",960,8.46,316,-24.59,6.1,1.3,1.99,-0.23
2026-09-03,Monthly,2022-09-01,2022-09-30,Metro,"West Palm Beach, FL metro area",647,43.13,181,-10.89,5.7,1.34,1.53,-0.37
2026-09-03,Monthly,2022-08-01,2022-08-31,Metro,"Anaheim, CA metro area",399,115.88,103,-7.04,5.8,3.11,1.53,-0.13
2026-09-03,Monthly,2022-08-01,2022-08-31,Metro,"Atlanta, GA metro area",2763,81.56,367,-16.74,8.21,2.46,1.08,-0.56
2026-09-03,Monthly,2022-08-01,2022-08-31,Metro,"Austin, TX metro area",694,167.44,188,60.3,5.14,2.4,1.39,0.15
2026-09-03,Monthly,2022-08-01,2022-08-31,Metro,"Baltimore, MD metro area",479,-11.62,214,0.79,5.1,0.34,2.34,0.39
2026-09-03,Monthly,2022-08-01,2022-08-31,Metro,"Boston, MA metro area",721,24.2,274,-7.72,7.07,1.73,2.82,-0.03
2026-09-03,Monthly,2022-08-01,2022-08-31,Metro,"Charlotte, NC metro area",432,98.11,107,-3.76,3.77,1.84,1,0.01
2026-09-03,Monthly,2022-08-01,2022-08-31,Metro,"Chicago, IL metro area",1700,3.41,678,-0.63,5.29,-0.27,2.14,-0.25
2026-09-03,Monthly,2022-08-01,2022-08-31,Metro,"Cincinnati, OH metro area",247,-14.3,68,-30.39,3.3,0.01,0.92,-0.18
2026-09-03,Monthly,2022-08-01,2022-08-31,Metro,"Cleveland, OH metro area",324,8.56,115,15.65,4.49,0.7,1.68,0.35
2026-09-03,Monthly,2022-08-01,2022-08-31,Metro,"Columbus, OH metro area",249,34.3,83,15.05,3.37,1.13,1.15,0.25
2026-09-03,Monthly,2022-08-01,2022-08-31,Metro,"Dallas, TX metro area",1150,122.89,341,-0.51,5.98,2.61,1.77,-0.48
2026-09-03,Monthly,2022-08-01,2022-08-31,Metro,"Denver, CO metro area",594,145.69,141,24.15,5.47,2.91,1.24,-0.01
2026-09-03,Monthly,2022-08-01,2022-08-31,Metro,"Detroit, MI metro area",420,43.87,116,8.4,6.27,1.41,1.78,-0.01
2026-09-03,Monthly,2022-08-01,2022-08-31,Metro,"Fort Lauderdale, FL metro area",685,-7.21,213,-37.54,5.08,-0.04,1.63,-0.74
2026-09-03,Monthly,2022-08-01,2022-08-31,Metro,"Fort Worth, TX metro area",527,137.49,124,0.02,5.73,2.6,1.31,-0.36
2026-09-03,Monthly,2022-08-01,2022-08-31,Metro,"Houston, TX metro area",1578,41.65,489,-11.27,5.45,1,1.63,-0.41
2026-09-03,Monthly,2022-08-01,2022-08-31,Metro,"Indianapolis, IN metro area",358,16.71,101,-21.71,4.91,0.04,1.37,-0.66
2026-09-03,Monthly,2022-08-01,2022-08-31,Metro,"Jacksonville, FL metro area",391,66.74,174,52.05,3.68,1.08,1.64,0.43
2026-09-03,Monthly,2022-08-01,2022-08-31,Metro,"Kansas City, MO metro area",327,17.37,106,17.76,3.63,0.56,1.26,0.26
2026-09-03,Monthly,2022-08-01,2022-08-31,Metro,"Las Vegas, NV metro area",845,90.96,176,-23,6.07,1.73,1.22,-0.92
2026-09-03,Monthly,2022-08-01,2022-08-31,Metro,"Los Angeles, CA metro area",1222,30.34,358,-20.18,6.3,1.59,1.84,-0.4
2026-09-03,Monthly,2022-08-01,2022-08-31,Metro,"Miami, FL metro area",1014,-12.75,388,-34.33,6.71,-0.1,2.54,-0.91
2026-09-03,Monthly,2022-08-01,2022-08-31,Metro,"Milwaukee, WI metro area",156,-14.06,55,7.86,2.92,0.16,1.11,0.33
2026-09-03,Monthly,2022-08-01,2022-08-31,Metro,"Minneapolis, MN metro area",454,1.49,190,-3.37,3.68,0.3,1.61,0.01
2026-09-03,Monthly,2022-08-01,2022-08-31,Metro,"Montgomery County, PA metro area",191,-29.02,70,-42.84,3.87,-0.27,1.33,-0.45
2026-09-03,Monthly,2022-08-01,2022-08-31,Metro,"Nashville, TN metro area",518,77.85,165,23.08,4.64,1.07,1.41,0
2026-09-03,Monthly,2022-08-01,2022-08-31,Metro,"Nassau County, NY metro area",556,-3.66,213,-19.31,6.33,0.3,2.47,-0.28
2026-09-03,Monthly,2022-08-01,2022-08-31,Metro,"New Brunswick, NJ metro area",546,-11.34,179,-26.46,5.06,-0.14,1.64,-0.42
2026-09-03,Monthly,2022-08-01,2022-08-31,Metro,"New York, NY metro area",2443,-4.67,866,-18.56,7.49,0.44,2.68,-0.23
2026-09-03,Monthly,2022-08-01,2022-08-31,Metro,"Newark, NJ metro area",413,-28.24,211,-26.93,4.4,-0.65,2.39,-0.24
2026-09-03,Monthly,2022-08-01,2022-08-31,Metro,"Oakland, CA metro area",466,101.5,141,66.62,8.12,3.7,2.5,0.85
2026-09-03,Monthly,2022-08-01,2022-08-31,Metro,"Orlando, FL metro area",564,62.53,159,-22.55,4.26,0.88,1.31,-0.66
2026-09-03,Monthly,2022-08-01,2022-08-31,Metro,"Philadelphia, PA metro area",701,29.24,222,-5.77,8.19,1.93,2.57,-0.11
2026-09-03,Monthly,2022-08-01,2022-08-31,Metro,"Phoenix, AZ metro area",1734,148.61,400,42.47,6.15,2.89,1.43,0.08
2026-09-03,Monthly,2022-08-01,2022-08-31,Metro,"Pittsburgh, PA metro area",327,13.72,106,-3.98,3.46,0.51,1.12,0.19
2026-09-03,Monthly,2022-08-01,2022-08-31,Metro,"Portland, OR metro area",372,79.24,102,-32.21,4.48,1.81,1.27,-0.71
2026-09-03,Monthly,2022-08-01,2022-08-31,Metro,"Providence, RI metro area",223,-1.38,73,-21.72,5.08,0.71,1.68,-0.11
2026-09-03,Monthly,2022-08-01,2022-08-31,Metro,"Riverside, CA metro area",1038,93.32,243,5.56,5.89,2.43,1.51,-0.06
2026-09-03,Monthly,2022-08-01,2022-08-31,Metro,"Sacramento, CA metro area",475,94.87,126,27.85,7.04,2.66,1.94,0.13
2026-09-03,Monthly,2022-08-01,2022-08-31,Metro,"San Antonio, TX metro area",423,42.69,139,-24.8,3.31,0.39,1.21,-0.61
2026-09-03,Monthly,2022-08-01,2022-08-31,Metro,"San Diego, CA metro area",448,79.45,104,2.15,6.51,2.8,1.5,0.01
2026-09-03,Monthly,2022-08-01,2022-08-31,Metro,"San Francisco, CA metro area",306,59.4,121,4.05,9.76,3.41,3.6,0.02
2026-09-03,Monthly,2022-08-01,2022-08-31,Metro,"San Jose, CA metro area",191,46.46,65,-9.06,6.41,1.93,2.14,-0.25
2026-09-03,Monthly,2022-08-01,2022-08-31,Metro,"Seattle, WA metro area",671,165.97,150,-10.79,7.86,4.36,1.81,-0.55
2026-09-03,Monthly,2022-08-01,2022-08-31,Metro,"St. Louis, MO metro area",337,-3.91,128,-9.8,4.46,0.13,1.51,0.01
2026-09-03,Monthly,2022-08-01,2022-08-31,Metro,"Tampa, FL metro area",784,76.84,176,-28.21,4.31,1.17,0.97,-0.79
2026-09-03,Monthly,2022-08-01,2022-08-31,Metro,"Virginia Beach, VA metro area",224,15.03,73,-10.88,3.11,0.85,0.97,0.02
2026-09-03,Monthly,2022-08-01,2022-08-31,Metro,"Warren, MI metro area",453,9.65,142,8.29,4.97,0.52,1.58,0.16
2026-09-03,Monthly,2022-08-01,2022-08-31,Metro,"Washington, DC metro area",915,-0.52,274,-35.02,5.75,0.77,1.69,-0.57
2026-09-03,Monthly,2022-08-01,2022-08-31,Metro,"West Palm Beach, FL metro area",635,46.28,180,-21.11,5.49,1.38,1.52,-0.6
2026-09-03,Monthly,2022-07-01,2022-07-31,Metro,"Anaheim, CA metro area",387,58.6,86,-22.97,5.5,2.04,1.28,-0.39
2026-09-03,Monthly,2022-07-01,2022-07-31,Metro,"Atlanta, GA metro area",2452,68.04,372,-7.92,7.62,1.99,1.17,-0.41
2026-09-03,Monthly,2022-07-01,2022-07-31,Metro,"Austin, TX metro area",666,116,135,7.82,5.15,1.77,1.08,-0.32
2026-09-03,Monthly,2022-07-01,2022-07-31,Metro,"Baltimore, MD metro area",473,0.92,186,-13.53,4.94,0.64,2,-0.07
2026-09-03,Monthly,2022-07-01,2022-07-31,Metro,"Boston, MA metro area",686,19.06,243,-18.97,6.6,1.33,2.44,-0.47
2026-09-03,Monthly,2022-07-01,2022-07-31,Metro,"Charlotte, NC metro area",401,42.58,102,0.86,3.1,0.93,0.98,0.07
2026-09-03,Monthly,2022-07-01,2022-07-31,Metro,"Chicago, IL metro area",1733,4.28,743,20.63,5.24,-0.4,2.29,0.09
2026-09-03,Monthly,2022-07-01,2022-07-31,Metro,"Cincinnati, OH metro area",235,-12.99,84,18.72,3,-0.12,1.12,0.26
2026-09-03,Monthly,2022-07-01,2022-07-31,Metro,"Cleveland, OH metro area",283,-5.59,129,5.19,3.91,0.13,1.76,0.16
2026-09-03,Monthly,2022-07-01,2022-07-31,Metro,"Columbus, OH metro area",245,55.52,78,-23.52,3.28,1.39,1.08,-0.22
2026-09-03,Monthly,2022-07-01,2022-07-31,Metro,"Dallas, TX metro area",1014,83.65,327,-2.52,5.4,1.74,1.73,-0.51
2026-09-03,Monthly,2022-07-01,2022-07-31,Metro,"Denver, CO metro area",605,174,141,17.74,5.57,3.19,1.25,-0.07
2026-09-03,Monthly,2022-07-01,2022-07-31,Metro,"Detroit, MI metro area",430,56.65,118,31.12,6.57,1.88,1.76,0.24
2026-09-03,Monthly,2022-07-01,2022-07-31,Metro,"Fort Lauderdale, FL metro area",560,-15.95,245,-28.15,4.27,-0.27,1.85,-0.49
2026-09-03,Monthly,2022-07-01,2022-07-31,Metro,"Fort Worth, TX metro area",390,63.22,100,-27.01,4.27,1.14,1.13,-0.72
2026-09-03,Monthly,2022-07-01,2022-07-31,Metro,"Houston, TX metro area",1350,21.71,454,-25.43,4.78,0.32,1.57,-0.77
2026-09-03,Monthly,2022-07-01,2022-07-31,Metro,"Indianapolis, IN metro area",316,-5.27,113,-7.09,4.33,-1.09,1.55,-0.39
2026-09-03,Monthly,2022-07-01,2022-07-31,Metro,"Jacksonville, FL metro area",544,115.93,143,10.4,5.29,2.5,1.41,0
2026-09-03,Monthly,2022-07-01,2022-07-31,Metro,"Kansas City, MO metro area",300,29.16,103,7.38,3.48,0.73,1.22,0.15
2026-09-03,Monthly,2022-07-01,2022-07-31,Metro,"Las Vegas, NV metro area",748,107.76,167,-35.18,5.6,1.99,1.22,-1.27
2026-09-03,Monthly,2022-07-01,2022-07-31,Metro,"Los Angeles, CA metro area",1179,23.81,317,-35.62,6.05,1.27,1.63,-0.82
2026-09-03,Monthly,2022-07-01,2022-07-31,Metro,"Miami, FL metro area",971,-11.83,433,-27.52,6.2,0.08,2.83,-0.69
2026-09-03,Monthly,2022-07-01,2022-07-31,Metro,"Milwaukee, WI metro area",161,0.52,69,25.57,2.37,0.54,1.26,0.45
2026-09-03,Monthly,2022-07-01,2022-07-31,Metro,"Minneapolis, MN metro area",496,1.16,189,4.89,3.93,0.04,1.58,0.1
2026-09-03,Monthly,2022-07-01,2022-07-31,Metro,"Montgomery County, PA metro area",200,-28.73,82,-25.03,3.8,-0.41,1.5,-0.09
2026-09-03,Monthly,2022-07-01,2022-07-31,Metro,"Nashville, TN metro area",468,56.89,129,-6.93,4.36,0.92,1.22,-0.36
2026-09-03,Monthly,2022-07-01,2022-07-31,Metro,"Nassau County, NY metro area",556,0.98,198,-11.08,6.26,0.57,2.23,-0.04
2026-09-03,Monthly,2022-07-01,2022-07-31,Metro,"New Brunswick, NJ metro area",575,-9.1,220,-21.48,4.95,-0.53,1.88,-0.53
2026-09-03,Monthly,2022-07-01,2022-07-31,Metro,"New York, NY metro area",2449,-1.68,852,-12.45,7.54,0.68,2.59,-0.01
2026-09-03,Monthly,2022-07-01,2022-07-31,Metro,"Newark, NJ metro area",452,-25.19,231,-13.8,4.65,-0.53,2.54,0.12
2026-09-03,Monthly,2022-07-01,2022-07-31,Metro,"Oakland, CA metro area",461,125.88,139,32.42,7.78,3.8,2.37,0.33
2026-09-03,Monthly,2022-07-01,2022-07-31,Metro,"Orlando, FL metro area",581,0.18,169,-25.86,4.52,-1.06,1.32,-0.85
2026-09-03,Monthly,2022-07-01,2022-07-31,Metro,"Philadelphia, PA metro area",645,19.65,246,15.25,7.47,1,2.85,0.32
2026-09-03,Monthly,2022-07-01,2022-07-31,Metro,"Phoenix, AZ metro area",1469,151.74,406,38.61,5.31,2.49,1.5,0.06
2026-09-03,Monthly,2022-07-01,2022-07-31,Metro,"Pittsburgh, PA metro area",325,8.8,95,-11.15,3.34,0.29,0.97,-0.11
2026-09-03,Monthly,2022-07-01,2022-07-31,Metro,"Portland, OR metro area",400,78.31,87,-29.34,4.83,1.99,1.07,-0.56
2026-09-03,Monthly,2022-07-01,2022-07-31,Metro,"Providence, RI metro area",246,13.77,67,-9.1,5.27,1.14,1.47,0.04
2026-09-03,Monthly,2022-07-01,2022-07-31,Metro,"Riverside, CA metro area",1011,108.41,249,12.91,5.84,2.64,1.56,0.06
2026-09-03,Monthly,2022-07-01,2022-07-31,Metro,"Sacramento, CA metro area",448,88.08,130,16.17,6.64,2.32,1.98,-0.07
2026-09-03,Monthly,2022-07-01,2022-07-31,Metro,"San Antonio, TX metro area",371,46.76,115,-21.02,3.12,0.19,1.06,-0.49
2026-09-03,Monthly,2022-07-01,2022-07-31,Metro,"San Diego, CA metro area",428,72.38,74,-26.31,6.11,2.47,1.05,-0.42
2026-09-03,Monthly,2022-07-01,2022-07-31,Metro,"San Francisco, CA metro area",345,71.37,99,-22.96,10.8,4.38,2.93,-0.82
2026-09-03,Monthly,2022-07-01,2022-07-31,Metro,"San Jose, CA metro area",253,121.87,58,-21.7,8.39,4.5,1.84,-0.59
2026-09-03,Monthly,2022-07-01,2022-07-31,Metro,"Seattle, WA metro area",693,170.95,131,-12.34,8.05,4.49,1.53,-0.56
2026-09-03,Monthly,2022-07-01,2022-07-31,Metro,"St. Louis, MO metro area",357,3.03,104,-22.88,4.76,0.51,1.22,-0.2
2026-09-03,Monthly,2022-07-01,2022-07-31,Metro,"Tampa, FL metro area",655,0.22,197,-2.98,3.78,-1.05,1.15,-0.32
2026-09-03,Monthly,2022-07-01,2022-07-31,Metro,"Virginia Beach, VA metro area",234,10.54,64,-20.33,3.15,0.65,0.88,-0.07
2026-09-03,Monthly,2022-07-01,2022-07-31,Metro,"Warren, MI metro area",433,11.02,138,19.76,4.64,0.3,1.49,0.2
2026-09-03,Monthly,2022-07-01,2022-07-31,Metro,"Washington, DC metro area",895,-0.8,327,-14.77,5.57,0.56,1.99,-0.09
2026-09-03,Monthly,2022-07-01,2022-07-31,Metro,"West Palm Beach, FL metro area",587,36.08,179,-31.7,5.32,1.3,1.55,-0.81
2026-09-03,Monthly,2022-06-01,2022-06-30,Metro,"Anaheim, CA metro area",308,39.8,72,-40.86,4.81,1.71,1.13,-0.64
2026-09-03,Monthly,2022-06-01,2022-06-30,Metro,"Atlanta, GA metro area",2349,55.4,329,-22.13,7.63,1.79,1.12,-0.57
2026-09-03,Monthly,2022-06-01,2022-06-30,Metro,"Austin, TX metro area",506,57.89,140,44.42,4.32,0.71,1.23,0.09
2026-09-03,Monthly,2022-06-01,2022-06-30,Metro,"Baltimore, MD metro area",454,-0.84,181,-17.28,4.91,0.5,1.99,-0.21
2026-09-03,Monthly,2022-06-01,2022-06-30,Metro,"Boston, MA metro area",686,14.99,224,-22.66,6.63,1.2,2.33,-0.51
2026-09-03,Monthly,2022-06-01,2022-06-30,Metro,"Charlotte, NC metro area",334,29.59,89,-17.78,2.82,1.02,0.87,-0.1
2026-09-03,Monthly,2022-06-01,2022-06-30,Metro,"Chicago, IL metro area",1701,-1.24,715,11.73,5.01,-0.94,2.16,-0.18
2026-09-03,Monthly,2022-06-01,2022-06-30,Metro,"Cincinnati, OH metro area",226,0.76,91,-10.28,2.84,0.21,1.17,-0.06
2026-09-03,Monthly,2022-06-01,2022-06-30,Metro,"Cleveland, OH metro area",298,12.97,105,-0.48,4.3,0.82,1.59,0.17
2026-09-03,Monthly,2022-06-01,2022-06-30,Metro,"Columbus, OH metro area",223,3.39,73,-12.14,2.96,0.19,0.99,-0.12
2026-09-03,Monthly,2022-06-01,2022-06-30,Metro,"Dallas, TX metro area",845,38.12,232,-29.01,4.85,0.59,1.32,-0.95
2026-09-03,Monthly,2022-06-01,2022-06-30,Metro,"Denver, CO metro area",517,114.79,109,-17.1,5.22,2.62,1.04,-0.39
2026-09-03,Monthly,2022-06-01,2022-06-30,Metro,"Detroit, MI metro area",370,17.48,122,10.64,5.69,0.12,1.89,-0.02
2026-09-03,Monthly,2022-06-01,2022-06-30,Metro,"Fort Lauderdale, FL metro area",545,-29.25,259,-27.98,4.35,-0.73,2.08,-0.32
2026-09-03,Monthly,2022-06-01,2022-06-30,Metro,"Fort Worth, TX metro area",313,43.84,86,-27.84,3.74,0.61,1.06,-0.71
2026-09-03,Monthly,2022-06-01,2022-06-30,Metro,"Houston, TX metro area",1287,4.07,432,-30.49,4.77,-0.2,1.6,-0.9
2026-09-03,Monthly,2022-06-01,2022-06-30,Metro,"Indianapolis, IN metro area",286,-8.93,128,12.11,3.99,-0.92,1.81,-0.06
2026-09-03,Monthly,2022-06-01,2022-06-30,Metro,"Jacksonville, FL metro area",332,52.66,107,-24.26,3.48,1,1.16,-0.49
2026-09-03,Monthly,2022-06-01,2022-06-30,Metro,"Kansas City, MO metro area",291,22.86,97,-2.84,3.41,0.68,1.17,0
2026-09-03,Monthly,2022-06-01,2022-06-30,Metro,"Las Vegas, NV metro area",563,59.78,182,-9.85,4.52,0.95,1.49,-0.53
2026-09-03,Monthly,2022-06-01,2022-06-30,Metro,"Los Angeles, CA metro area",1097,8.51,319,-32.73,5.82,0.77,1.66,-0.64
2026-09-03,Monthly,2022-06-01,2022-06-30,Metro,"Miami, FL metro area",905,-28.56,443,-31.27,5.64,-1.53,3.02,-0.68
2026-09-03,Monthly,2022-06-01,2022-06-30,Metro,"Milwaukee, WI metro area",159,-0.07,65,15.46,1.97,0.18,1.18,0.32
2026-09-03,Monthly,2022-06-01,2022-06-30,Metro,"Minneapolis, MN metro area",469,13.07,181,-4.52,3.78,0.38,1.51,-0.06
2026-09-03,Monthly,2022-06-01,2022-06-30,Metro,"Montgomery County, PA metro area",181,-28.06,90,-13.59,3.56,-0.68,1.7,0.05
2026-09-03,Monthly,2022-06-01,2022-06-30,Metro,"Nashville, TN metro area",432,40.17,98,-40.8,4.14,0.44,1.07,-0.83
2026-09-03,Monthly,2022-06-01,2022-06-30,Metro,"Nassau County, NY metro area",564,1.31,209,-12.83,6.31,0.67,2.36,-0.07
2026-09-03,Monthly,2022-06-01,2022-06-30,Metro,"New Brunswick, NJ metro area",527,-18.23,204,-15.22,4.57,-1.16,1.76,-0.37
2026-09-03,Monthly,2022-06-01,2022-06-30,Metro,"New York, NY metro area",2489,-1.44,897,-15.39,7.91,1.17,2.73,-0.02
2026-09-03,Monthly,2022-06-01,2022-06-30,Metro,"Newark, NJ metro area",504,-13.12,246,-12.92,4.95,0.04,2.39,-0.05
2026-09-03,Monthly,2022-06-01,2022-06-30,Metro,"Oakland, CA metro area",420,111.51,99,-7.06,7.56,3.55,1.78,-0.33
2026-09-03,Monthly,2022-06-01,2022-06-30,Metro,"Orlando, FL metro area",438,-20.53,149,-36.2,3.54,-1.77,1.24,-1.04
2026-09-03,Monthly,2022-06-01,2022-06-30,Metro,"Philadelphia, PA metro area",562,10.58,230,-8.77,6.61,0.46,2.66,-0.34
2026-09-03,Monthly,2022-06-01,2022-06-30,Metro,"Phoenix, AZ metro area",1152,113.6,359,16.77,4.59,1.92,1.43,-0.12
2026-09-03,Monthly,2022-06-01,2022-06-30,Metro,"Pittsburgh, PA metro area",301,1.81,95,9.4,3.12,0.14,1.1,0.22
2026-09-03,Monthly,2022-06-01,2022-06-30,Metro,"Portland, OR metro area",329,26.88,111,3.62,4.08,0.79,1.42,0.01
2026-09-03,Monthly,2022-06-01,2022-06-30,Metro,"Providence, RI metro area",233,40.84,65,-13.98,5.08,1.8,1.41,-0.1
2026-09-03,Monthly,2022-06-01,2022-06-30,Metro,"Riverside, CA metro area",689,55.39,222,0.74,4.13,1.16,1.41,-0.14
2026-09-03,Monthly,2022-06-01,2022-06-30,Metro,"Sacramento, CA metro area",388,76.32,92,-11.78,6.09,2.01,1.5,-0.51
2026-09-03,Monthly,2022-06-01,2022-06-30,Metro,"San Antonio, TX metro area",327,5.96,120,-19.99,2.93,-0.35,1.14,-0.58
2026-09-03,Monthly,2022-06-01,2022-06-30,Metro,"San Diego, CA metro area",361,59.66,73,-35.82,5.38,2.2,1.1,-0.55
2026-09-03,Monthly,2022-06-01,2022-06-30,Metro,"San Francisco, CA metro area",333,73.09,111,-24.3,10.53,4.34,3.31,-1.26
2026-09-03,Monthly,2022-06-01,2022-06-30,Metro,"San Jose, CA metro area",230,72.46,61,-17.24,8.09,3.56,2.03,-0.4
2026-09-03,Monthly,2022-06-01,2022-06-30,Metro,"Seattle, WA metro area",604,135.48,110,-27.24,7.44,3.98,1.34,-0.69
2026-09-03,Monthly,2022-06-01,2022-06-30,Metro,"St. Louis, MO metro area",320,-3.08,113,-19.39,3.89,0.07,1.33,-0.21
2026-09-03,Monthly,2022-06-01,2022-06-30,Metro,"Tampa, FL metro area",579,-6.22,168,-20.57,3.74,-0.89,1.09,-0.49
2026-09-03,Monthly,2022-06-01,2022-06-30,Metro,"Virginia Beach, VA metro area",202,-9.62,62,-26.96,2.77,0.01,0.84,-0.19
2026-09-03,Monthly,2022-06-01,2022-06-30,Metro,"Warren, MI metro area",402,8.43,127,12.43,4.38,0.11,1.41,0.1
2026-09-03,Monthly,2022-06-01,2022-06-30,Metro,"Washington, DC metro area",912,9.63,299,-19.52,5.68,0.88,1.82,-0.25
2026-09-03,Monthly,2022-06-01,2022-06-30,Metro,"West Palm Beach, FL metro area",470,-3.01,186,-33.87,4.17,0.04,1.72,-0.79
2026-09-03,Monthly,2022-05-01,2022-05-31,Metro,"Anaheim, CA metro area",269,20.29,70,-38.92,4.16,1.18,1.14,-0.47
2026-09-03,Monthly,2022-05-01,2022-05-31,Metro,"Atlanta, GA metro area",2285,57.86,331,-19.25,7.94,2.32,1.21,-0.46
2026-09-03,Monthly,2022-05-01,2022-05-31,Metro,"Austin, TX metro area",331,38.37,104,5.23,3.25,0.39,1.07,-0.16
2026-09-03,Monthly,2022-05-01,2022-05-31,Metro,"Baltimore, MD metro area",419,-4.42,175,-16.07,4.59,0.35,1.95,-0.16
2026-09-03,Monthly,2022-05-01,2022-05-31,Metro,"Boston, MA metro area",568,-15.39,220,-5.71,5.65,-0.34,2.36,0.03
2026-09-03,Monthly,2022-05-01,2022-05-31,Metro,"Charlotte, NC metro area",310,13.03,90,-24.51,2.37,0.66,0.92,-0.1
2026-09-03,Monthly,2022-05-01,2022-05-31,Metro,"Chicago, IL metro area",1653,-0.29,724,7.68,4.89,-0.85,2.19,-0.3
2026-09-03,Monthly,2022-05-01,2022-05-31,Metro,"Cincinnati, OH metro area",232,2.87,76,-23.79,2.99,0.31,0.99,-0.24
2026-09-03,Monthly,2022-05-01,2022-05-31,Metro,"Cleveland, OH metro area",269,12.91,112,4.33,4.06,0.76,1.69,0.17
2026-09-03,Monthly,2022-05-01,2022-05-31,Metro,"Columbus, OH metro area",155,-20.1,63,1.84,2.21,-0.49,0.87,0.03
2026-09-03,Monthly,2022-05-01,2022-05-31,Metro,"Dallas, TX metro area",670,13.25,231,-31.06,4.32,0.17,1.51,-0.85
2026-09-03,Monthly,2022-05-01,2022-05-31,Metro,"Denver, CO metro area",392,36.82,102,-12.36,3.65,0.67,1.04,-0.29
2026-09-03,Monthly,2022-05-01,2022-05-31,Metro,"Detroit, MI metro area",353,30.4,97,4.71,5.73,0.88,1.6,-0.05
2026-09-03,Monthly,2022-05-01,2022-05-31,Metro,"Fort Lauderdale, FL metro area",495,-40.45,266,-21.86,4.13,-1.24,2.19,0.01
2026-09-03,Monthly,2022-05-01,2022-05-31,Metro,"Fort Worth, TX metro area",255,9.06,83,-34.18,3.7,-0.02,1.16,-0.78
2026-09-03,Monthly,2022-05-01,2022-05-31,Metro,"Houston, TX metro area",1180,-4.74,432,-34.75,4.5,-0.46,1.71,-1.07
2026-09-03,Monthly,2022-05-01,2022-05-31,Metro,"Indianapolis, IN metro area",274,-14.61,94,-12.15,4.06,-1.12,1.46,-0.32
2026-09-03,Monthly,2022-05-01,2022-05-31,Metro,"Jacksonville, FL metro area",263,0.89,120,11.77,2.9,0.03,1.4,0.08
2026-09-03,Monthly,2022-05-01,2022-05-31,Metro,"Kansas City, MO metro area",261,1.86,88,22.8,3.23,0.35,1.13,0.28
2026-09-03,Monthly,2022-05-01,2022-05-31,Metro,"Las Vegas, NV metro area",421,8.86,175,-21.94,3.89,-0.04,1.65,-0.6
2026-09-03,Monthly,2022-05-01,2022-05-31,Metro,"Los Angeles, CA metro area",936,-4.4,355,-27.05,5.08,0.26,1.89,-0.42
2026-09-03,Monthly,2022-05-01,2022-05-31,Metro,"Miami, FL metro area",944,-25.18,496,-22.48,6.31,-0.9,3.57,-0.02
2026-09-03,Monthly,2022-05-01,2022-05-31,Metro,"Milwaukee, WI metro area",172,23.54,46,-20.4,2.2,0.67,0.85,-0.08
2026-09-03,Monthly,2022-05-01,2022-05-31,Metro,"Minneapolis, MN metro area",388,-3.04,156,-22.91,3.1,-0.2,1.29,-0.36
2026-09-03,Monthly,2022-05-01,2022-05-31,Metro,"Montgomery County, PA metro area",160,-42.83,74,-20.76,3.39,-0.95,1.51,-0.05
2026-09-03,Monthly,2022-05-01,2022-05-31,Metro,"Nashville, TN metro area",356,-7.67,85,-41.75,3.71,-0.42,1.08,-0.64
2026-09-03,Monthly,2022-05-01,2022-05-31,Metro,"Nassau County, NY metro area",464,-24.91,217,-13.45,5.37,-0.57,2.49,0.01
2026-09-03,Monthly,2022-05-01,2022-05-31,Metro,"New Brunswick, NJ metro area",518,-19.04,208,-7.31,4.69,-1.29,1.86,-0.18
2026-09-03,Monthly,2022-05-01,2022-05-31,Metro,"New York, NY metro area",2366,-7.92,915,-5.78,7.38,0.72,2.9,0.32
2026-09-03,Monthly,2022-05-01,2022-05-31,Metro,"Newark, NJ metro area",501,-20.03,219,-20.16,5.24,0.04,2.22,0.04
2026-09-03,Monthly,2022-05-01,2022-05-31,Metro,"Oakland, CA metro area",341,58.31,80,-18.85,6.47,2.06,1.51,-0.45
2026-09-03,Monthly,2022-05-01,2022-05-31,Metro,"Orlando, FL metro area",310,-29.6,150,-44.01,3.05,-1.32,1.36,-1.18
2026-09-03,Monthly,2022-05-01,2022-05-31,Metro,"Philadelphia, PA metro area",606,18.6,183,-14.83,7.32,1.18,2.27,-0.41
2026-09-03,Monthly,2022-05-01,2022-05-31,Metro,"Phoenix, AZ metro area",921,72.73,354,21.82,4.1,1.44,1.59,0.1
2026-09-03,Monthly,2022-05-01,2022-05-31,Metro,"Pittsburgh, PA metro area",288,1.62,131,38.2,2.93,0.21,1.27,0.33
2026-09-03,Monthly,2022-05-01,2022-05-31,Metro,"Portland, OR metro area",221,-13.52,77,-27.98,2.96,-0.4,1.04,-0.37
2026-09-03,Monthly,2022-05-01,2022-05-31,Metro,"Providence, RI metro area",132,-34.04,65,-11.12,3.03,-1.05,1.48,-0.04
2026-09-03,Monthly,2022-05-01,2022-05-31,Metro,"Riverside, CA metro area",633,56.77,215,7.13,4.11,1.23,1.35,-0.06
2026-09-03,Monthly,2022-05-01,2022-05-31,Metro,"Sacramento, CA metro area",349,51.54,92,-6.95,5.69,1.37,1.55,-0.35
2026-09-03,Monthly,2022-05-01,2022-05-31,Metro,"San Antonio, TX metro area",275,1.66,104,-19.31,2.84,-0.35,1.02,-0.5
2026-09-03,Monthly,2022-05-01,2022-05-31,Metro,"San Diego, CA metro area",270,14.95,65,-36.07,4.12,0.64,1.04,-0.48
2026-09-03,Monthly,2022-05-01,2022-05-31,Metro,"San Francisco, CA metro area",265,18.9,81,-39.63,8.72,1.76,2.7,-1.66
2026-09-03,Monthly,2022-05-01,2022-05-31,Metro,"San Jose, CA metro area",169,17.89,39,-48.51,6.4,1.51,1.37,-1.04
2026-09-03,Monthly,2022-05-01,2022-05-31,Metro,"Seattle, WA metro area",474,58.37,101,-31.88,6.29,2.33,1.28,-0.62
2026-09-03,Monthly,2022-05-01,2022-05-31,Metro,"St. Louis, MO metro area",299,-11.08,117,3.61,3.36,-0.24,1.42,0.19
2026-09-03,Monthly,2022-05-01,2022-05-31,Metro,"Tampa, FL metro area",365,-7.19,149,-35.89,2.65,-0.37,1.09,-0.68
2026-09-03,Monthly,2022-05-01,2022-05-31,Metro,"Virginia Beach, VA metro area",168,-22.46,65,-26.76,2.35,-0.35,0.96,-0.17
2026-09-03,Monthly,2022-05-01,2022-05-31,Metro,"Warren, MI metro area",367,10.29,129,25.03,4.21,0.36,1.5,0.28
2026-09-03,Monthly,2022-05-01,2022-05-31,Metro,"Washington, DC metro area",799,0.59,349,3.89,5.08,0.46,2.33,0.36
2026-09-03,Monthly,2022-05-01,2022-05-31,Metro,"West Palm Beach, FL metro area",432,-13.38,203,-32.34,4.1,0,2.04,-0.57
2026-09-03,Monthly,2022-04-01,2022-04-30,Metro,"Anaheim, CA metro area",188,-27.34,69,-47.03,3.08,-0.28,1.15,-0.52
2026-09-03,Monthly,2022-04-01,2022-04-30,Metro,"Atlanta, GA metro area",2021,33.08,307,-22.56,7.35,1.63,1.18,-0.38
2026-09-03,Monthly,2022-04-01,2022-04-30,Metro,"Austin, TX metro area",212,-17.44,105,24.31,2.6,-0.76,1.23,0.19
2026-09-03,Monthly,2022-04-01,2022-04-30,Metro,"Baltimore, MD metro area",403,-4.57,175,-9.62,4.41,0.14,1.88,-0.05
2026-09-03,Monthly,2022-04-01,2022-04-30,Metro,"Boston, MA metro area",532,-23.3,176,-34.26,5.19,-0.6,1.84,-0.63
2026-09-03,Monthly,2022-04-01,2022-04-30,Metro,"Charlotte, NC metro area",297,1.62,84,-33.47,1.97,0.19,0.89,-0.14
2026-09-03,Monthly,2022-04-01,2022-04-30,Metro,"Chicago, IL metro area",1646,0.64,690,-7.74,4.91,-0.82,2.09,-0.54
2026-09-03,Monthly,2022-04-01,2022-04-30,Metro,"Cincinnati, OH metro area",194,-11.35,74,-17.86,2.48,-0.16,0.98,-0.09
2026-09-03,Monthly,2022-04-01,2022-04-30,Metro,"Cleveland, OH metro area",264,-6.01,118,13.17,3.91,-0.08,1.75,0.25
2026-09-03,Monthly,2022-04-01,2022-04-30,Metro,"Columbus, OH metro area",136,-19.45,63,7.2,1.92,-0.46,0.86,0.07
2026-09-03,Monthly,2022-04-01,2022-04-30,Metro,"Dallas, TX metro area",520,-16.6,209,-34.4,3.78,-0.48,1.52,-0.65
2026-09-03,Monthly,2022-04-01,2022-04-30,Metro,"Denver, CO metro area",234,4.26,92,-25.8,2.42,-0.07,0.97,-0.44
2026-09-03,Monthly,2022-04-01,2022-04-30,Metro,"Detroit, MI metro area",304,5.55,116,33.88,5.01,-0.26,1.93,0.32
2026-09-03,Monthly,2022-04-01,2022-04-30,Metro,"Fort Lauderdale, FL metro area",526,-36.16,226,-41.94,4.47,-0.74,1.87,-0.56
2026-09-03,Monthly,2022-04-01,2022-04-30,Metro,"Fort Worth, TX metro area",198,-8.21,72,-34.95,2.95,-0.3,1.11,-0.54
2026-09-03,Monthly,2022-04-01,2022-04-30,Metro,"Houston, TX metro area",1161,-16.64,425,-37.18,4.49,-0.87,1.74,-0.96
2026-09-03,Monthly,2022-04-01,2022-04-30,Metro,"Indianapolis, IN metro area",247,-58.34,98,-57.12,3.86,-5.52,1.62,-2.19
2026-09-03,Monthly,2022-04-01,2022-04-30,Metro,"Jacksonville, FL metro area",274,13,95,-23.73,3.01,0.41,1.25,-0.27
2026-09-03,Monthly,2022-04-01,2022-04-30,Metro,"Kansas City, MO metro area",241,-8.11,80,7.85,3.05,0.21,1.01,0.12
2026-09-03,Monthly,2022-04-01,2022-04-30,Metro,"Las Vegas, NV metro area",356,-9.58,171,-29.32,3.52,-0.34,1.75,-0.65
2026-09-03,Monthly,2022-04-01,2022-04-30,Metro,"Los Angeles, CA metro area",824,-16.72,316,-35.37,4.53,-0.21,1.71,-0.57
2026-09-03,Monthly,2022-04-01,2022-04-30,Metro,"Miami, FL metro area",938,-26.36,500,-18.91,6.17,-0.69,3.59,0.2
2026-09-03,Monthly,2022-04-01,2022-04-30,Metro,"Milwaukee, WI metro area",143,8.12,48,-7.23,1.85,0.28,0.91,0.03
2026-09-03,Monthly,2022-04-01,2022-04-30,Metro,"Minneapolis, MN metro area",347,-24.86,163,-20.3,2.86,-0.84,1.35,-0.3
2026-09-03,Monthly,2022-04-01,2022-04-30,Metro,"Montgomery County, PA metro area",196,-13.47,80,15.57,3.65,-0.5,1.62,0.47
2026-09-03,Monthly,2022-04-01,2022-04-30,Metro,"Nashville, TN metro area",336,-13.57,45,-65.87,3.55,-0.52,0.98,-0.75
2026-09-03,Monthly,2022-04-01,2022-04-30,Metro,"Nassau County, NY metro area",502,-12.72,183,-31.65,5.8,0.32,2.1,-0.45
2026-09-03,Monthly,2022-04-01,2022-04-30,Metro,"New Brunswick, NJ metro area",483,-23.15,196,-16.26,4.6,-1.31,1.81,-0.35
2026-09-03,Monthly,2022-04-01,2022-04-30,Metro,"New York, NY metro area",2300,-8.41,803,-25.11,7.21,0.79,2.58,-0.21
2026-09-03,Monthly,2022-04-01,2022-04-30,Metro,"Newark, NJ metro area",463,-18.17,216,-23.31,4.81,-0.1,2.23,-0.25
2026-09-03,Monthly,2022-04-01,2022-04-30,Metro,"Oakland, CA metro area",279,44.66,80,-26.33,5.56,1.69,1.58,-0.58
2026-09-03,Monthly,2022-04-01,2022-04-30,Metro,"Orlando, FL metro area",284,-44.75,97,-61.16,2.97,-1.89,1.16,-1.35
2026-09-03,Monthly,2022-04-01,2022-04-30,Metro,"Philadelphia, PA metro area",522,-2.76,221,6.4,6.39,-0.12,2.77,0.21
2026-09-03,Monthly,2022-04-01,2022-04-30,Metro,"Phoenix, AZ metro area",689,22.51,303,2.07,3.51,0.58,1.51,0.01
2026-09-03,Monthly,2022-04-01,2022-04-30,Metro,"Pittsburgh, PA metro area",336,20.55,91,-11.84,3.49,0.9,1.15,-0.07
2026-09-03,Monthly,2022-04-01,2022-04-30,Metro,"Portland, OR metro area",210,-13.48,77,-16.69,2.87,-0.21,1.07,-0.11
2026-09-03,Monthly,2022-04-01,2022-04-30,Metro,"Providence, RI metro area",183,-4.37,53,-13.78,4.16,0.42,1.27,0.04
2026-09-03,Monthly,2022-04-01,2022-04-30,Metro,"Riverside, CA metro area",541,33.68,217,-3.48,3.73,0.9,1.4,-0.08
2026-09-03,Monthly,2022-04-01,2022-04-30,Metro,"Sacramento, CA metro area",204,-21.99,90,-17.59,3.53,-1.19,1.57,-0.4
2026-09-03,Monthly,2022-04-01,2022-04-30,Metro,"San Antonio, TX metro area",257,-3.63,99,-35.25,2.79,-0.38,0.94,-0.83
2026-09-03,Monthly,2022-04-01,2022-04-30,Metro,"San Diego, CA metro area",211,-11.08,76,-15.1,3.51,0.31,1.25,-0.05
2026-09-03,Monthly,2022-04-01,2022-04-30,Metro,"San Francisco, CA metro area",195,-22.85,86,-27.4,6.16,-1.07,2.73,-0.71
2026-09-03,Monthly,2022-04-01,2022-04-30,Metro,"San Jose, CA metro area",108,-19.24,50,-33.53,3.75,-0.11,1.79,-0.44
2026-09-03,Monthly,2022-04-01,2022-04-30,Metro,"Seattle, WA metro area",304,-1.53,77,-47.86,3.71,0.19,1.01,-0.79
2026-09-03,Monthly,2022-04-01,2022-04-30,Metro,"St. Louis, MO metro area",297,-12.79,116,-14.98,3.39,-0.16,1.43,-0.01
2026-09-03,Monthly,2022-04-01,2022-04-30,Metro,"Tampa, FL metro area",274,-32.71,142,-35.49,2.34,-0.81,1.14,-0.52
2026-09-03,Monthly,2022-04-01,2022-04-30,Metro,"Virginia Beach, VA metro area",207,22.29,62,-25,2.94,0.84,0.83,-0.24
2026-09-03,Monthly,2022-04-01,2022-04-30,Metro,"Warren, MI metro area",324,-4.36,124,7.54,3.73,-0.02,1.48,0.14
2026-09-03,Monthly,2022-04-01,2022-04-30,Metro,"Washington, DC metro area",697,-13.97,268,-17.15,4.31,-0.2,1.67,-0.18
2026-09-03,Monthly,2022-04-01,2022-04-30,Metro,"West Palm Beach, FL metro area",379,-34.89,184,-50.5,4.09,-1.35,1.95,-1.3
2026-09-03,Monthly,2022-03-01,2022-03-31,Metro,"Anaheim, CA metro area",185,-37.36,72,-53.97,3.07,-0.56,1.17,-0.65
2026-09-03,Monthly,2022-03-01,2022-03-31,Metro,"Atlanta, GA metro area",1980,26.16,311,-21.16,7.27,1.39,1.15,-0.32
2026-09-03,Monthly,2022-03-01,2022-03-31,Metro,"Austin, TX metro area",228,-21.8,94,3.47,2.9,-0.87,1.19,0.02
2026-09-03,Monthly,2022-03-01,2022-03-31,Metro,"Baltimore, MD metro area",392,0.24,180,-4.23,4.28,0.29,1.86,0.1
2026-09-03,Monthly,2022-03-01,2022-03-31,Metro,"Boston, MA metro area",539,-18.61,219,-25.38,5.37,-0.17,2.25,-0.28
2026-09-03,Monthly,2022-03-01,2022-03-31,Metro,"Charlotte, NC metro area",270,0.46,72,-44.21,2.32,0.58,0.86,-0.18
2026-09-03,Monthly,2022-03-01,2022-03-31,Metro,"Chicago, IL metro area",1540,-10.72,652,-20.37,4.65,-1.52,1.96,-0.71
2026-09-03,Monthly,2022-03-01,2022-03-31,Metro,"Cincinnati, OH metro area",222,-13.25,78,-8.42,2.93,-0.19,1.01,-0.03
2026-09-03,Monthly,2022-03-01,2022-03-31,Metro,"Cleveland, OH metro area",287,22.22,120,1.83,4.34,1.07,1.76,0.17
2026-09-03,Monthly,2022-03-01,2022-03-31,Metro,"Columbus, OH metro area",152,-1.21,65,-16.83,2.2,0.01,0.94,-0.15
2026-09-03,Monthly,2022-03-01,2022-03-31,Metro,"Dallas, TX metro area",521,-26.45,176,-47.69,4.09,-0.74,1.41,-0.91
2026-09-03,Monthly,2022-03-01,2022-03-31,Metro,"Denver, CO metro area",216,-10.14,82,-41.72,2.49,-0.16,0.95,-0.59
2026-09-03,Monthly,2022-03-01,2022-03-31,Metro,"Detroit, MI metro area",426,107.34,120,2.9,7.18,3.34,1.97,-0.21
2026-09-03,Monthly,2022-03-01,2022-03-31,Metro,"Fort Lauderdale, FL metro area",553,-32.47,252,-37.49,4.63,-0.47,2.09,-0.37
2026-09-03,Monthly,2022-03-01,2022-03-31,Metro,"Fort Worth, TX metro area",183,-17.77,73,-36.44,2.96,-0.3,1.2,-0.5
2026-09-03,Monthly,2022-03-01,2022-03-31,Metro,"Houston, TX metro area",1194,-16.9,451,-24.81,4.49,-0.8,1.81,-0.46
2026-09-03,Monthly,2022-03-01,2022-03-31,Metro,"Indianapolis, IN metro area",243,-25.38,84,-25.07,4.09,-1.48,1.44,-0.52
2026-09-03,Monthly,2022-03-01,2022-03-31,Metro,"Jacksonville, FL metro area",236,-5.83,66,-50.85,2.83,0.04,0.91,-0.57
2026-09-03,Monthly,2022-03-01,2022-03-31,Metro,"Kansas City, MO metro area",230,-26.34,70,-14.56,2.92,-0.33,0.91,-0.11
2026-09-03,Monthly,2022-03-01,2022-03-31,Metro,"Las Vegas, NV metro area",316,-24.67,177,-31.26,3.27,-0.76,1.91,-0.59
2026-09-03,Monthly,2022-03-01,2022-03-31,Metro,"Los Angeles, CA metro area",763,-28.93,322,-36.76,4.16,-0.66,1.77,-0.58
2026-09-03,Monthly,2022-03-01,2022-03-31,Metro,"Miami, FL metro area",946,-26.69,510,-23.53,6.33,-0.66,3.71,0.1
2026-09-03,Monthly,2022-03-01,2022-03-31,Metro,"Milwaukee, WI metro area",176,41.91,52,4.02,2.47,0.8,0.98,0.05
2026-09-03,Monthly,2022-03-01,2022-03-31,Metro,"Minneapolis, MN metro area",326,-35.58,177,-15.35,2.69,-1.23,1.48,-0.21
2026-09-03,Monthly,2022-03-01,2022-03-31,Metro,"Montgomery County, PA metro area",160,-47.05,70,-19.15,3.29,-1.39,1.42,-0.06
2026-09-03,Monthly,2022-03-01,2022-03-31,Metro,"Nashville, TN metro area",294,-30.13,-2,-101.56,3.27,-1.05,0.69,-0.94
2026-09-03,Monthly,2022-03-01,2022-03-31,Metro,"Nassau County, NY metro area",499,-15.2,195,-24.64,5.8,-0.02,2.22,-0.31
2026-09-03,Monthly,2022-03-01,2022-03-31,Metro,"New Brunswick, NJ metro area",504,-28.39,166,-25.66,4.78,-1.6,1.58,-0.45
2026-09-03,Monthly,2022-03-01,2022-03-31,Metro,"New York, NY metro area",2237,-20.77,855,-16.45,7.13,0.14,2.64,0.16
2026-09-03,Monthly,2022-03-01,2022-03-31,Metro,"Newark, NJ metro area",471,-12.52,203,-24.61,4.98,0.23,1.84,-0.46
2026-09-03,Monthly,2022-03-01,2022-03-31,Metro,"Oakland, CA metro area",225,-7.42,85,-8.99,4.38,-0.38,1.68,-0.2
2026-09-03,Monthly,2022-03-01,2022-03-31,Metro,"Orlando, FL metro area",258,-53.65,118,-53.5,2.77,-2.41,1.42,-1
2026-09-03,Monthly,2022-03-01,2022-03-31,Metro,"Philadelphia, PA metro area",533,3,208,-12.15,6.55,0.24,2.57,-0.35
2026-09-03,Monthly,2022-03-01,2022-03-31,Metro,"Phoenix, AZ metro area",632,21.43,296,-12.23,3.31,0.58,1.51,-0.2
2026-09-03,Monthly,2022-03-01,2022-03-31,Metro,"Pittsburgh, PA metro area",357,19.94,88,-21.51,4.24,0.97,1.03,-0.24
2026-09-03,Monthly,2022-03-01,2022-03-31,Metro,"Portland, OR metro area",206,-4.19,88,-14.23,2.76,0.03,1.19,-0.12
2026-09-03,Monthly,2022-03-01,2022-03-31,Metro,"Providence, RI metro area",186,-19.04,57,-15.42,4.34,0.02,1.33,0.05
2026-09-03,Monthly,2022-03-01,2022-03-31,Metro,"Riverside, CA metro area",476,8.76,226,-12.45,3.31,0.39,1.43,-0.17
2026-09-03,Monthly,2022-03-01,2022-03-31,Metro,"Sacramento, CA metro area",233,6.42,97,-11.32,4.05,0.17,1.72,-0.29
2026-09-03,Monthly,2022-03-01,2022-03-31,Metro,"San Antonio, TX metro area",263,-10.99,111,-8.01,2.94,-0.25,0.98,-0.21
2026-09-03,Monthly,2022-03-01,2022-03-31,Metro,"San Diego, CA metro area",167,-34.01,62,-42.98,2.54,-1.26,0.99,-0.49
2026-09-03,Monthly,2022-03-01,2022-03-31,Metro,"San Francisco, CA metro area",231,-7.7,99,-32.25,7.18,0.15,3.15,-0.94
2026-09-03,Monthly,2022-03-01,2022-03-31,Metro,"San Jose, CA metro area",85,-45.06,42,-47.05,3.01,-1.42,1.5,-0.77
2026-09-03,Monthly,2022-03-01,2022-03-31,Metro,"Seattle, WA metro area",240,-27.55,72,-55.89,3.08,-0.74,0.94,-1
2026-09-03,Monthly,2022-03-01,2022-03-31,Metro,"St. Louis, MO metro area",288,-9.27,98,-31.97,3.32,0.03,1.27,-0.32
2026-09-03,Monthly,2022-03-01,2022-03-31,Metro,"Tampa, FL metro area",336,-37.29,125,-48.59,2.82,-1.14,1.07,-0.74
2026-09-03,Monthly,2022-03-01,2022-03-31,Metro,"Virginia Beach, VA metro area",168,-28.64,73,-2.49,2.45,-0.55,1.09,0.22
2026-09-03,Monthly,2022-03-01,2022-03-31,Metro,"Warren, MI metro area",349,28.45,127,-7.92,4.13,1.01,1.53,-0.09
2026-09-03,Monthly,2022-03-01,2022-03-31,Metro,"Washington, DC metro area",684,-9.39,268,-18.38,4.21,0.03,1.7,-0.19
2026-09-03,Monthly,2022-03-01,2022-03-31,Metro,"West Palm Beach, FL metro area",388,-33.58,190,-50.32,4.21,-0.32,2.13,-0.86
2026-09-03,Monthly,2022-02-01,2022-02-28,Metro,"Anaheim, CA metro area",182,-28.24,79,-43.97,3.2,0.17,1.37,-0.27
2026-09-03,Monthly,2022-02-01,2022-02-28,Metro,"Atlanta, GA metro area",2018,31.05,296,-28.32,7.52,1.78,1.11,-0.42
2026-09-03,Monthly,2022-02-01,2022-02-28,Metro,"Austin, TX metro area",177,-33.97,90,3.62,2.35,-1.46,1.21,-0.05
2026-09-03,Monthly,2022-02-01,2022-02-28,Metro,"Baltimore, MD metro area",362,-16.75,182,-18.31,3.95,-0.46,1.93,-0.23
2026-09-03,Monthly,2022-02-01,2022-02-28,Metro,"Boston, MA metro area",535,-16.91,223,-35.18,5.79,0.38,2.38,-0.37
2026-09-03,Monthly,2022-02-01,2022-02-28,Metro,"Charlotte, NC metro area",257,-26.71,90,-19.84,1.68,-0.36,0.87,0.25
2026-09-03,Monthly,2022-02-01,2022-02-28,Metro,"Chicago, IL metro area",1438,-12.76,742,-0.85,4.66,-1.3,2.35,-0.13
2026-09-03,Monthly,2022-02-01,2022-02-28,Metro,"Cincinnati, OH metro area",184,-23.86,63,-21.02,2.48,-0.51,0.85,-0.14
2026-09-03,Monthly,2022-02-01,2022-02-28,Metro,"Cleveland, OH metro area",227,-19.49,99,-16.27,3.57,-0.39,1.54,-0.07
2026-09-03,Monthly,2022-02-01,2022-02-28,Metro,"Columbus, OH metro area",143,-18.43,71,-0.87,2.13,-0.39,1.03,0.03
2026-09-03,Monthly,2022-02-01,2022-02-28,Metro,"Dallas, TX metro area",440,-35.81,166,-34.67,3.72,-1,1.48,-0.37
2026-09-03,Monthly,2022-02-01,2022-02-28,Metro,"Denver, CO metro area",185,-35.16,84,-37.56,2.34,-0.66,1.08,-0.36
2026-09-03,Monthly,2022-02-01,2022-02-28,Metro,"Detroit, MI metro area",351,47,132,18.52,6.18,1.62,2.27,0.18
2026-09-03,Monthly,2022-02-01,2022-02-28,Metro,"Fort Lauderdale, FL metro area",548,-34.84,231,-39.5,4.65,-0.53,1.89,-0.42
2026-09-03,Monthly,2022-02-01,2022-02-28,Metro,"Fort Worth, TX metro area",173,-25.4,67,-31.24,2.94,-0.52,1.19,-0.32
2026-09-03,Monthly,2022-02-01,2022-02-28,Metro,"Houston, TX metro area",1257,-19.37,470,-1.43,4.51,-1.13,1.89,0.07
2026-09-03,Monthly,2022-02-01,2022-02-28,Metro,"Indianapolis, IN metro area",337,7.85,80,-38.44,6.12,0.5,1.47,-0.9
2026-09-03,Monthly,2022-02-01,2022-02-28,Metro,"Jacksonville, FL metro area",266,-8.55,47,-60.36,2.92,-0.11,0.64,-0.7
2026-09-03,Monthly,2022-02-01,2022-02-28,Metro,"Kansas City, MO metro area",218,-18.31,92,19.61,2.95,-0.17,1.22,0.22
2026-09-03,Monthly,2022-02-01,2022-02-28,Metro,"Las Vegas, NV metro area",363,-20.56,182,-29.33,3.91,-0.22,2,-0.38
2026-09-03,Monthly,2022-02-01,2022-02-28,Metro,"Los Angeles, CA metro area",767,-29.76,333,-32.64,4.25,-0.58,1.88,-0.38
2026-09-03,Monthly,2022-02-01,2022-02-28,Metro,"Miami, FL metro area",1011,-24.76,498,-20.57,7.19,-0.29,3.49,0.05
2026-09-03,Monthly,2022-02-01,2022-02-28,Metro,"Milwaukee, WI metro area",131,-6.01,44,-5.52,1.91,-0.14,0.81,-0.05
2026-09-03,Monthly,2022-02-01,2022-02-28,Metro,"Minneapolis, MN metro area",304,-48.29,167,-23.03,2.68,-2.06,1.41,-0.31
2026-09-03,Monthly,2022-02-01,2022-02-28,Metro,"Montgomery County, PA metro area",167,-35.34,79,20.7,3.32,-1.22,1.61,0.46
2026-09-03,Monthly,2022-02-01,2022-02-28,Metro,"Nashville, TN metro area",326,-32.04,36,-73.66,3.7,-0.86,0.86,-0.6
2026-09-03,Monthly,2022-02-01,2022-02-28,Metro,"Nassau County, NY metro area",452,-25,224,-4.5,5.42,-0.44,2.69,0.41
2026-09-03,Monthly,2022-02-01,2022-02-28,Metro,"New Brunswick, NJ metro area",493,-28.34,173,-14.99,4.86,-1.42,1.71,-0.16
2026-09-03,Monthly,2022-02-01,2022-02-28,Metro,"New York, NY metro area",2122,-22.06,926,1.11,6.93,0.28,2.96,0.78
2026-09-03,Monthly,2022-02-01,2022-02-28,Metro,"Newark, NJ metro area",453,-22.97,226,-21.52,4.79,-0.4,2.35,0.27
2026-09-03,Monthly,2022-02-01,2022-02-28,Metro,"Oakland, CA metro area",191,-20.3,89,-14.04,3.85,-0.75,1.84,-0.24
2026-09-03,Monthly,2022-02-01,2022-02-28,Metro,"Orlando, FL metro area",302,-29.85,118,-49.82,3.51,-0.48,1.47,-0.71
2026-09-03,Monthly,2022-02-01,2022-02-28,Metro,"Philadelphia, PA metro area",570,6.81,236,3.38,6.95,0.33,2.89,0.04
2026-09-03,Monthly,2022-02-01,2022-02-28,Metro,"Phoenix, AZ metro area",665,15.98,253,-22.97,3.54,0.53,1.33,-0.35
2026-09-03,Monthly,2022-02-01,2022-02-28,Metro,"Pittsburgh, PA metro area",247,-17.36,100,-11.01,2.74,-0.48,1.1,-0.07
2026-09-03,Monthly,2022-02-01,2022-02-28,Metro,"Portland, OR metro area",186,-43.24,99,-13.58,2.62,-1.78,1.42,-0.14
2026-09-03,Monthly,2022-02-01,2022-02-28,Metro,"Providence, RI metro area",145,-15.48,69,-23.21,3.58,0.25,1.73,-0.04
2026-09-03,Monthly,2022-02-01,2022-02-28,Metro,"Riverside, CA metro area",715,53.71,237,-4.53,5.03,2,1.61,0.04
2026-09-03,Monthly,2022-02-01,2022-02-28,Metro,"Sacramento, CA metro area",181,-22.53,92,-17.78,3.33,-1.03,1.69,-0.4
2026-09-03,Monthly,2022-02-01,2022-02-28,Metro,"San Antonio, TX metro area",287,1.53,109,-10.07,3.12,-0.08,1.01,-0.23
2026-09-03,Monthly,2022-02-01,2022-02-28,Metro,"San Diego, CA metro area",165,-23.1,62,-47.76,3.05,0.17,1.03,-0.6
2026-09-03,Monthly,2022-02-01,2022-02-28,Metro,"San Francisco, CA metro area",182,-53.98,107,-10.4,5.95,-4.73,3.43,0.27
2026-09-03,Monthly,2022-02-01,2022-02-28,Metro,"San Jose, CA metro area",78,-56.28,39,-54.15,2.64,-1.94,1.41,-0.88
2026-09-03,Monthly,2022-02-01,2022-02-28,Metro,"Seattle, WA metro area",269,-26.32,88,-47.84,3.79,-0.48,1.25,-0.75
2026-09-03,Monthly,2022-02-01,2022-02-28,Metro,"St. Louis, MO metro area",282,-23.64,94,-24.8,3.28,-0.73,1.24,-0.17
2026-09-03,Monthly,2022-02-01,2022-02-28,Metro,"Tampa, FL metro area",305,-26.22,143,-32.14,2.72,-0.22,1.29,-0.23
2026-09-03,Monthly,2022-02-01,2022-02-28,Metro,"Virginia Beach, VA metro area",153,-21.48,72,39.21,2.34,-0.21,1.11,0.38
2026-09-03,Monthly,2022-02-01,2022-02-28,Metro,"Warren, MI metro area",306,-8.56,144,10.5,3.87,-0.16,1.84,0.26
2026-09-03,Monthly,2022-02-01,2022-02-28,Metro,"Washington, DC metro area",721,0.54,338,22.67,4.52,0.44,2.14,0.54
2026-09-03,Monthly,2022-02-01,2022-02-28,Metro,"West Palm Beach, FL metro area",383,-42.68,181,-45.01,4.23,-0.71,2.07,-0.41
2026-09-03,Monthly,2022-01-01,2022-01-31,Metro,"Anaheim, CA metro area",168,-45.24,71,-56.58,3.16,-0.31,1.31,-0.52
2026-09-03,Monthly,2022-01-01,2022-01-31,Metro,"Atlanta, GA metro area",1760,2.87,370,-17.43,6.43,0.21,1.33,-0.27
2026-09-03,Monthly,2022-01-01,2022-01-31,Metro,"Austin, TX metro area",219,-7.52,91,-7.3,2.78,-0.25,1.22,-0.12
2026-09-03,Monthly,2022-01-01,2022-01-31,Metro,"Baltimore, MD metro area",371,-11.25,188,-21.82,4.04,-0.03,2,-0.27
2026-09-03,Monthly,2022-01-01,2022-01-31,Metro,"Boston, MA metro area",515,-21.34,232,-35.93,5.73,0.38,2.57,-0.28
2026-09-03,Monthly,2022-01-01,2022-01-31,Metro,"Charlotte, NC metro area",225,-26.59,80,-43.23,2.39,-0.07,0.83,-0.26
2026-09-03,Monthly,2022-01-01,2022-01-31,Metro,"Chicago, IL metro area",1459,-11.99,660,-23.96,5.22,-0.21,2.29,-0.39
2026-09-03,Monthly,2022-01-01,2022-01-31,Metro,"Cincinnati, OH metro area",205,-21.44,93,-6.67,2.69,-0.46,1.14,0
2026-09-03,Monthly,2022-01-01,2022-01-31,Metro,"Cleveland, OH metro area",274,-4.94,139,50.18,4.07,0.07,1.94,0.79
2026-09-03,Monthly,2022-01-01,2022-01-31,Metro,"Columbus, OH metro area",149,-11.29,72,-27.05,2.15,-0.19,1.05,-0.32
2026-09-03,Monthly,2022-01-01,2022-01-31,Metro,"Dallas, TX metro area",515,-21.71,186,-49.13,4.29,0.16,1.57,-0.74
2026-09-03,Monthly,2022-01-01,2022-01-31,Metro,"Denver, CO metro area",183,-25.37,83,-46.54,2.42,-0.12,1.09,-0.53
2026-09-03,Monthly,2022-01-01,2022-01-31,Metro,"Detroit, MI metro area",348,32.48,106,-16,6.24,1.34,1.87,-0.39
2026-09-03,Monthly,2022-01-01,2022-01-31,Metro,"Fort Lauderdale, FL metro area",595,-35.07,248,-28.41,4.96,-0.42,2.18,0.18
2026-09-03,Monthly,2022-01-01,2022-01-31,Metro,"Fort Worth, TX metro area",191,-18.87,72,-46.58,3.06,-0.15,1.2,-0.71
2026-09-03,Monthly,2022-01-01,2022-01-31,Metro,"Houston, TX metro area",1235,-7.82,497,-23.96,4.46,-0.11,1.94,-0.38
2026-09-03,Monthly,2022-01-01,2022-01-31,Metro,"Indianapolis, IN metro area",204,-39.48,109,-29.86,3.54,-1.93,1.88,-0.67
2026-09-03,Monthly,2022-01-01,2022-01-31,Metro,"Jacksonville, FL metro area",220,-26.4,65,-40.59,2.43,-0.68,0.82,-0.39
2026-09-03,Monthly,2022-01-01,2022-01-31,Metro,"Kansas City, MO metro area",169,-32.5,96,15.2,2.53,-0.48,1.26,0.25
2026-09-03,Monthly,2022-01-01,2022-01-31,Metro,"Las Vegas, NV metro area",325,-27.08,213,-8.32,3.44,-0.37,2.32,0.27
2026-09-03,Monthly,2022-01-01,2022-01-31,Metro,"Los Angeles, CA metro area",715,-36,354,-29.69,4.06,-0.76,2.05,-0.2
2026-09-03,Monthly,2022-01-01,2022-01-31,Metro,"Miami, FL metro area",1063,-19.72,523,-17.6,7.51,0.44,3.69,0.26
2026-09-03,Monthly,2022-01-01,2022-01-31,Metro,"Milwaukee, WI metro area",150,11.09,57,-4.51,3.69,0.34,0.98,-0.02
2026-09-03,Monthly,2022-01-01,2022-01-31,Metro,"Minneapolis, MN metro area",327,-26.48,172,-19.82,2.96,-0.65,1.47,-0.22
2026-09-03,Monthly,2022-01-01,2022-01-31,Metro,"Montgomery County, PA metro area",190,-29.45,69,-41.26,3.68,-0.53,1.39,-0.52
2026-09-03,Monthly,2022-01-01,2022-01-31,Metro,"Nashville, TN metro area",255,-47.32,64,-70.36,3.07,-1.21,1,-0.99
2026-09-03,Monthly,2022-01-01,2022-01-31,Metro,"Nassau County, NY metro area",425,-28.73,205,-27.96,5.25,-0.21,2.52,-0.04
2026-09-03,Monthly,2022-01-01,2022-01-31,Metro,"New Brunswick, NJ metro area",449,-37.33,179,-37.14,4.3,-1.79,1.72,-0.72
2026-09-03,Monthly,2022-01-01,2022-01-31,Metro,"New York, NY metro area",2251,-40.53,893,-8.36,7.08,-0.58,2.83,0.79
2026-09-03,Monthly,2022-01-01,2022-01-31,Metro,"Newark, NJ metro area",460,-23.87,240,-25.44,4.42,-0.27,2.26,-0.3
2026-09-03,Monthly,2022-01-01,2022-01-31,Metro,"Oakland, CA metro area",165,-39.67,93,-8.71,3.66,-1.26,2.1,0.17
2026-09-03,Monthly,2022-01-01,2022-01-31,Metro,"Orlando, FL metro area",300,-42.31,141,-37.52,3.35,-1.02,1.69,-0.21
2026-09-03,Monthly,2022-01-01,2022-01-31,Metro,"Philadelphia, PA metro area",476,-8.6,238,-4.5,5.92,-0.32,2.92,-0.04
2026-09-03,Monthly,2022-01-01,2022-01-31,Metro,"Phoenix, AZ metro area",644,8.67,259,-23.5,3.38,0.35,1.34,-0.37
2026-09-03,Monthly,2022-01-01,2022-01-31,Metro,"Pittsburgh, PA metro area",246,-12.52,84,-37.76,2.65,-0.15,1,-0.37
2026-09-03,Monthly,2022-01-01,2022-01-31,Metro,"Portland, OR metro area",180,-10.51,95,-26.5,2.7,0.08,1.45,-0.23
2026-09-03,Monthly,2022-01-01,2022-01-31,Metro,"Providence, RI metro area",144,-22.6,77,-21.47,3.41,0.06,1.87,0.05
2026-09-03,Monthly,2022-01-01,2022-01-31,Metro,"Riverside, CA metro area",474,-7.44,227,-12.79,3.37,0.14,1.53,-0.02
2026-09-03,Monthly,2022-01-01,2022-01-31,Metro,"Sacramento, CA metro area",163,-36.02,116,14.75,3.19,-1.55,2.29,0.39
2026-09-03,Monthly,2022-01-01,2022-01-31,Metro,"San Antonio, TX metro area",331,15.78,103,-36.21,3.35,0.4,0.94,-0.66
2026-09-03,Monthly,2022-01-01,2022-01-31,Metro,"San Diego, CA metro area",138,-37.05,77,-33.66,2.38,-0.78,1.37,-0.2
2026-09-03,Monthly,2022-01-01,2022-01-31,Metro,"San Francisco, CA metro area",220,-29.21,82,-33.23,7.72,-0.07,2.76,-0.3
2026-09-03,Monthly,2022-01-01,2022-01-31,Metro,"San Jose, CA metro area",87,-48.75,53,-42.46,3.28,-0.83,2.1,-0.26
2026-09-03,Monthly,2022-01-01,2022-01-31,Metro,"Seattle, WA metro area",224,-38.49,87,-51.67,3.75,-0.37,1.43,-0.6
2026-09-03,Monthly,2022-01-01,2022-01-31,Metro,"St. Louis, MO metro area",296,-22.18,129,-12.5,3.43,-0.55,1.64,0.09
2026-09-03,Monthly,2022-01-01,2022-01-31,Metro,"Tampa, FL metro area",352,-25.09,159,-29.9,3.02,-0.17,1.36,-0.19
2026-09-03,Monthly,2022-01-01,2022-01-31,Metro,"Virginia Beach, VA metro area",157,-21.28,68,-31.58,2.37,-0.14,1.01,-0.24
2026-09-03,Monthly,2022-01-01,2022-01-31,Metro,"Warren, MI metro area",309,5.14,130,-26.19,3.86,0.46,1.64,-0.4
2026-09-03,Monthly,2022-01-01,2022-01-31,Metro,"Washington, DC metro area",688,-4.08,309,-14.75,4.42,0.43,2,-0.05
2026-09-03,Monthly,2022-01-01,2022-01-31,Metro,"West Palm Beach, FL metro area",424,-39.15,164,-45.69,4.55,-0.37,1.82,-0.35
2026-09-03,Monthly,2021-12-01,2021-12-31,Metro,"Anaheim, CA metro area",132,-54.29,96,-57.28,2.4,-0.73,1.73,-0.72
2026-09-03,Monthly,2021-12-01,2021-12-31,Metro,"Atlanta, GA metro area",1456,-19.7,464,-30.81,5.48,-0.97,1.72,-0.66
2026-09-03,Monthly,2021-12-01,2021-12-31,Metro,"Austin, TX metro area",207,19.4,163,-1.11,2.32,0.38,1.69,-0.08
2026-09-03,Monthly,2021-12-01,2021-12-31,Metro,"Baltimore, MD metro area",378,-10.72,223,0.98,3.98,-0.11,2.3,0.23
2026-09-03,Monthly,2021-12-01,2021-12-31,Metro,"Boston, MA metro area",393,-42.6,306,-2.59,4.52,-1.08,3.29,0.84
2026-09-03,Monthly,2021-12-01,2021-12-31,Metro,"Charlotte, NC metro area",160,-37.01,110,-26.96,2.96,-0.01,0.98,-0.15
2026-09-03,Monthly,2021-12-01,2021-12-31,Metro,"Chicago, IL metro area",1445,-12.61,672,-15.56,5.42,-0.09,2.41,-0.13
2026-09-03,Monthly,2021-12-01,2021-12-31,Metro,"Cincinnati, OH metro area",208,-7.02,74,-45.27,2.6,-0.03,0.93,-0.63
2026-09-03,Monthly,2021-12-01,2021-12-31,Metro,"Cleveland, OH metro area",258,12.66,119,-14.97,3.7,0.61,1.73,-0.16
2026-09-03,Monthly,2021-12-01,2021-12-31,Metro,"Columbus, OH metro area",109,-30.36,95,0.93,1.62,-0.54,1.34,0.07
2026-09-03,Monthly,2021-12-01,2021-12-31,Metro,"Dallas, TX metro area",334,-44.39,299,-36.21,2.66,-1.01,2.24,-0.52
2026-09-03,Monthly,2021-12-01,2021-12-31,Metro,"Denver, CO metro area",163,-35.13,101,-51.65,2.15,-0.57,1.3,-0.86
2026-09-03,Monthly,2021-12-01,2021-12-31,Metro,"Detroit, MI metro area",392,62.67,82,-25.38,6.69,2.23,1.57,-0.73
2026-09-03,Monthly,2021-12-01,2021-12-31,Metro,"Fort Lauderdale, FL metro area",648,-30.57,303,-21.15,5.13,-0.13,2.32,0.17
2026-09-03,Monthly,2021-12-01,2021-12-31,Metro,"Fort Worth, TX metro area",132,-43.72,117,-21.88,2.07,-1.04,1.88,-0.17
2026-09-03,Monthly,2021-12-01,2021-12-31,Metro,"Houston, TX metro area",952,-26.94,546,-14.07,4,-0.67,2.16,-0.08
2026-09-03,Monthly,2021-12-01,2021-12-31,Metro,"Indianapolis, IN metro area",207,-32.83,147,-9.21,3.61,-1.28,2.64,0
2026-09-03,Monthly,2021-12-01,2021-12-31,Metro,"Jacksonville, FL metro area",166,-27.57,128,-26.91,1.9,-0.63,1.3,-0.44
2026-09-03,Monthly,2021-12-01,2021-12-31,Metro,"Kansas City, MO metro area",233,27.64,111,-18.61,3.22,0.82,1.41,-0.23
2026-09-03,Monthly,2021-12-01,2021-12-31,Metro,"Las Vegas, NV metro area",362,-29.47,237,-9.24,3.76,-0.42,2.53,0.34
2026-09-03,Monthly,2021-12-01,2021-12-31,Metro,"Los Angeles, CA metro area",693,-40.89,433,-25.09,3.91,-1.02,2.45,-0.03
2026-09-03,Monthly,2021-12-01,2021-12-31,Metro,"Miami, FL metro area",1011,-29.9,534,-14.74,6.71,-1.04,3.49,0.22
2026-09-03,Monthly,2021-12-01,2021-12-31,Metro,"Milwaukee, WI metro area",130,-12.78,58,-30.5,3.19,-0.87,0.91,-0.41
2026-09-03,Monthly,2021-12-01,2021-12-31,Metro,"Minneapolis, MN metro area",333,-18.63,172,-32.46,3,-0.31,1.47,-0.51
2026-09-03,Monthly,2021-12-01,2021-12-31,Metro,"Montgomery County, PA metro area",191,13.95,108,-33.08,3.82,1.18,2.03,-0.51
2026-09-03,Monthly,2021-12-01,2021-12-31,Metro,"Nashville, TN metro area",256,-43.27,147,-42.4,3.11,-0.69,1.36,-0.77
2026-09-03,Monthly,2021-12-01,2021-12-31,Metro,"Nassau County, NY metro area",468,-24.52,265,-13.86,5.52,0.03,3.15,0.45
2026-09-03,Monthly,2021-12-01,2021-12-31,Metro,"New Brunswick, NJ metro area",433,-27.85,250,-24.37,4,-0.79,2.32,-0.34
2026-09-03,Monthly,2021-12-01,2021-12-31,Metro,"New York, NY metro area",2229,-24.28,950,-6.49,6.88,0.88,2.97,0.91
2026-09-03,Monthly,2021-12-01,2021-12-31,Metro,"Newark, NJ metro area",458,-27.13,278,-29.01,4.04,-0.46,2.53,-0.41
2026-09-03,Monthly,2021-12-01,2021-12-31,Metro,"Oakland, CA metro area",166,-28.21,120,-17.8,3.91,-0.2,2.9,0.22
2026-09-03,Monthly,2021-12-01,2021-12-31,Metro,"Orlando, FL metro area",304,-36.98,201,-16.5,3.33,-0.59,1.98,0.08
2026-09-03,Monthly,2021-12-01,2021-12-31,Metro,"Philadelphia, PA metro area",515,-8.75,225,-15,6.25,-0.51,2.68,-0.4
2026-09-03,Monthly,2021-12-01,2021-12-31,Metro,"Phoenix, AZ metro area",585,2.93,406,-15.63,3.01,0.28,1.92,-0.13
2026-09-03,Monthly,2021-12-01,2021-12-31,Metro,"Pittsburgh, PA metro area",266,-12.87,123,81.55,2.82,-0.32,1.42,0.67
2026-09-03,Monthly,2021-12-01,2021-12-31,Metro,"Portland, OR metro area",181,-18.05,121,-20.33,2.75,-0.1,1.89,-0.15
2026-09-03,Monthly,2021-12-01,2021-12-31,Metro,"Providence, RI metro area",153,-14.52,101,-12.42,3.43,0.18,2.31,0.19
2026-09-03,Monthly,2021-12-01,2021-12-31,Metro,"Riverside, CA metro area",460,9.34,248,-28.5,3.25,0.71,1.82,-0.25
2026-09-03,Monthly,2021-12-01,2021-12-31,Metro,"Sacramento, CA metro area",170,-18.98,151,3.08,3.43,-0.31,3.04,0.42
2026-09-03,Monthly,2021-12-01,2021-12-31,Metro,"San Antonio, TX metro area",253,-10.27,142,-8.08,2.77,-0.07,1.53,-0.05
2026-09-03,Monthly,2021-12-01,2021-12-31,Metro,"San Diego, CA metro area",141,-30.51,107,-38.93,2.58,-0.08,1.99,-0.3
2026-09-03,Monthly,2021-12-01,2021-12-31,Metro,"San Francisco, CA metro area",159,-39.92,115,-27.75,5.83,-0.28,4.1,0.5
2026-09-03,Monthly,2021-12-01,2021-12-31,Metro,"San Jose, CA metro area",75,-54.29,64,-36.62,3.13,-0.89,2.79,0.23
2026-09-03,Monthly,2021-12-01,2021-12-31,Metro,"Seattle, WA metro area",148,-58.93,136,-35.65,2.69,-1.34,2.71,0.19
2026-09-03,Monthly,2021-12-01,2021-12-31,Metro,"St. Louis, MO metro area",289,-17.56,127,-43.3,3.26,-0.09,1.57,-0.79
2026-09-03,Monthly,2021-12-01,2021-12-31,Metro,"Tampa, FL metro area",337,-23.57,190,-26.08,2.79,-0.1,1.58,-0.1
2026-09-03,Monthly,2021-12-01,2021-12-31,Metro,"Virginia Beach, VA metro area",176,0.54,86,-23.41,2.47,0.32,1.27,-0.14
2026-09-03,Monthly,2021-12-01,2021-12-31,Metro,"Warren, MI metro area",605,118.01,130,-34.65,7.03,3.88,1.54,-0.76
2026-09-03,Monthly,2021-12-01,2021-12-31,Metro,"Washington, DC metro area",661,-13.86,327,-23.2,3.99,-0.27,1.98,-0.41
2026-09-03,Monthly,2021-12-01,2021-12-31,Metro,"West Palm Beach, FL metro area",388,-44.68,215,-38.88,4.16,-0.57,2.3,-0.05
2026-09-03,Monthly,2021-11-01,2021-11-30,Metro,"Anaheim, CA metro area",138,-55.93,129,-27.99,2.28,-1.15,2.15,0.2
2026-09-03,Monthly,2021-11-01,2021-11-30,Metro,"Atlanta, GA metro area",1528,-14.74,438,-18.87,5.66,-0.49,1.59,-0.26
2026-09-03,Monthly,2021-11-01,2021-11-30,Metro,"Austin, TX metro area",243,18.36,185,36.56,2.45,0.17,1.83,0.37
2026-09-03,Monthly,2021-11-01,2021-11-30,Metro,"Baltimore, MD metro area",419,-1.18,227,-22.99,4.13,0.16,2.25,-0.47
2026-09-03,Monthly,2021-11-01,2021-11-30,Metro,"Boston, MA metro area",500,-21.55,326,-4.92,4.94,-0.09,3.23,0.55
2026-09-03,Monthly,2021-11-01,2021-11-30,Metro,"Charlotte, NC metro area",171,-29.43,100,-40.12,2.71,-0.11,0.94,-0.31
2026-09-03,Monthly,2021-11-01,2021-11-30,Metro,"Chicago, IL metro area",1567,-7.33,709,-16.11,5.62,0.11,2.49,-0.22
2026-09-03,Monthly,2021-11-01,2021-11-30,Metro,"Cincinnati, OH metro area",235,-5.67,106,-0.04,2.79,-0.03,1.27,0.08
2026-09-03,Monthly,2021-11-01,2021-11-30,Metro,"Cleveland, OH metro area",282,5.8,119,-20.08,3.71,0.26,1.61,-0.39
2026-09-03,Monthly,2021-11-01,2021-11-30,Metro,"Columbus, OH metro area",175,4.45,83,-17.59,2.3,0.15,1.11,-0.17
2026-09-03,Monthly,2021-11-01,2021-11-30,Metro,"Dallas, TX metro area",434,-36.54,301,-39.75,3.03,-0.88,2.15,-0.73
2026-09-03,Monthly,2021-11-01,2021-11-30,Metro,"Denver, CO metro area",195,-28.72,99,-47.31,2.3,-0.56,1.23,-0.76
2026-09-03,Monthly,2021-11-01,2021-11-30,Metro,"Detroit, MI metro area",341,15.32,92,-29.1,5.55,0.3,1.54,-0.83
2026-09-03,Monthly,2021-11-01,2021-11-30,Metro,"Fort Lauderdale, FL metro area",663,-24.93,295,-22.44,5.04,0.18,2.25,0.16
2026-09-03,Monthly,2021-11-01,2021-11-30,Metro,"Fort Worth, TX metro area",195,-23.65,98,-33.05,2.83,-0.5,1.38,-0.48
2026-09-03,Monthly,2021-11-01,2021-11-30,Metro,"Houston, TX metro area",1093,-18.29,512,-26.68,4.14,-0.45,1.94,-0.5
2026-09-03,Monthly,2021-11-01,2021-11-30,Metro,"Indianapolis, IN metro area",200,-41.22,118,-41.65,3.34,-2.03,1.95,-1.18
2026-09-03,Monthly,2021-11-01,2021-11-30,Metro,"Jacksonville, FL metro area",209,-14.55,112,-32.44,2.3,-0.29,1.09,-0.55
2026-09-03,Monthly,2021-11-01,2021-11-30,Metro,"Kansas City, MO metro area",213,6.58,99,-17.04,2.78,0.13,1.22,-0.19
2026-09-03,Monthly,2021-11-01,2021-11-30,Metro,"Las Vegas, NV metro area",365,-25.09,225,-26.49,3.61,-0.22,2.22,-0.27
2026-09-03,Monthly,2021-11-01,2021-11-30,Metro,"Los Angeles, CA metro area",741,-44.66,417,-25.68,3.94,-1.79,2.25,-0.21
2026-09-03,Monthly,2021-11-01,2021-11-30,Metro,"Miami, FL metro area",1082,-18.91,579,-8.34,7.36,0.35,3.66,0.4
2026-09-03,Monthly,2021-11-01,2021-11-30,Metro,"Milwaukee, WI metro area",147,0.06,64,2.56,3.44,-0.17,1,0
2026-09-03,Monthly,2021-11-01,2021-11-30,Metro,"Minneapolis, MN metro area",337,-18.97,179,-22.4,2.71,-0.49,1.48,-0.31
2026-09-03,Monthly,2021-11-01,2021-11-30,Metro,"Montgomery County, PA metro area",256,6.57,130,3.57,4.12,0.46,2.2,0.33
2026-09-03,Monthly,2021-11-01,2021-11-30,Metro,"Nashville, TN metro area",281,-46.85,141,-47.87,3.62,-0.81,1.32,-0.88
2026-09-03,Monthly,2021-11-01,2021-11-30,Metro,"Nassau County, NY metro area",494,-20.51,240,-30.17,5.61,0.13,2.69,-0.3
2026-09-03,Monthly,2021-11-01,2021-11-30,Metro,"New Brunswick, NJ metro area",573,-6.3,234,-36.69,4.92,0.27,2.06,-0.81
2026-09-03,Monthly,2021-11-01,2021-11-30,Metro,"New York, NY metro area",2372,-7.21,1018,5.38,7.12,1.87,3.02,1.05
2026-09-03,Monthly,2021-11-01,2021-11-30,Metro,"Newark, NJ metro area",443,-26.25,285,-26.62,4.16,-0.15,2.74,0.06
2026-09-03,Monthly,2021-11-01,2021-11-30,Metro,"Oakland, CA metro area",200,-12.48,91,-33.74,4.19,0.04,1.95,-0.62
2026-09-03,Monthly,2021-11-01,2021-11-30,Metro,"Orlando, FL metro area",327,-27.2,187,-27.78,3.48,-0.05,1.86,-0.13
2026-09-03,Monthly,2021-11-01,2021-11-30,Metro,"Philadelphia, PA metro area",521,-10.14,222,-11.46,6.09,-0.66,2.54,-0.33
2026-09-03,Monthly,2021-11-01,2021-11-30,Metro,"Phoenix, AZ metro area",598,-3.99,296,-22.36,2.96,0.1,1.46,-0.29
2026-09-03,Monthly,2021-11-01,2021-11-30,Metro,"Pittsburgh, PA metro area",246,-11.39,107,-4.24,2.63,-0.08,1.06,-0.01
2026-09-03,Monthly,2021-11-01,2021-11-30,Metro,"Portland, OR metro area",192,-21.26,134,-17.05,2.62,-0.49,1.86,-0.22
2026-09-03,Monthly,2021-11-01,2021-11-30,Metro,"Providence, RI metro area",186,0.63,107,3.72,3.78,0.53,2.17,0.37
2026-09-03,Monthly,2021-11-01,2021-11-30,Metro,"Riverside, CA metro area",502,-3.52,225,-27.57,3.31,0.26,1.57,-0.34
2026-09-03,Monthly,2021-11-01,2021-11-30,Metro,"Sacramento, CA metro area",194,-10.07,139,-6.48,3.62,-0.06,2.61,0
2026-09-03,Monthly,2021-11-01,2021-11-30,Metro,"San Antonio, TX metro area",264,-1.61,168,-8.94,2.62,-0.06,1.68,-0.1
2026-09-03,Monthly,2021-11-01,2021-11-30,Metro,"San Diego, CA metro area",174,-13.43,100,-28.18,3,0.48,1.67,-0.14
2026-09-03,Monthly,2021-11-01,2021-11-30,Metro,"San Francisco, CA metro area",180,-39.44,128,2.95,6.19,-1.21,4.13,1.21
2026-09-03,Monthly,2021-11-01,2021-11-30,Metro,"San Jose, CA metro area",95,-61.61,63,-37.08,3.65,-2.91,2.45,-0.2
2026-09-03,Monthly,2021-11-01,2021-11-30,Metro,"Seattle, WA metro area",153,-54.69,176,10.03,2.5,-1.39,3.04,1.1
2026-09-03,Monthly,2021-11-01,2021-11-30,Metro,"St. Louis, MO metro area",315,-13.4,118,-38.79,3.54,0.27,1.36,-0.56
2026-09-03,Monthly,2021-11-01,2021-11-30,Metro,"Tampa, FL metro area",361,-28.9,168,-35.1,2.93,-0.3,1.32,-0.33
2026-09-03,Monthly,2021-11-01,2021-11-30,Metro,"Virginia Beach, VA metro area",204,15.23,89,-24.1,2.63,0.56,1.08,-0.28
2026-09-03,Monthly,2021-11-01,2021-11-30,Metro,"Warren, MI metro area",383,18.32,148,-34,4.32,0.82,1.67,-0.78
2026-09-03,Monthly,2021-11-01,2021-11-30,Metro,"Washington, DC metro area",708,-0.74,405,3.33,4.04,0.03,2.33,0.1
2026-09-03,Monthly,2021-11-01,2021-11-30,Metro,"West Palm Beach, FL metro area",445,-35.09,189,-44.55,4.52,-0.02,1.92,-0.29
2026-09-03,Monthly,2021-10-01,2021-10-31,Metro,"Anaheim, CA metro area",155,-52.04,127,-38.95,2.43,-0.95,2.02,-0.22
2026-09-03,Monthly,2021-10-01,2021-10-31,Metro,"Atlanta, GA metro area",1369,-29.75,427,-25.38,5.17,-1.27,1.56,-0.3
2026-09-03,Monthly,2021-10-01,2021-10-31,Metro,"Austin, TX metro area",257,14.55,124,-35.54,2.61,0.28,1.26,-0.75
2026-09-03,Monthly,2021-10-01,2021-10-31,Metro,"Baltimore, MD metro area",485,8.37,217,-24.03,4.51,0.5,2.08,-0.54
2026-09-03,Monthly,2021-10-01,2021-10-31,Metro,"Boston, MA metro area",551,-17.56,295,-19.97,5.21,0.11,2.8,-0.05
2026-09-03,Monthly,2021-10-01,2021-10-31,Metro,"Charlotte, NC metro area",195,-33.48,126,-18.17,2.43,-0.43,1.39,0.17
2026-09-03,Monthly,2021-10-01,2021-10-31,Metro,"Chicago, IL metro area",1693,4.69,635,-30.87,5.82,0.6,2.2,-0.83
2026-09-03,Monthly,2021-10-01,2021-10-31,Metro,"Cincinnati, OH metro area",242,-3.53,108,-6.57,2.76,0.02,1.27,-0.05
2026-09-03,Monthly,2021-10-01,2021-10-31,Metro,"Cleveland, OH metro area",306,3.13,129,-19.4,3.93,0.26,1.65,-0.4
2026-09-03,Monthly,2021-10-01,2021-10-31,Metro,"Columbus, OH metro area",180,13.57,78,-20.92,2.32,0.37,1.01,-0.23
2026-09-03,Monthly,2021-10-01,2021-10-31,Metro,"Dallas, TX metro area",501,-35.41,263,-46.5,3.4,-0.79,1.78,-0.89
2026-09-03,Monthly,2021-10-01,2021-10-31,Metro,"Denver, CO metro area",193,-47.01,111,-45.73,2.11,-1.38,1.31,-0.75
2026-09-03,Monthly,2021-10-01,2021-10-31,Metro,"Detroit, MI metro area",345,20.07,99,-15.09,5.71,0.92,1.63,-0.34
2026-09-03,Monthly,2021-10-01,2021-10-31,Metro,"Fort Lauderdale, FL metro area",744,-13.31,306,-24.09,5.39,0.78,2.23,0.06
2026-09-03,Monthly,2021-10-01,2021-10-31,Metro,"Fort Worth, TX metro area",216,-16.76,101,-43.96,3.02,-0.17,1.37,-0.81
2026-09-03,Monthly,2021-10-01,2021-10-31,Metro,"Houston, TX metro area",1066,-22.8,519,-24.06,4.09,-0.68,1.95,-0.39
2026-09-03,Monthly,2021-10-01,2021-10-31,Metro,"Indianapolis, IN metro area",226,-41.13,125,-24.95,3.75,-2.14,2.01,-0.44
2026-09-03,Monthly,2021-10-01,2021-10-31,Metro,"Jacksonville, FL metro area",218,-22.65,117,-32.86,2.31,-0.55,1.2,-0.5
2026-09-03,Monthly,2021-10-01,2021-10-31,Metro,"Kansas City, MO metro area",250,29.39,93,-26.18,3.02,0.51,1.08,-0.37
2026-09-03,Monthly,2021-10-01,2021-10-31,Metro,"Las Vegas, NV metro area",370,-30.69,236,-14.7,3.58,-0.63,2.23,0.07
2026-09-03,Monthly,2021-10-01,2021-10-31,Metro,"Los Angeles, CA metro area",814,-31.83,428,-27.34,4.19,-0.99,2.22,-0.36
2026-09-03,Monthly,2021-10-01,2021-10-31,Metro,"Miami, FL metro area",1114,-18.1,570,-7.16,7.14,0.5,3.46,0.35
2026-09-03,Monthly,2021-10-01,2021-10-31,Metro,"Milwaukee, WI metro area",165,18.77,62,-0.41,3.18,0.63,0.94,-0.03
2026-09-03,Monthly,2021-10-01,2021-10-31,Metro,"Minneapolis, MN metro area",381,-13.11,177,-30.42,2.91,-0.24,1.45,-0.46
2026-09-03,Monthly,2021-10-01,2021-10-31,Metro,"Montgomery County, PA metro area",233,-9.1,106,-32.73,3.93,0.28,1.71,-0.45
2026-09-03,Monthly,2021-10-01,2021-10-31,Metro,"Nashville, TN metro area",316,-64.39,142,-47.16,3.95,-2.99,1.43,-0.7
2026-09-03,Monthly,2021-10-01,2021-10-31,Metro,"Nassau County, NY metro area",545,-12.24,250,-37.38,5.9,0.54,2.72,-0.65
2026-09-03,Monthly,2021-10-01,2021-10-31,Metro,"New Brunswick, NJ metro area",578,-10.85,246,-36.21,4.88,0.18,2.11,-0.73
2026-09-03,Monthly,2021-10-01,2021-10-31,Metro,"New York, NY metro area",2501,1.16,1051,3.52,7.24,2.13,3.11,1.02
2026-09-03,Monthly,2021-10-01,2021-10-31,Metro,"Newark, NJ metro area",575,-11.04,302,-25.57,5.16,0.47,2.69,-0.26
2026-09-03,Monthly,2021-10-01,2021-10-31,Metro,"Oakland, CA metro area",228,6.4,118,11.2,4.4,0.43,2.34,0.33
2026-09-03,Monthly,2021-10-01,2021-10-31,Metro,"Orlando, FL metro area",344,-31.75,201,-28.91,3.37,-0.38,1.94,-0.2
2026-09-03,Monthly,2021-10-01,2021-10-31,Metro,"Philadelphia, PA metro area",570,9.02,210,-13.52,6.5,0.55,2.42,-0.33
2026-09-03,Monthly,2021-10-01,2021-10-31,Metro,"Phoenix, AZ metro area",631,-5.06,267,-35.37,3.05,0.17,1.32,-0.5
2026-09-03,Monthly,2021-10-01,2021-10-31,Metro,"Pittsburgh, PA metro area",299,11.45,99,1.83,3.07,0.47,1.02,0.03
2026-09-03,Monthly,2021-10-01,2021-10-31,Metro,"Portland, OR metro area",225,-1.98,131,-8.06,2.94,0.2,1.7,-0.04
2026-09-03,Monthly,2021-10-01,2021-10-31,Metro,"Providence, RI metro area",178,6.59,113,-29.21,3.5,0.63,2.22,-0.5
2026-09-03,Monthly,2021-10-01,2021-10-31,Metro,"Riverside, CA metro area",528,0.66,196,-38.46,3.41,0.41,1.3,-0.56
2026-09-03,Monthly,2021-10-01,2021-10-31,Metro,"Sacramento, CA metro area",237,17.06,138,-27.06,4.16,0.86,2.44,-0.66
2026-09-03,Monthly,2021-10-01,2021-10-31,Metro,"San Antonio, TX metro area",241,-22.62,108,-39.48,2.54,-0.36,1.17,-0.48
2026-09-03,Monthly,2021-10-01,2021-10-31,Metro,"San Diego, CA metro area",200,-17.85,95,-47.75,3.11,0.05,1.54,-0.73
2026-09-03,Monthly,2021-10-01,2021-10-31,Metro,"San Francisco, CA metro area",207,-34.13,116,-0.88,6.95,-1.29,3.77,0.94
2026-09-03,Monthly,2021-10-01,2021-10-31,Metro,"San Jose, CA metro area",105,-50.58,59,-27.23,3.6,-1.94,2.06,-0.07
2026-09-03,Monthly,2021-10-01,2021-10-31,Metro,"Seattle, WA metro area",193,-39.68,130,-32.74,2.88,-0.7,2.05,-0.22
2026-09-03,Monthly,2021-10-01,2021-10-31,Metro,"St. Louis, MO metro area",300,-27.19,133,-38.83,3.44,-0.44,1.42,-0.57
2026-09-03,Monthly,2021-10-01,2021-10-31,Metro,"Tampa, FL metro area",360,-27.46,197,-30.82,2.69,-0.38,1.46,-0.25
2026-09-03,Monthly,2021-10-01,2021-10-31,Metro,"Virginia Beach, VA metro area",215,23.61,95,-19.79,2.6,0.59,1.16,-0.1
2026-09-03,Monthly,2021-10-01,2021-10-31,Metro,"Warren, MI metro area",371,-0.68,122,-46.48,4.08,0.19,1.35,-1.05
2026-09-03,Monthly,2021-10-01,2021-10-31,Metro,"Washington, DC metro area",869,21.24,409,8.67,4.81,0.78,2.23,0.13
2026-09-03,Monthly,2021-10-01,2021-10-31,Metro,"West Palm Beach, FL metro area",446,-37.93,185,-48.74,4.39,-0.2,1.77,-0.47
2026-09-03,Monthly,2021-09-01,2021-09-30,Metro,"Anaheim, CA metro area",187,-40.55,111,-54.08,2.86,-0.43,1.72,-0.91
2026-09-03,Monthly,2021-09-01,2021-09-30,Metro,"Atlanta, GA metro area",1485,-30.18,414,-38.07,5.63,-1.14,1.54,-0.57
2026-09-03,Monthly,2021-09-01,2021-09-30,Metro,"Austin, TX metro area",295,38.51,135,-24.35,2.99,0.67,1.38,-0.63
2026-09-03,Monthly,2021-09-01,2021-09-30,Metro,"Baltimore, MD metro area",496,1.31,212,-29.36,4.54,0.13,1.99,-0.8
2026-09-03,Monthly,2021-09-01,2021-09-30,Metro,"Boston, MA metro area",590,-11.29,296,-8.24,5.37,0.13,2.79,0.18
2026-09-03,Monthly,2021-09-01,2021-09-30,Metro,"Charlotte, NC metro area",250,-24.54,105,-43.81,2.45,0.02,0.97,-0.38
2026-09-03,Monthly,2021-09-01,2021-09-30,Metro,"Chicago, IL metro area",1761,8.53,666,-31.52,5.96,0.76,2.32,-0.96
2026-09-03,Monthly,2021-09-01,2021-09-30,Metro,"Cincinnati, OH metro area",264,3.87,83,-31.29,2.97,0.17,0.96,-0.43
2026-09-03,Monthly,2021-09-01,2021-09-30,Metro,"Cleveland, OH metro area",321,17.37,119,-38.67,4.12,0.81,1.58,-0.8
2026-09-03,Monthly,2021-09-01,2021-09-30,Metro,"Columbus, OH metro area",172,-6.53,95,-21.2,2.12,-0.17,1.21,-0.34
2026-09-03,Monthly,2021-09-01,2021-09-30,Metro,"Dallas, TX metro area",528,-30.48,280,-48.38,3.5,-0.53,1.85,-1.03
2026-09-03,Monthly,2021-09-01,2021-09-30,Metro,"Denver, CO metro area",230,-33.91,94,-54.72,2.53,-0.76,1.13,-0.97
2026-09-03,Monthly,2021-09-01,2021-09-30,Metro,"Detroit, MI metro area",339,-3.1,95,-44.17,5.42,-0.26,1.54,-1.25
2026-09-03,Monthly,2021-09-01,2021-09-30,Metro,"Fort Lauderdale, FL metro area",727,-19.83,304,-34.23,5.14,0.27,2.18,-0.32
2026-09-03,Monthly,2021-09-01,2021-09-30,Metro,"Fort Worth, TX metro area",225,-26.84,113,-45.32,3.14,-0.47,1.53,-0.88
2026-09-03,Monthly,2021-09-01,2021-09-30,Metro,"Houston, TX metro area",1150,-15.58,536,-26.37,4.54,-0.28,2.01,-0.49
2026-09-03,Monthly,2021-09-01,2021-09-30,Metro,"Indianapolis, IN metro area",333,-59.1,139,7.34,5.63,-6.31,2.27,0.4
2026-09-03,Monthly,2021-09-01,2021-09-30,Metro,"Jacksonville, FL metro area",214,-27.42,131,-31.03,2.3,-0.58,1.37,-0.48
2026-09-03,Monthly,2021-09-01,2021-09-30,Metro,"Kansas City, MO metro area",244,18.73,93,-24.64,2.87,0.12,1.04,-0.41
2026-09-03,Monthly,2021-09-01,2021-09-30,Metro,"Las Vegas, NV metro area",391,-29.87,214,-35.18,3.81,-0.51,2.03,-0.5
2026-09-03,Monthly,2021-09-01,2021-09-30,Metro,"Los Angeles, CA metro area",929,-8.12,385,-42.86,4.75,0.24,1.96,-1.03
2026-09-03,Monthly,2021-09-01,2021-09-30,Metro,"Miami, FL metro area",1180,-15.43,540,-24.03,7.55,0.87,3.23,-0.3
2026-09-03,Monthly,2021-09-01,2021-09-30,Metro,"Milwaukee, WI metro area",172,23.78,56,-32.16,2.64,0.59,0.86,-0.46
2026-09-03,Monthly,2021-09-01,2021-09-30,Metro,"Minneapolis, MN metro area",371,-28.85,191,-23.71,2.88,-0.82,1.56,-0.29
2026-09-03,Monthly,2021-09-01,2021-09-30,Metro,"Montgomery County, PA metro area",249,-9.34,98,-31.43,3.98,0.22,1.48,-0.49
2026-09-03,Monthly,2021-09-01,2021-09-30,Metro,"Nashville, TN metro area",306,-42.76,131,-56.94,3.65,-0.59,1.39,-0.91
2026-09-03,Monthly,2021-09-01,2021-09-30,Metro,"Nassau County, NY metro area",530,-22.32,233,-34.61,5.68,-0.07,2.51,-0.47
2026-09-03,Monthly,2021-09-01,2021-09-30,Metro,"New Brunswick, NJ metro area",569,-24.46,226,-47.89,4.98,-0.55,1.94,-1.19
2026-09-03,Monthly,2021-09-01,2021-09-30,Metro,"New York, NY metro area",2671,8.93,948,-1.07,7.82,2.74,2.73,0.75
2026-09-03,Monthly,2021-09-01,2021-09-30,Metro,"Newark, NJ metro area",623,-6.82,287,-27.08,5.55,0.52,2.55,-0.31
2026-09-03,Monthly,2021-09-01,2021-09-30,Metro,"Oakland, CA metro area",222,9.15,87,-25.86,4.39,0.41,1.74,-0.57
2026-09-03,Monthly,2021-09-01,2021-09-30,Metro,"Orlando, FL metro area",319,-43.23,192,-34.68,3.02,-1.12,1.89,-0.38
2026-09-03,Monthly,2021-09-01,2021-09-30,Metro,"Philadelphia, PA metro area",550,-3.79,228,-3.66,6.42,-0.12,2.63,-0.06
2026-09-03,Monthly,2021-09-01,2021-09-30,Metro,"Phoenix, AZ metro area",692,0.65,261,-45.47,3.32,0.39,1.27,-0.82
2026-09-03,Monthly,2021-09-01,2021-09-30,Metro,"Pittsburgh, PA metro area",298,1.11,99,-17.33,3.07,0.34,1.12,-0.04
2026-09-03,Monthly,2021-09-01,2021-09-30,Metro,"Portland, OR metro area",209,-7.21,141,-9.01,2.66,-0.07,1.83,-0.1
2026-09-03,Monthly,2021-09-01,2021-09-30,Metro,"Providence, RI metro area",191,1.69,76,-46.29,3.85,0.55,1.5,-0.97
2026-09-03,Monthly,2021-09-01,2021-09-30,Metro,"Riverside, CA metro area",508,3.68,227,-40.37,3.28,0.45,1.52,-0.69
2026-09-03,Monthly,2021-09-01,2021-09-30,Metro,"Sacramento, CA metro area",247,9.09,111,-44.64,4.38,0.63,1.97,-1.41
2026-09-03,Monthly,2021-09-01,2021-09-30,Metro,"San Antonio, TX metro area",307,-2.63,133,-38.19,2.93,-0.07,1.41,-0.51
2026-09-03,Monthly,2021-09-01,2021-09-30,Metro,"San Diego, CA metro area",233,-43.27,111,-49.04,3.6,-1.35,1.71,-1.02
2026-09-03,Monthly,2021-09-01,2021-09-30,Metro,"San Francisco, CA metro area",180,-37.72,102,33.41,5.95,-1.43,3.21,1.37
2026-09-03,Monthly,2021-09-01,2021-09-30,Metro,"San Jose, CA metro area",101,-31.02,59,-24.5,3.39,-0.39,2.01,-0.07
2026-09-03,Monthly,2021-09-01,2021-09-30,Metro,"Seattle, WA metro area",239,-27.32,142,-20.44,3.38,-0.31,2.09,0.02
2026-09-03,Monthly,2021-09-01,2021-09-30,Metro,"St. Louis, MO metro area",312,-31.06,124,-47.35,3.71,-0.87,1.32,-0.85
2026-09-03,Monthly,2021-09-01,2021-09-30,Metro,"Tampa, FL metro area",413,-22.08,233,-30.98,2.94,-0.22,1.7,-0.33
2026-09-03,Monthly,2021-09-01,2021-09-30,Metro,"Virginia Beach, VA metro area",191,3.48,80,-43.69,2.31,0.14,0.88,-0.69
2026-09-03,Monthly,2021-09-01,2021-09-30,Metro,"Warren, MI metro area",407,0.25,136,-42.35,4.34,0.21,1.47,-0.95
2026-09-03,Monthly,2021-09-01,2021-09-30,Metro,"Washington, DC metro area",885,24.19,419,23.02,4.8,0.61,2.22,0.26
2026-09-03,Monthly,2021-09-01,2021-09-30,Metro,"West Palm Beach, FL metro area",452,-40.88,203,-49.67,4.36,-0.3,1.9,-0.54
2026-09-03,Monthly,2021-08-01,2021-08-31,Metro,"Anaheim, CA metro area",185,-42.17,111,-56.83,2.69,-0.76,1.65,-1.21
2026-09-03,Monthly,2021-08-01,2021-08-31,Metro,"Atlanta, GA metro area",1522,-31.34,441,-40.56,5.75,-0.96,1.63,-0.62
2026-09-03,Monthly,2021-08-01,2021-08-31,Metro,"Austin, TX metro area",259,-13.12,117,-41.51,2.75,-0.8,1.24,-1.11
2026-09-03,Monthly,2021-08-01,2021-08-31,Metro,"Baltimore, MD metro area",542,11.7,212,-32.19,4.76,0.41,1.95,-0.99
2026-09-03,Monthly,2021-08-01,2021-08-31,Metro,"Boston, MA metro area",580,-10.72,297,-38.78,5.34,0.5,2.85,-0.94
2026-09-03,Monthly,2021-08-01,2021-08-31,Metro,"Charlotte, NC metro area",218,-33.72,111,-40.7,1.93,-0.41,0.99,-0.36
2026-09-03,Monthly,2021-08-01,2021-08-31,Metro,"Chicago, IL metro area",1643,-1.78,682,-37.93,5.56,0.2,2.39,-1.4
2026-09-03,Monthly,2021-08-01,2021-08-31,Metro,"Cincinnati, OH metro area",288,34.44,97,-40.66,3.3,0.95,1.1,-0.74
2026-09-03,Monthly,2021-08-01,2021-08-31,Metro,"Cleveland, OH metro area",298,-11.21,100,-52.43,3.79,-0.4,1.33,-1.43
2026-09-03,Monthly,2021-08-01,2021-08-31,Metro,"Columbus, OH metro area",185,-6.27,72,-46.49,2.24,-0.18,0.9,-0.8
2026-09-03,Monthly,2021-08-01,2021-08-31,Metro,"Dallas, TX metro area",516,-37.9,343,-42.36,3.36,-0.91,2.25,-0.81
2026-09-03,Monthly,2021-08-01,2021-08-31,Metro,"Denver, CO metro area",242,-34.58,114,-51.15,2.56,-0.71,1.25,-0.89
2026-09-03,Monthly,2021-08-01,2021-08-31,Metro,"Detroit, MI metro area",292,-30.4,107,-45.1,4.86,-1.69,1.78,-1.27
2026-09-03,Monthly,2021-08-01,2021-08-31,Metro,"Fort Lauderdale, FL metro area",738,-18.59,341,-28.92,5.12,0.23,2.37,-0.22
2026-09-03,Monthly,2021-08-01,2021-08-31,Metro,"Fort Worth, TX metro area",222,-28.37,124,-42.24,3.13,-0.43,1.67,-0.76
2026-09-03,Monthly,2021-08-01,2021-08-31,Metro,"Houston, TX metro area",1114,-18.73,552,-37,4.45,-0.33,2.04,-0.92
2026-09-03,Monthly,2021-08-01,2021-08-31,Metro,"Indianapolis, IN metro area",307,64.6,129,-33.41,4.87,2.03,2.02,-0.84
2026-09-03,Monthly,2021-08-01,2021-08-31,Metro,"Jacksonville, FL metro area",234,-26.53,115,-46.72,2.59,-0.5,1.21,-0.84
2026-09-03,Monthly,2021-08-01,2021-08-31,Metro,"Kansas City, MO metro area",278,45.48,90,-39.4,3.07,0.52,1,-0.71
2026-09-03,Monthly,2021-08-01,2021-08-31,Metro,"Las Vegas, NV metro area",442,-22.31,229,-36.71,4.35,-0.09,2.14,-0.64
2026-09-03,Monthly,2021-08-01,2021-08-31,Metro,"Los Angeles, CA metro area",937,-9.61,448,-34.11,4.71,-0.06,2.25,-0.84
2026-09-03,Monthly,2021-08-01,2021-08-31,Metro,"Miami, FL metro area",1162,-17.76,591,-10.99,6.81,0.21,3.46,0.22
2026-09-03,Monthly,2021-08-01,2021-08-31,Metro,"Milwaukee, WI metro area",182,30.51,51,-53.32,2.76,0.82,0.78,-0.9
2026-09-03,Monthly,2021-08-01,2021-08-31,Metro,"Minneapolis, MN metro area",447,-12.11,197,-26.98,3.38,-0.2,1.6,-0.37
2026-09-03,Monthly,2021-08-01,2021-08-31,Metro,"Montgomery County, PA metro area",269,4.03,122,-24.88,4.14,0.34,1.78,-0.34
2026-09-03,Monthly,2021-08-01,2021-08-31,Metro,"Nashville, TN metro area",291,-49.58,134,-57.37,3.58,-0.74,1.41,-0.89
2026-09-03,Monthly,2021-08-01,2021-08-31,Metro,"Nassau County, NY metro area",577,-9.34,264,-36.57,6.03,0.7,2.76,-0.77
2026-09-03,Monthly,2021-08-01,2021-08-31,Metro,"New Brunswick, NJ metro area",616,-26.02,243,-51.64,5.21,-0.94,2.06,-1.61
2026-09-03,Monthly,2021-08-01,2021-08-31,Metro,"New York, NY metro area",2562,7.08,1063,-27.84,7.05,2,2.91,-0.16
2026-09-03,Monthly,2021-08-01,2021-08-31,Metro,"Newark, NJ metro area",575,-19.92,289,-34.24,5.04,-0.1,2.62,-0.69
2026-09-03,Monthly,2021-08-01,2021-08-31,Metro,"Oakland, CA metro area",231,13.35,85,-40.2,4.42,0.48,1.65,-1.07
2026-09-03,Monthly,2021-08-01,2021-08-31,Metro,"Orlando, FL metro area",347,-46.18,205,-32.42,3.38,-1.29,1.98,-0.26
2026-09-03,Monthly,2021-08-01,2021-08-31,Metro,"Philadelphia, PA metro area",543,-5.63,236,-20.89,6.26,-0.26,2.68,-0.66
2026-09-03,Monthly,2021-08-01,2021-08-31,Metro,"Phoenix, AZ metro area",697,10.27,280,-51.83,3.26,0.54,1.35,-1.22
2026-09-03,Monthly,2021-08-01,2021-08-31,Metro,"Pittsburgh, PA metro area",288,-12.32,110,-25.92,2.95,-0.07,0.93,-0.29
2026-09-03,Monthly,2021-08-01,2021-08-31,Metro,"Portland, OR metro area",207,-19.41,151,-27.53,2.67,-0.23,1.97,-0.46
2026-09-03,Monthly,2021-08-01,2021-08-31,Metro,"Providence, RI metro area",226,4.25,93,-39.64,4.37,0.62,1.79,-0.89
2026-09-03,Monthly,2021-08-01,2021-08-31,Metro,"Riverside, CA metro area",537,1.07,230,-52.43,3.46,0.43,1.58,-1.12
2026-09-03,Monthly,2021-08-01,2021-08-31,Metro,"Sacramento, CA metro area",244,-0.45,99,-62.29,4.38,0.38,1.81,-2.52
2026-09-03,Monthly,2021-08-01,2021-08-31,Metro,"San Antonio, TX metro area",296,-18.41,185,-9.57,2.92,-0.4,1.82,-0.04
2026-09-03,Monthly,2021-08-01,2021-08-31,Metro,"San Diego, CA metro area",250,-27.72,102,-60.88,3.71,-0.67,1.49,-1.74
2026-09-03,Monthly,2021-08-01,2021-08-31,Metro,"San Francisco, CA metro area",192,-25.71,116,1.03,6.35,0.23,3.58,1.11
2026-09-03,Monthly,2021-08-01,2021-08-31,Metro,"San Jose, CA metro area",130,-14.33,72,-1.5,4.48,0.6,2.39,0.6
2026-09-03,Monthly,2021-08-01,2021-08-31,Metro,"Seattle, WA metro area",252,-16.15,169,-32.25,3.5,0.19,2.36,-0.4
2026-09-03,Monthly,2021-08-01,2021-08-31,Metro,"St. Louis, MO metro area",351,-17.45,142,-38.68,4.33,0.53,1.49,-0.66
2026-09-03,Monthly,2021-08-01,2021-08-31,Metro,"Tampa, FL metro area",443,-19.72,245,-30.67,3.15,-0.06,1.77,-0.29
2026-09-03,Monthly,2021-08-01,2021-08-31,Metro,"Virginia Beach, VA metro area",195,-5.98,82,-47.14,2.27,-0.14,0.95,-0.81
2026-09-03,Monthly,2021-08-01,2021-08-31,Metro,"Warren, MI metro area",413,-12.34,131,-56.42,4.45,-0.12,1.42,-1.52
2026-09-03,Monthly,2021-08-01,2021-08-31,Metro,"Washington, DC metro area",919,31.7,421,-7.71,4.98,0.92,2.26,-0.32
2026-09-03,Monthly,2021-08-01,2021-08-31,Metro,"West Palm Beach, FL metro area",434,-45.04,229,-50.15,4.11,-0.61,2.12,-0.63
2026-09-03,Monthly,2021-07-01,2021-07-31,Metro,"Anaheim, CA metro area",244,-33.11,111,-61.28,3.45,-0.49,1.67,-1.59
2026-09-03,Monthly,2021-07-01,2021-07-31,Metro,"Atlanta, GA metro area",1459,-42.54,404,-42.72,5.63,-1.67,1.59,-0.49
2026-09-03,Monthly,2021-07-01,2021-07-31,Metro,"Austin, TX metro area",308,9.35,125,-46.97,3.38,0.19,1.4,-1.24
2026-09-03,Monthly,2021-07-01,2021-07-31,Metro,"Baltimore, MD metro area",469,-1.4,215,-40.84,4.3,0.11,2.07,-1.29
2026-09-03,Monthly,2021-07-01,2021-07-31,Metro,"Boston, MA metro area",576,-1.45,300,-40.48,5.26,0.7,2.91,-1.25
2026-09-03,Monthly,2021-07-01,2021-07-31,Metro,"Charlotte, NC metro area",282,-21.52,101,-50.89,2.17,-0.08,0.91,-0.54
2026-09-03,Monthly,2021-07-01,2021-07-31,Metro,"Chicago, IL metro area",1662,7.46,616,-50.51,5.65,0.66,2.2,-2.2
2026-09-03,Monthly,2021-07-01,2021-07-31,Metro,"Cincinnati, OH metro area",270,0.52,71,-63.99,3.12,0.24,0.86,-1.32
2026-09-03,Monthly,2021-07-01,2021-07-31,Metro,"Cleveland, OH metro area",300,-9.91,122,-42.26,3.78,-0.33,1.6,-1.16
2026-09-03,Monthly,2021-07-01,2021-07-31,Metro,"Columbus, OH metro area",157,-22.53,102,-38.83,1.89,-0.62,1.3,-0.86
2026-09-03,Monthly,2021-07-01,2021-07-31,Metro,"Dallas, TX metro area",552,-41.62,335,-50.52,3.66,-0.98,2.24,-1.06
2026-09-03,Monthly,2021-07-01,2021-07-31,Metro,"Denver, CO metro area",221,-48.28,119,-51.37,2.38,-1.22,1.31,-0.88
2026-09-03,Monthly,2021-07-01,2021-07-31,Metro,"Detroit, MI metro area",274,-41.67,90,-53.74,4.69,-2.28,1.52,-1.38
2026-09-03,Monthly,2021-07-01,2021-07-31,Metro,"Fort Lauderdale, FL metro area",666,-37.16,342,-29.14,4.54,-1.13,2.35,-0.27
2026-09-03,Monthly,2021-07-01,2021-07-31,Metro,"Fort Worth, TX metro area",239,-29.99,137,-42.79,3.14,-0.53,1.84,-0.78
2026-09-03,Monthly,2021-07-01,2021-07-31,Metro,"Houston, TX metro area",1109,-35.88,609,-28.01,4.46,-1.17,2.35,-0.43
2026-09-03,Monthly,2021-07-01,2021-07-31,Metro,"Indianapolis, IN metro area",333,-2.37,122,-30.83,5.41,0.43,1.93,-0.58
2026-09-03,Monthly,2021-07-01,2021-07-31,Metro,"Jacksonville, FL metro area",252,-33.77,129,-37.11,2.79,-0.7,1.42,-0.52
2026-09-03,Monthly,2021-07-01,2021-07-31,Metro,"Kansas City, MO metro area",232,19.35,96,-56.83,2.76,0.12,1.07,-1.49
2026-09-03,Monthly,2021-07-01,2021-07-31,Metro,"Las Vegas, NV metro area",360,-43.93,257,-23.64,3.61,-1.46,2.48,-0.11
2026-09-03,Monthly,2021-07-01,2021-07-31,Metro,"Los Angeles, CA metro area",952,-15.73,493,-29.25,4.79,-0.55,2.44,-0.76
2026-09-03,Monthly,2021-07-01,2021-07-31,Metro,"Miami, FL metro area",1102,-26.85,597,-19.84,6.12,-1.19,3.52,-0.12
2026-09-03,Monthly,2021-07-01,2021-07-31,Metro,"Milwaukee, WI metro area",160,2.94,55,-38.04,1.83,-0.02,0.81,-0.62
2026-09-03,Monthly,2021-07-01,2021-07-31,Metro,"Minneapolis, MN metro area",490,-0.05,180,-40.69,3.89,0.43,1.48,-0.71
2026-09-03,Monthly,2021-07-01,2021-07-31,Metro,"Montgomery County, PA metro area",281,-17.05,109,-52.29,4.21,0.09,1.59,-1.2
2026-09-03,Monthly,2021-07-01,2021-07-31,Metro,"Nashville, TN metro area",298,-50.5,139,-55.42,3.44,-1.07,1.58,-0.67
2026-09-03,Monthly,2021-07-01,2021-07-31,Metro,"Nassau County, NY metro area",550,-26.07,223,-52.27,5.69,-0.38,2.27,-1.54
2026-09-03,Monthly,2021-07-01,2021-07-31,Metro,"New Brunswick, NJ metro area",633,-22.12,281,-52.43,5.48,-0.62,2.42,-1.97
2026-09-03,Monthly,2021-07-01,2021-07-31,Metro,"New York, NY metro area",2490,8.42,973,-46.12,6.86,1.58,2.6,-1.51
2026-09-03,Monthly,2021-07-01,2021-07-31,Metro,"Newark, NJ metro area",604,-10.96,268,-43.06,5.18,-0.07,2.43,-1.21
2026-09-03,Monthly,2021-07-01,2021-07-31,Metro,"Oakland, CA metro area",204,-5.23,105,-35.85,3.98,-0.15,2.03,-1.04
2026-09-03,Monthly,2021-07-01,2021-07-31,Metro,"Orlando, FL metro area",580,-13.68,227,-28.37,5.58,0.98,2.17,-0.07
2026-09-03,Monthly,2021-07-01,2021-07-31,Metro,"Philadelphia, PA metro area",539,-12.6,214,-37.53,6.48,-0.59,2.53,-1.34
2026-09-03,Monthly,2021-07-01,2021-07-31,Metro,"Phoenix, AZ metro area",584,-18.42,293,-50.96,2.82,-0.17,1.44,-1.15
2026-09-03,Monthly,2021-07-01,2021-07-31,Metro,"Pittsburgh, PA metro area",299,-49.37,107,-43.91,3.05,-1.75,1.08,-0.64
2026-09-03,Monthly,2021-07-01,2021-07-31,Metro,"Portland, OR metro area",224,-19,123,-42.91,2.85,-0.21,1.63,-0.85
2026-09-03,Monthly,2021-07-01,2021-07-31,Metro,"Providence, RI metro area",216,0.11,74,-60.3,4.13,0.44,1.43,-1.77
2026-09-03,Monthly,2021-07-01,2021-07-31,Metro,"Riverside, CA metro area",485,-16.91,221,-57.9,3.2,-0.04,1.5,-1.32
2026-09-03,Monthly,2021-07-01,2021-07-31,Metro,"Sacramento, CA metro area",238,-22.04,112,-55.13,4.32,-0.42,2.05,-1.91
2026-09-03,Monthly,2021-07-01,2021-07-31,Metro,"San Antonio, TX metro area",253,-36.93,145,-41.53,2.93,-0.65,1.55,-0.54
2026-09-03,Monthly,2021-07-01,2021-07-31,Metro,"San Diego, CA metro area",248,-35.03,100,-64.35,3.64,-1.01,1.46,-2.02
2026-09-03,Monthly,2021-07-01,2021-07-31,Metro,"San Francisco, CA metro area",201,18.85,128,2.91,6.42,2.04,3.74,0.77
2026-09-03,Monthly,2021-07-01,2021-07-31,Metro,"San Jose, CA metro area",114,-6.76,74,-26.61,3.9,0.87,2.43,-0.03
2026-09-03,Monthly,2021-07-01,2021-07-31,Metro,"Seattle, WA metro area",256,-7.52,150,-50.5,3.56,0.35,2.08,-1.45
2026-09-03,Monthly,2021-07-01,2021-07-31,Metro,"St. Louis, MO metro area",347,-20.28,135,-54.56,4.25,0.63,1.42,-1.29
2026-09-03,Monthly,2021-07-01,2021-07-31,Metro,"Tampa, FL metro area",653,5.51,203,-49.54,4.83,1.45,1.48,-0.75
2026-09-03,Monthly,2021-07-01,2021-07-31,Metro,"Virginia Beach, VA metro area",211,-10.77,81,-47.86,2.5,-0.14,0.95,-0.76
2026-09-03,Monthly,2021-07-01,2021-07-31,Metro,"Warren, MI metro area",390,-20.51,115,-62.65,4.34,-0.27,1.3,-1.64
2026-09-03,Monthly,2021-07-01,2021-07-31,Metro,"Washington, DC metro area",902,39.65,384,-24.52,5.01,1.16,2.07,-0.86
2026-09-03,Monthly,2021-07-01,2021-07-31,Metro,"West Palm Beach, FL metro area",431,-46.22,262,-48.99,4.02,-0.8,2.36,-0.72
2026-09-03,Monthly,2021-06-01,2021-06-30,Metro,"Anaheim, CA metro area",220,-43.84,121,-61.61,3.11,-1.3,1.77,-1.92
2026-09-03,Monthly,2021-06-01,2021-06-30,Metro,"Atlanta, GA metro area",1511,-48.74,423,-44.66,5.84,-2.1,1.69,-0.42
2026-09-03,Monthly,2021-06-01,2021-06-30,Metro,"Austin, TX metro area",320,-5.27,97,-60.12,3.61,0,1.14,-1.53
2026-09-03,Monthly,2021-06-01,2021-06-30,Metro,"Baltimore, MD metro area",458,-12.19,218,-48.94,4.41,-0.03,2.2,-1.71
2026-09-03,Monthly,2021-06-01,2021-06-30,Metro,"Boston, MA metro area",597,5.86,290,-52.47,5.43,0.93,2.84,-2.5
2026-09-03,Monthly,2021-06-01,2021-06-30,Metro,"Charlotte, NC metro area",257,-42.02,108,-48.98,1.81,-0.88,0.97,-0.48
2026-09-03,Monthly,2021-06-01,2021-06-30,Metro,"Chicago, IL metro area",1722,12.59,640,-53.52,5.95,0.97,2.34,-2.65
2026-09-03,Monthly,2021-06-01,2021-06-30,Metro,"Cincinnati, OH metro area",224,-38.34,101,-45.81,2.63,-1.29,1.23,-0.87
2026-09-03,Monthly,2021-06-01,2021-06-30,Metro,"Cleveland, OH metro area",263,-25.7,106,-60.09,3.49,-0.85,1.43,-1.97
2026-09-03,Monthly,2021-06-01,2021-06-30,Metro,"Columbus, OH metro area",216,5.02,83,-48.71,2.77,0.26,1.1,-0.98
2026-09-03,Monthly,2021-06-01,2021-06-30,Metro,"Dallas, TX metro area",612,-42.66,327,-57.76,4.26,-0.62,2.26,-1.32
2026-09-03,Monthly,2021-06-01,2021-06-30,Metro,"Denver, CO metro area",241,-49.87,131,-53.22,2.6,-1.24,1.43,-0.96
2026-09-03,Monthly,2021-06-01,2021-06-30,Metro,"Detroit, MI metro area",315,-32.76,110,-60.29,5.57,-1.18,1.92,-1.97
2026-09-03,Monthly,2021-06-01,2021-06-30,Metro,"Fort Lauderdale, FL metro area",770,-28.4,360,-29.68,5.09,-0.91,2.4,-0.47
2026-09-03,Monthly,2021-06-01,2021-06-30,Metro,"Fort Worth, TX metro area",218,-46.45,120,-57.38,3.13,-0.94,1.77,-1.09
2026-09-03,Monthly,2021-06-01,2021-06-30,Metro,"Houston, TX metro area",1236,-35.41,622,-32.95,4.97,-0.92,2.5,-0.4
2026-09-03,Monthly,2021-06-01,2021-06-30,Metro,"Indianapolis, IN metro area",314,-35.98,114,-45.38,4.92,-1.46,1.86,-1.02
2026-09-03,Monthly,2021-06-01,2021-06-30,Metro,"Jacksonville, FL metro area",218,-46.51,141,-42.86,2.48,-1.07,1.65,-0.57
2026-09-03,Monthly,2021-06-01,2021-06-30,Metro,"Kansas City, MO metro area",237,-15.48,100,-42.54,2.73,-0.48,1.17,-0.84
2026-09-03,Monthly,2021-06-01,2021-06-30,Metro,"Las Vegas, NV metro area",353,-49.17,201,-46.49,3.57,-1.97,2.02,-0.88
2026-09-03,Monthly,2021-06-01,2021-06-30,Metro,"Los Angeles, CA metro area",1011,-11.3,474,-37.2,5.05,-0.59,2.3,-1.31
2026-09-03,Monthly,2021-06-01,2021-06-30,Metro,"Miami, FL metro area",1267,-15.4,645,-29.41,7.17,-0.2,3.7,-0.66
2026-09-03,Monthly,2021-06-01,2021-06-30,Metro,"Milwaukee, WI metro area",159,-17,56,-48.24,1.78,-0.53,0.85,-0.91
2026-09-03,Monthly,2021-06-01,2021-06-30,Metro,"Minneapolis, MN metro area",415,-26.33,190,-33.82,3.4,-0.57,1.56,-0.49
2026-09-03,Monthly,2021-06-01,2021-06-30,Metro,"Montgomery County, PA metro area",251,-12.01,104,-69.84,4.24,0.09,1.65,-2.91
2026-09-03,Monthly,2021-06-01,2021-06-30,Metro,"Nashville, TN metro area",308,-53.68,165,-51.47,3.7,-0.93,1.9,-0.27
2026-09-03,Monthly,2021-06-01,2021-06-30,Metro,"Nassau County, NY metro area",556,-23.75,240,-65.26,5.64,-0.6,2.44,-3.34
2026-09-03,Monthly,2021-06-01,2021-06-30,Metro,"New Brunswick, NJ metro area",645,-22.37,241,-62.83,5.73,-0.75,2.13,-2.95
2026-09-03,Monthly,2021-06-01,2021-06-30,Metro,"New York, NY metro area",2525,23.71,1060,-41.64,6.74,1.32,2.75,-1.85
2026-09-03,Monthly,2021-06-01,2021-06-30,Metro,"Newark, NJ metro area",580,-15.23,282,-40.8,4.91,-0.81,2.44,-1.96
2026-09-03,Monthly,2021-06-01,2021-06-30,Metro,"Oakland, CA metro area",199,-8.34,106,-48.63,4.01,-0.11,2.12,-1.67
2026-09-03,Monthly,2021-06-01,2021-06-30,Metro,"Orlando, FL metro area",552,-19.17,234,-40.58,5.32,0.76,2.28,-0.39
2026-09-03,Monthly,2021-06-01,2021-06-30,Metro,"Philadelphia, PA metro area",508,0.26,252,-38.54,6.15,0.05,2.99,-1.79
2026-09-03,Monthly,2021-06-01,2021-06-30,Metro,"Phoenix, AZ metro area",539,-36.21,308,-50.02,2.67,-0.74,1.56,-1.06
2026-09-03,Monthly,2021-06-01,2021-06-30,Metro,"Pittsburgh, PA metro area",296,-36.42,87,-63.78,2.98,-1.28,0.88,-1.11
2026-09-03,Monthly,2021-06-01,2021-06-30,Metro,"Portland, OR metro area",259,-9.22,107,-58.77,3.29,0.25,1.41,-1.55
2026-09-03,Monthly,2021-06-01,2021-06-30,Metro,"Providence, RI metro area",166,-32.86,75,-63.36,3.28,-0.96,1.51,-2.05
2026-09-03,Monthly,2021-06-01,2021-06-30,Metro,"Riverside, CA metro area",443,-35.22,221,-59.86,2.97,-0.68,1.54,-1.39
2026-09-03,Monthly,2021-06-01,2021-06-30,Metro,"Sacramento, CA metro area",220,-36.43,104,-67.88,4.08,-0.93,2.01,-2.83
2026-09-03,Monthly,2021-06-01,2021-06-30,Metro,"San Antonio, TX metro area",309,-35.18,150,-31.36,3.28,-0.66,1.72,-0.16
2026-09-03,Monthly,2021-06-01,2021-06-30,Metro,"San Diego, CA metro area",226,-47.31,113,-62.05,3.18,-1.94,1.65,-2
2026-09-03,Monthly,2021-06-01,2021-06-30,Metro,"San Francisco, CA metro area",192,18.19,147,-7.81,6.18,1.35,4.57,0.22
2026-09-03,Monthly,2021-06-01,2021-06-30,Metro,"San Jose, CA metro area",133,23.23,73,-29.65,4.53,1.67,2.43,-0.22
2026-09-03,Monthly,2021-06-01,2021-06-30,Metro,"Seattle, WA metro area",257,-20.34,151,-50.59,3.46,-0.43,2.02,-1.61
2026-09-03,Monthly,2021-06-01,2021-06-30,Metro,"St. Louis, MO metro area",330,-31.05,141,-51.86,3.82,-0.22,1.54,-1.11
2026-09-03,Monthly,2021-06-01,2021-06-30,Metro,"Tampa, FL metro area",617,-11.29,212,-58.45,4.63,0.93,1.58,-1.07
2026-09-03,Monthly,2021-06-01,2021-06-30,Metro,"Virginia Beach, VA metro area",223,-15.13,84,-48.02,2.76,-0.22,1.03,-0.86
2026-09-03,Monthly,2021-06-01,2021-06-30,Metro,"Warren, MI metro area",371,-29.77,113,-69.72,4.26,-0.55,1.31,-2.07
2026-09-03,Monthly,2021-06-01,2021-06-30,Metro,"Washington, DC metro area",832,21.54,372,-40.6,4.8,0.59,2.07,-1.65
2026-09-03,Monthly,2021-06-01,2021-06-30,Metro,"West Palm Beach, FL metro area",485,-45.61,281,-60.19,4.13,-1.01,2.51,-1.84
2026-09-03,Monthly,2021-05-01,2021-05-31,Metro,"Anaheim, CA metro area",224,-47.25,115,-66.75,2.98,-2.02,1.62,-2.76
2026-09-03,Monthly,2021-05-01,2021-05-31,Metro,"Atlanta, GA metro area",1447,-54.33,410,-54.95,5.62,-2.39,1.67,-0.68
2026-09-03,Monthly,2021-05-01,2021-05-31,Metro,"Austin, TX metro area",239,-42.1,99,-68.25,2.86,-1.31,1.23,-2.05
2026-09-03,Monthly,2021-05-01,2021-05-31,Metro,"Baltimore, MD metro area",439,-19.62,208,-56.88,4.24,-0.42,2.11,-2.39
2026-09-03,Monthly,2021-05-01,2021-05-31,Metro,"Boston, MA metro area",672,1.05,233,-65.16,5.99,0.21,2.33,-4.27
2026-09-03,Monthly,2021-05-01,2021-05-31,Metro,"Charlotte, NC metro area",274,-44.11,120,-63.48,1.71,-0.96,1.02,-1.23
2026-09-03,Monthly,2021-05-01,2021-05-31,Metro,"Chicago, IL metro area",1658,-2.3,673,-48.28,5.75,0.19,2.49,-2.38
2026-09-03,Monthly,2021-05-01,2021-05-31,Metro,"Cincinnati, OH metro area",225,-41.14,100,-55.43,2.68,-1.53,1.23,-1.33
2026-09-03,Monthly,2021-05-01,2021-05-31,Metro,"Cleveland, OH metro area",238,-50.12,107,-59.86,3.3,-2.65,1.52,-1.82
2026-09-03,Monthly,2021-05-01,2021-05-31,Metro,"Columbus, OH metro area",195,-26.56,62,-67.88,2.69,-0.78,0.84,-1.66
2026-09-03,Monthly,2021-05-01,2021-05-31,Metro,"Dallas, TX metro area",592,-49.07,335,-70.77,4.15,-1.04,2.36,-2.73
2026-09-03,Monthly,2021-05-01,2021-05-31,Metro,"Denver, CO metro area",286,-42.84,116,-65.64,2.97,-0.66,1.33,-1.42
2026-09-03,Monthly,2021-05-01,2021-05-31,Metro,"Detroit, MI metro area",271,-48.49,93,-66.6,4.85,-2.71,1.66,-2.12
2026-09-03,Monthly,2021-05-01,2021-05-31,Metro,"Fort Lauderdale, FL metro area",830,-20.17,341,-33.94,5.38,-0.7,2.18,-0.83
2026-09-03,Monthly,2021-05-01,2021-05-31,Metro,"Fort Worth, TX metro area",234,-55.32,127,-66.37,3.72,-1.69,1.94,-1.76
2026-09-03,Monthly,2021-05-01,2021-05-31,Metro,"Houston, TX metro area",1239,-38.09,663,-34.92,4.96,-0.99,2.78,-0.27
2026-09-03,Monthly,2021-05-01,2021-05-31,Metro,"Indianapolis, IN metro area",320,-44.45,107,-54.58,5.18,-1.93,1.78,-1.28
2026-09-03,Monthly,2021-05-01,2021-05-31,Metro,"Jacksonville, FL metro area",261,-44.53,108,-62.49,2.87,-1.21,1.32,-1.29
2026-09-03,Monthly,2021-05-01,2021-05-31,Metro,"Kansas City, MO metro area",256,-11.26,72,-74.39,2.88,-0.28,0.85,-2.36
2026-09-03,Monthly,2021-05-01,2021-05-31,Metro,"Las Vegas, NV metro area",387,-45.48,224,-34.07,3.93,-1.68,2.25,-0.35
2026-09-03,Monthly,2021-05-01,2021-05-31,Metro,"Los Angeles, CA metro area",979,-23.57,486,-34.87,4.83,-1.87,2.31,-1.38
2026-09-03,Monthly,2021-05-01,2021-05-31,Metro,"Miami, FL metro area",1262,-10.68,640,-15.06,7.21,0.31,3.59,-0.12
2026-09-03,Monthly,2021-05-01,2021-05-31,Metro,"Milwaukee, WI metro area",139,-18.53,58,-46.21,1.53,-0.42,0.94,-0.81
2026-09-03,Monthly,2021-05-01,2021-05-31,Metro,"Minneapolis, MN metro area",400,-37.37,202,-36.45,3.3,-1.17,1.66,-0.57
2026-09-03,Monthly,2021-05-01,2021-05-31,Metro,"Montgomery County, PA metro area",280,-13.62,93,-82.16,4.34,-0.37,1.56,-7
2026-09-03,Monthly,2021-05-01,2021-05-31,Metro,"Nashville, TN metro area",386,-41.08,147,-55.98,4.13,-0.48,1.72,-0.51
2026-09-03,Monthly,2021-05-01,2021-05-31,Metro,"Nassau County, NY metro area",618,-26.62,251,-33.97,5.94,-1.94,2.48,-1.22
2026-09-03,Monthly,2021-05-01,2021-05-31,Metro,"New Brunswick, NJ metro area",640,-46.01,224,-64.89,5.98,-3.97,2.04,-3.18
2026-09-03,Monthly,2021-05-01,2021-05-31,Metro,"New York, NY metro area",2569,13,971,-11.31,6.66,0.01,2.59,-0.82
2026-09-03,Monthly,2021-05-01,2021-05-31,Metro,"Newark, NJ metro area",627,-9.78,274,-41.64,5.2,-0.76,2.19,-3.01
2026-09-03,Monthly,2021-05-01,2021-05-31,Metro,"Oakland, CA metro area",215,-11.59,99,-57.88,4.41,-0.47,1.96,-2.51
2026-09-03,Monthly,2021-05-01,2021-05-31,Metro,"Orlando, FL metro area",440,-39.44,267,-34.42,4.38,-0.53,2.54,-0.11
2026-09-03,Monthly,2021-05-01,2021-05-31,Metro,"Philadelphia, PA metro area",511,7,215,-62.37,6.14,-0.46,2.68,-5.6
2026-09-03,Monthly,2021-05-01,2021-05-31,Metro,"Phoenix, AZ metro area",533,-44.88,290,-55.44,2.66,-1.1,1.49,-1.22
2026-09-03,Monthly,2021-05-01,2021-05-31,Metro,"Pittsburgh, PA metro area",283,-40.79,95,-66.7,2.72,-1.96,0.94,-1.64
2026-09-03,Monthly,2021-05-01,2021-05-31,Metro,"Portland, OR metro area",255,-32.94,107,-50.92,3.37,-0.96,1.41,-0.98
2026-09-03,Monthly,2021-05-01,2021-05-31,Metro,"Providence, RI metro area",201,-29.54,73,-62.98,4.08,-0.74,1.52,-1.96
2026-09-03,Monthly,2021-05-01,2021-05-31,Metro,"Riverside, CA metro area",404,-54.12,200,-62.01,2.88,-2.25,1.41,-1.45
2026-09-03,Monthly,2021-05-01,2021-05-31,Metro,"Sacramento, CA metro area",230,-44.99,98,-73.57,4.32,-1.51,1.9,-3.33
2026-09-03,Monthly,2021-05-01,2021-05-31,Metro,"San Antonio, TX metro area",271,-48.69,129,-54.89,3.19,-1.08,1.51,-0.79
2026-09-03,Monthly,2021-05-01,2021-05-31,Metro,"San Diego, CA metro area",235,-53.98,102,-70.22,3.47,-2.39,1.53,-2.61
2026-09-03,Monthly,2021-05-01,2021-05-31,Metro,"San Francisco, CA metro area",223,36.78,134,-36.84,6.96,1,4.36,-4.15
2026-09-03,Monthly,2021-05-01,2021-05-31,Metro,"San Jose, CA metro area",143,11.17,76,-42.61,4.88,1.11,2.41,-1.35
2026-09-03,Monthly,2021-05-01,2021-05-31,Metro,"Seattle, WA metro area",299,-17.44,148,-48.03,3.95,-0.43,1.9,-1.5
2026-09-03,Monthly,2021-05-01,2021-05-31,Metro,"St. Louis, MO metro area",336,-36.63,113,-64.27,3.6,-1.31,1.23,-1.64
2026-09-03,Monthly,2021-05-01,2021-05-31,Metro,"Tampa, FL metro area",393,-50.95,233,-64.12,3.02,-0.93,1.77,-1.41
2026-09-03,Monthly,2021-05-01,2021-05-31,Metro,"Virginia Beach, VA metro area",217,-35.49,89,-40.79,2.7,-1.01,1.13,-0.59
2026-09-03,Monthly,2021-05-01,2021-05-31,Metro,"Warren, MI metro area",333,-42.54,103,-81.59,3.84,-1.51,1.21,-4.01
2026-09-03,Monthly,2021-05-01,2021-05-31,Metro,"Washington, DC metro area",794,7.26,336,-45.25,4.62,-0.1,1.97,-1.85
2026-09-03,Monthly,2021-05-01,2021-05-31,Metro,"West Palm Beach, FL metro area",498,-46.88,300,-62.6,4.1,-1.58,2.61,-2.62
2026-09-03,Monthly,2021-04-01,2021-04-30,Metro,"Anaheim, CA metro area",258,-53.38,131,-3.78,3.36,-4.12,1.68,-0.11
2026-09-03,Monthly,2021-04-01,2021-04-30,Metro,"Atlanta, GA metro area",1519,-55.59,397,-25.13,5.72,-2.83,1.55,0.19
2026-09-03,Monthly,2021-04-01,2021-04-30,Metro,"Austin, TX metro area",257,-51.49,84,-39.32,3.37,-2.69,1.03,-0.43
2026-09-03,Monthly,2021-04-01,2021-04-30,Metro,"Baltimore, MD metro area",422,-41.55,194,-9.64,4.28,-2.23,1.93,0.01
2026-09-03,Monthly,2021-04-01,2021-04-30,Metro,"Boston, MA metro area",693,-31.68,268,65.43,5.79,-4.1,2.47,0.67
2026-09-03,Monthly,2021-04-01,2021-04-30,Metro,"Charlotte, NC metro area",292,-50.65,126,-36.85,1.78,-1.77,1.03,-0.33
2026-09-03,Monthly,2021-04-01,2021-04-30,Metro,"Chicago, IL metro area",1636,-36.4,748,26.54,5.74,-2.4,2.63,0.69
2026-09-03,Monthly,2021-04-01,2021-04-30,Metro,"Cincinnati, OH metro area",219,-48.37,90,-30.31,2.63,-2.07,1.07,-0.32
2026-09-03,Monthly,2021-04-01,2021-04-30,Metro,"Cleveland, OH metro area",281,-48.01,105,-30.27,4,-2.66,1.5,-0.35
2026-09-03,Monthly,2021-04-01,2021-04-30,Metro,"Columbus, OH metro area",169,-46.72,59,-54.76,2.37,-1.71,0.79,-0.82
2026-09-03,Monthly,2021-04-01,2021-04-30,Metro,"Dallas, TX metro area",624,-64.74,318,-40.64,4.25,-4.13,2.17,-0.34
2026-09-03,Monthly,2021-04-01,2021-04-30,Metro,"Denver, CO metro area",225,-69.04,124,-12.86,2.49,-4.62,1.41,0.05
2026-09-03,Monthly,2021-04-01,2021-04-30,Metro,"Detroit, MI metro area",288,-33.04,87,27.53,5.27,-1.98,1.61,0.43
2026-09-03,Monthly,2021-04-01,2021-04-30,Metro,"Fort Lauderdale, FL metro area",824,-26.39,390,38.09,5.2,-1.54,2.43,0.75
2026-09-03,Monthly,2021-04-01,2021-04-30,Metro,"Fort Worth, TX metro area",216,-66.3,111,-50.09,3.25,-3.46,1.65,-0.64
2026-09-03,Monthly,2021-04-01,2021-04-30,Metro,"Houston, TX metro area",1392,-36.97,677,17.39,5.36,-1.3,2.7,0.98
2026-09-03,Monthly,2021-04-01,2021-04-30,Metro,"Indianapolis, IN metro area",593,-3.6,229,44.29,9.38,1.42,3.81,1.69
2026-09-03,Monthly,2021-04-01,2021-04-30,Metro,"Jacksonville, FL metro area",242,-54.78,125,14.17,2.6,-2.08,1.52,0.43
2026-09-03,Monthly,2021-04-01,2021-04-30,Metro,"Kansas City, MO metro area",262,-24.74,74,-49.59,2.84,-0.79,0.89,-0.84
2026-09-03,Monthly,2021-04-01,2021-04-30,Metro,"Las Vegas, NV metro area",394,-52.04,242,17.56,3.86,-2.81,2.41,0.75
2026-09-03,Monthly,2021-04-01,2021-04-30,Metro,"Los Angeles, CA metro area",989,-27.88,489,39.52,4.74,-3.01,2.28,0.41
2026-09-03,Monthly,2021-04-01,2021-04-30,Metro,"Miami, FL metro area",1273,-13.69,617,67.37,6.86,-0.62,3.38,1.57
2026-09-03,Monthly,2021-04-01,2021-04-30,Metro,"Milwaukee, WI metro area",132,-39.93,52,-30.89,1.57,-0.99,0.88,-0.36
2026-09-03,Monthly,2021-04-01,2021-04-30,Metro,"Minneapolis, MN metro area",462,-25.74,205,-20.55,3.7,-0.73,1.65,-0.16
2026-09-03,Monthly,2021-04-01,2021-04-30,Metro,"Montgomery County, PA metro area",227,-51.45,69,-30.19,4.15,-5.06,1.15,-0.61
2026-09-03,Monthly,2021-04-01,2021-04-30,Metro,"Nashville, TN metro area",389,-41.79,132,-44.65,4.06,-0.77,1.73,-0.05
2026-09-03,Monthly,2021-04-01,2021-04-30,Metro,"Nassau County, NY metro area",576,-38.89,268,140.74,5.48,-3.13,2.54,1.45
2026-09-03,Monthly,2021-04-01,2021-04-30,Metro,"New Brunswick, NJ metro area",629,-52.81,234,1.57,5.9,-5.19,2.16,0.3
2026-09-03,Monthly,2021-04-01,2021-04-30,Metro,"New York, NY metro area",2511,-12.66,1073,178.03,6.42,-2.08,2.79,1.62
2026-09-03,Monthly,2021-04-01,2021-04-30,Metro,"Newark, NJ metro area",565,-33.52,282,-27.9,4.9,-1.85,2.48,0.26
2026-09-03,Monthly,2021-04-01,2021-04-30,Metro,"Oakland, CA metro area",193,-39.66,108,-2.52,3.86,-4.59,2.16,-0.72
2026-09-03,Monthly,2021-04-01,2021-04-30,Metro,"Orlando, FL metro area",514,-40.14,250,22.22,4.86,-0.9,2.5,1.06
2026-09-03,Monthly,2021-04-01,2021-04-30,Metro,"Philadelphia, PA metro area",537,-24.17,208,72.4,6.51,-4.59,2.57,0.63
2026-09-03,Monthly,2021-04-01,2021-04-30,Metro,"Phoenix, AZ metro area",563,-56.75,297,-24.12,2.93,-2.81,1.5,-0.14
2026-09-03,Monthly,2021-04-01,2021-04-30,Metro,"Pittsburgh, PA metro area",279,-42.26,104,63.84,2.59,-2.28,1.22,0.29
2026-09-03,Monthly,2021-04-01,2021-04-30,Metro,"Portland, OR metro area",243,-51.24,92,-11.15,3.08,-2.45,1.18,0.03
2026-09-03,Monthly,2021-04-01,2021-04-30,Metro,"Providence, RI metro area",191,-53.07,62,-24.49,3.74,-3.42,1.22,-0.23
2026-09-03,Monthly,2021-04-01,2021-04-30,Metro,"Riverside, CA metro area",405,-60.81,225,-21.82,2.84,-3.18,1.48,-0.09
2026-09-03,Monthly,2021-04-01,2021-04-30,Metro,"Sacramento, CA metro area",261,-58.1,109,-29.24,4.72,-4.45,1.97,-0.28
2026-09-03,Monthly,2021-04-01,2021-04-30,Metro,"San Antonio, TX metro area",267,-54.96,153,-7.9,3.17,-1.6,1.77,0.57
2026-09-03,Monthly,2021-04-01,2021-04-30,Metro,"San Diego, CA metro area",238,-63.48,90,-33.44,3.19,-4.9,1.31,-0.41
2026-09-03,Monthly,2021-04-01,2021-04-30,Metro,"San Francisco, CA metro area",252,49.13,118,49.09,7.23,-0.26,3.43,-0.24
2026-09-03,Monthly,2021-04-01,2021-04-30,Metro,"San Jose, CA metro area",133,-13.64,76,-11.91,3.87,-0.83,2.23,-0.44
2026-09-03,Monthly,2021-04-01,2021-04-30,Metro,"Seattle, WA metro area",309,-36.06,148,21.79,3.52,-2.17,1.8,0.28
2026-09-03,Monthly,2021-04-01,2021-04-30,Metro,"St. Louis, MO metro area",340,-40.1,136,-37.43,3.55,-2.31,1.45,-0.49
2026-09-03,Monthly,2021-04-01,2021-04-30,Metro,"Tampa, FL metro area",407,-55.42,220,-13.85,3.15,-1.49,1.66,0.37
2026-09-03,Monthly,2021-04-01,2021-04-30,Metro,"Virginia Beach, VA metro area",169,-57.68,82,-39.55,2.1,-2.18,1.07,-0.36
2026-09-03,Monthly,2021-04-01,2021-04-30,Metro,"Warren, MI metro area",339,-42.65,115,27.31,3.75,-2.89,1.34,0.26
2026-09-03,Monthly,2021-04-01,2021-04-30,Metro,"Washington, DC metro area",810,-25.51,324,15.78,4.51,-1.93,1.85,0.18
2026-09-03,Monthly,2021-04-01,2021-04-30,Metro,"West Palm Beach, FL metro area",582,-49.58,372,59.5,5.44,-2.86,3.25,1.68
2026-09-03,Monthly,2021-03-01,2021-03-31,Metro,"Anaheim, CA metro area",295,-71.12,157,-26.55,3.62,-7.61,1.83,-0.35
2026-09-03,Monthly,2021-03-01,2021-03-31,Metro,"Atlanta, GA metro area",1570,-48.64,395,-43.32,5.88,-1.53,1.47,-0.16
2026-09-03,Monthly,2021-03-01,2021-03-31,Metro,"Austin, TX metro area",292,-64.21,90,-41.43,3.77,-4.31,1.18,-0.37
2026-09-03,Monthly,2021-03-01,2021-03-31,Metro,"Baltimore, MD metro area",391,-64.46,188,-47.28,3.99,-4.15,1.75,-0.66
2026-09-03,Monthly,2021-03-01,2021-03-31,Metro,"Boston, MA metro area",662,-62.77,294,-1.9,5.54,-8.06,2.53,0.18
2026-09-03,Monthly,2021-03-01,2021-03-31,Metro,"Charlotte, NC metro area",269,-58.54,129,-41.56,1.74,-2.01,1.04,-0.37
2026-09-03,Monthly,2021-03-01,2021-03-31,Metro,"Chicago, IL metro area",1725,-58.91,819,-16.76,6.17,-4.2,2.67,0.6
2026-09-03,Monthly,2021-03-01,2021-03-31,Metro,"Cincinnati, OH metro area",256,-57.27,86,-43.7,3.12,-2.99,1.05,-0.45
2026-09-03,Monthly,2021-03-01,2021-03-31,Metro,"Cleveland, OH metro area",235,-65.94,118,-36.94,3.27,-4.11,1.59,-0.31
2026-09-03,Monthly,2021-03-01,2021-03-31,Metro,"Columbus, OH metro area",154,-56.93,78,-42.55,2.18,-1.95,1.09,-0.46
2026-09-03,Monthly,2021-03-01,2021-03-31,Metro,"Dallas, TX metro area",709,-70.64,336,-42.46,4.83,-5.2,2.33,-0.16
2026-09-03,Monthly,2021-03-01,2021-03-31,Metro,"Denver, CO metro area",240,-71.89,140,-45.52,2.65,-4.38,1.54,-0.58
2026-09-03,Monthly,2021-03-01,2021-03-31,Metro,"Detroit, MI metro area",205,-64.47,117,-35.08,3.84,-4.07,2.19,-0.24
2026-09-03,Monthly,2021-03-01,2021-03-31,Metro,"Fort Lauderdale, FL metro area",819,-34.68,403,24.52,5.1,-1.86,2.46,0.68
2026-09-03,Monthly,2021-03-01,2021-03-31,Metro,"Fort Worth, TX metro area",223,-69.34,114,-49.17,3.26,-3.86,1.7,-0.46
2026-09-03,Monthly,2021-03-01,2021-03-31,Metro,"Houston, TX metro area",1437,-44.6,599,-20.02,5.29,-1.82,2.27,0.29
2026-09-03,Monthly,2021-03-01,2021-03-31,Metro,"Indianapolis, IN metro area",326,-52.29,112,-36.82,5.57,-2.29,1.96,-0.15
2026-09-03,Monthly,2021-03-01,2021-03-31,Metro,"Jacksonville, FL metro area",251,-55.87,134,-35.66,2.79,-1.91,1.48,-0.07
2026-09-03,Monthly,2021-03-01,2021-03-31,Metro,"Kansas City, MO metro area",312,-47.78,82,-54.96,3.25,-2.32,1.03,-0.86
2026-09-03,Monthly,2021-03-01,2021-03-31,Metro,"Las Vegas, NV metro area",420,-45.36,258,-20.74,4.03,-1.95,2.5,0.03
2026-09-03,Monthly,2021-03-01,2021-03-31,Metro,"Los Angeles, CA metro area",1074,-45.46,509,16,4.82,-4.3,2.35,0.25
2026-09-03,Monthly,2021-03-01,2021-03-31,Metro,"Miami, FL metro area",1290,-18,666,42.85,6.99,-1.05,3.61,1.43
2026-09-03,Monthly,2021-03-01,2021-03-31,Metro,"Milwaukee, WI metro area",124,-42.71,50,-39.06,1.67,-0.95,0.93,-0.3
2026-09-03,Monthly,2021-03-01,2021-03-31,Metro,"Minneapolis, MN metro area",506,-38.22,209,-29.37,3.93,-1.05,1.69,-0.26
2026-09-03,Monthly,2021-03-01,2021-03-31,Metro,"Montgomery County, PA metro area",301,-71.68,86,-38.48,4.68,-8.39,1.47,-0.38
2026-09-03,Monthly,2021-03-01,2021-03-31,Metro,"Nashville, TN metro area",421,-38.55,133,-51.9,4.33,-0.46,1.63,-0.24
2026-09-03,Monthly,2021-03-01,2021-03-31,Metro,"Nassau County, NY metro area",588,-39.69,259,-17.62,5.82,-1.77,2.53,0.12
2026-09-03,Monthly,2021-03-01,2021-03-31,Metro,"New Brunswick, NJ metro area",704,-62.48,223,-34.7,6.39,-5.8,2.03,-0.23
2026-09-03,Monthly,2021-03-01,2021-03-31,Metro,"New York, NY metro area",2823,-41.36,1023,55.09,6.99,-4.32,2.48,0.99
2026-09-03,Monthly,2021-03-01,2021-03-31,Metro,"Newark, NJ metro area",539,-55.15,269,-34.96,4.75,-4.02,2.3,-0.35
2026-09-03,Monthly,2021-03-01,2021-03-31,Metro,"Oakland, CA metro area",243,-60.7,93,-17.51,4.76,-8.22,1.88,-0.56
2026-09-03,Monthly,2021-03-01,2021-03-31,Metro,"Orlando, FL metro area",556,-42.34,254,0.57,5.18,-1.39,2.43,0.84
2026-09-03,Monthly,2021-03-01,2021-03-31,Metro,"Philadelphia, PA metro area",517,-55.92,237,22.4,6.32,-7.51,2.92,0.61
2026-09-03,Monthly,2021-03-01,2021-03-31,Metro,"Phoenix, AZ metro area",520,-64.66,337,-19.81,2.73,-3.49,1.71,-0.01
2026-09-03,Monthly,2021-03-01,2021-03-31,Metro,"Pittsburgh, PA metro area",297,-55.55,112,-25.51,3.28,-2.79,1.27,0.03
2026-09-03,Monthly,2021-03-01,2021-03-31,Metro,"Portland, OR metro area",215,-60.18,102,-47.08,2.74,-2.78,1.31,-0.64
2026-09-03,Monthly,2021-03-01,2021-03-31,Metro,"Providence, RI metro area",230,-52.12,67,-60.03,4.32,-2.61,1.29,-1.12
2026-09-03,Monthly,2021-03-01,2021-03-31,Metro,"Riverside, CA metro area",438,-68.48,258,-38.06,2.92,-3.78,1.6,-0.29
2026-09-03,Monthly,2021-03-01,2021-03-31,Metro,"Sacramento, CA metro area",219,-77.42,109,-46.12,3.88,-8.98,2.01,-0.74
2026-09-03,Monthly,2021-03-01,2021-03-31,Metro,"San Antonio, TX metro area",295,-61.54,120,-43.26,3.19,-1.85,1.19,-0.27
2026-09-03,Monthly,2021-03-01,2021-03-31,Metro,"San Diego, CA metro area",253,-65.32,109,-46.12,3.8,-4.14,1.49,-0.64
2026-09-03,Monthly,2021-03-01,2021-03-31,Metro,"San Francisco, CA metro area",250,-50.71,147,198.23,7.03,-12.44,4.09,2.2
2026-09-03,Monthly,2021-03-01,2021-03-31,Metro,"San Jose, CA metro area",155,-55.67,80,-4.56,4.43,-5.4,2.27,-0.05
2026-09-03,Monthly,2021-03-01,2021-03-31,Metro,"Seattle, WA metro area",332,-57.62,163,-26.96,3.82,-4.58,1.94,-0.48
2026-09-03,Monthly,2021-03-01,2021-03-31,Metro,"St. Louis, MO metro area",317,-51.66,145,-44.16,3.28,-2.88,1.59,-0.57
2026-09-03,Monthly,2021-03-01,2021-03-31,Metro,"Tampa, FL metro area",536,-59.56,244,-26.97,3.96,-2.29,1.8,0.21
2026-09-03,Monthly,2021-03-01,2021-03-31,Metro,"Virginia Beach, VA metro area",235,-34.49,75,-53.38,3,-0.45,0.88,-0.72
2026-09-03,Monthly,2021-03-01,2021-03-31,Metro,"Warren, MI metro area",272,-73.1,138,-44.82,3.12,-5.59,1.62,-0.58
2026-09-03,Monthly,2021-03-01,2021-03-31,Metro,"Washington, DC metro area",755,-49.33,328,-9.26,4.18,-3.23,1.89,-0.02
2026-09-03,Monthly,2021-03-01,2021-03-31,Metro,"West Palm Beach, FL metro area",584,-56.75,383,26.09,4.52,-4.15,2.99,1.09
2026-09-03,Monthly,2021-02-01,2021-02-28,Metro,"Anaheim, CA metro area",254,-41.32,141,-46.55,3.03,-1.2,1.64,-0.93
2026-09-03,Monthly,2021-02-01,2021-02-28,Metro,"Atlanta, GA metro area",1540,-48.62,413,-46.55,5.74,-1.39,1.53,-0.27
2026-09-03,Monthly,2021-02-01,2021-02-28,Metro,"Austin, TX metro area",268,-29.33,87,-52.02,3.81,0.2,1.26,-0.54
2026-09-03,Monthly,2021-02-01,2021-02-28,Metro,"Baltimore, MD metro area",435,-34.35,223,-46.42,4.41,-0.36,2.16,-0.64
2026-09-03,Monthly,2021-02-01,2021-02-28,Metro,"Boston, MA metro area",644,-8.44,345,-31.76,5.4,0.48,2.75,-0.5
2026-09-03,Monthly,2021-02-01,2021-02-28,Metro,"Charlotte, NC metro area",351,-31.47,112,-52.19,2.03,-0.36,0.62,-0.85
2026-09-03,Monthly,2021-02-01,2021-02-28,Metro,"Chicago, IL metro area",1648,-19.46,748,-37.35,5.97,1.02,2.48,0
2026-09-03,Monthly,2021-02-01,2021-02-28,Metro,"Cincinnati, OH metro area",242,-40.85,80,-49.78,2.99,-1.16,0.98,-0.61
2026-09-03,Monthly,2021-02-01,2021-02-28,Metro,"Cleveland, OH metro area",282,-38.96,118,-48.01,3.96,-0.72,1.61,-0.59
2026-09-03,Monthly,2021-02-01,2021-02-28,Metro,"Columbus, OH metro area",175,-39.13,71,-53.15,2.52,-0.76,1,-0.77
2026-09-03,Monthly,2021-02-01,2021-02-28,Metro,"Dallas, TX metro area",686,-45.98,254,-64.31,4.72,-0.5,1.85,-1.11
2026-09-03,Monthly,2021-02-01,2021-02-28,Metro,"Denver, CO metro area",285,-33.44,134,-50.63,3,-0.58,1.44,-0.8
2026-09-03,Monthly,2021-02-01,2021-02-28,Metro,"Detroit, MI metro area",239,-52.6,112,-48.97,4.56,-1.97,2.09,-0.61
2026-09-03,Monthly,2021-02-01,2021-02-28,Metro,"Fort Lauderdale, FL metro area",840,-19.87,382,8.24,5.18,-0.64,2.31,0.37
2026-09-03,Monthly,2021-02-01,2021-02-28,Metro,"Fort Worth, TX metro area",232,-57.21,98,-61.39,3.46,-1.29,1.51,-0.85
2026-09-03,Monthly,2021-02-01,2021-02-28,Metro,"Houston, TX metro area",1560,-18.25,477,-43.12,5.64,0.53,1.82,-0.42
2026-09-03,Monthly,2021-02-01,2021-02-28,Metro,"Indianapolis, IN metro area",313,-48.4,130,-38.18,5.62,-1.34,2.38,-0.12
2026-09-03,Monthly,2021-02-01,2021-02-28,Metro,"Jacksonville, FL metro area",290,-35.14,119,-47.04,3.03,-0.78,1.34,-0.39
2026-09-03,Monthly,2021-02-01,2021-02-28,Metro,"Kansas City, MO metro area",267,-17.93,77,-62.07,3.11,-0.15,1,-1.17
2026-09-03,Monthly,2021-02-01,2021-02-28,Metro,"Las Vegas, NV metro area",457,-28.07,258,-26.51,4.13,-0.68,2.39,-0.26
2026-09-03,Monthly,2021-02-01,2021-02-28,Metro,"Los Angeles, CA metro area",1092,-6.21,494,-10.5,4.82,-0.12,2.26,-0.24
2026-09-03,Monthly,2021-02-01,2021-02-28,Metro,"Miami, FL metro area",1344,-8.56,627,23.43,7.48,0.42,3.44,1.04
2026-09-03,Monthly,2021-02-01,2021-02-28,Metro,"Milwaukee, WI metro area",140,-29.67,46,-59.04,2.05,-0.45,0.85,-0.83
2026-09-03,Monthly,2021-02-01,2021-02-28,Metro,"Minneapolis, MN metro area",588,14.34,216,-30.59,4.74,1.2,1.73,-0.36
2026-09-03,Monthly,2021-02-01,2021-02-28,Metro,"Montgomery County, PA metro area",259,-33.72,65,-63.19,4.54,-0.3,1.15,-1.06
2026-09-03,Monthly,2021-02-01,2021-02-28,Metro,"Nashville, TN metro area",480,-27.15,138,-51.11,4.56,0.06,1.46,-0.5
2026-09-03,Monthly,2021-02-01,2021-02-28,Metro,"Nassau County, NY metro area",603,-25.81,235,-40.83,5.86,-0.29,2.28,-0.65
2026-09-03,Monthly,2021-02-01,2021-02-28,Metro,"New Brunswick, NJ metro area",688,-45.25,203,-60.65,6.28,-1.33,1.87,-1.31
2026-09-03,Monthly,2021-02-01,2021-02-28,Metro,"New York, NY metro area",2722,-6.18,916,-20.29,6.65,0.26,2.19,-0.32
2026-09-03,Monthly,2021-02-01,2021-02-28,Metro,"Newark, NJ metro area",588,-47.33,288,-35.08,5.19,-2.64,2.08,-1.31
2026-09-03,Monthly,2021-02-01,2021-02-28,Metro,"Oakland, CA metro area",240,-13.07,104,-32.77,4.6,-0.49,2.09,-0.95
2026-09-03,Monthly,2021-02-01,2021-02-28,Metro,"Orlando, FL metro area",430,-28.24,236,-20.3,3.99,-0.22,2.17,0.27
2026-09-03,Monthly,2021-02-01,2021-02-28,Metro,"Philadelphia, PA metro area",534,-18.99,228,-5.11,6.62,-0.75,2.85,0.13
2026-09-03,Monthly,2021-02-01,2021-02-28,Metro,"Phoenix, AZ metro area",573,-23.18,328,-27.63,3.01,-0.18,1.68,-0.17
2026-09-03,Monthly,2021-02-01,2021-02-28,Metro,"Pittsburgh, PA metro area",299,-41.2,113,-46.12,3.22,-1.14,1.17,-0.4
2026-09-03,Monthly,2021-02-01,2021-02-28,Metro,"Portland, OR metro area",327,-4.5,115,-44.04,4.4,0.95,1.55,-0.48
2026-09-03,Monthly,2021-02-01,2021-02-28,Metro,"Providence, RI metro area",171,-50.05,90,-54.91,3.33,-1.05,1.77,-0.95
2026-09-03,Monthly,2021-02-01,2021-02-28,Metro,"Riverside, CA metro area",465,-51.76,248,-45.67,3.03,-1.22,1.57,-0.42
2026-09-03,Monthly,2021-02-01,2021-02-28,Metro,"Sacramento, CA metro area",234,-42.35,111,-54.19,4.36,-0.93,2.09,-1.06
2026-09-03,Monthly,2021-02-01,2021-02-28,Metro,"San Antonio, TX metro area",282,-45.77,121,-49.64,3.2,-0.92,1.24,-0.47
2026-09-03,Monthly,2021-02-01,2021-02-28,Metro,"San Diego, CA metro area",215,-44.63,118,-58.66,2.88,-1.29,1.64,-1.26
2026-09-03,Monthly,2021-02-01,2021-02-28,Metro,"San Francisco, CA metro area",395,204.94,120,26.49,10.68,6.16,3.15,-0.4
2026-09-03,Monthly,2021-02-01,2021-02-28,Metro,"San Jose, CA metro area",179,14.98,86,-19.4,4.58,0.91,2.29,-0.46
2026-09-03,Monthly,2021-02-01,2021-02-28,Metro,"Seattle, WA metro area",366,-6.15,169,-28.8,4.26,0.12,2,-0.54
2026-09-03,Monthly,2021-02-01,2021-02-28,Metro,"St. Louis, MO metro area",369,-35.78,126,-59.05,4.01,-1.28,1.41,-1.12
2026-09-03,Monthly,2021-02-01,2021-02-28,Metro,"Tampa, FL metro area",414,-51.58,211,-41.42,2.94,-1.11,1.52,-0.17
2026-09-03,Monthly,2021-02-01,2021-02-28,Metro,"Virginia Beach, VA metro area",194,-44.06,51,-71.04,2.55,-0.86,0.73,-1.03
2026-09-03,Monthly,2021-02-01,2021-02-28,Metro,"Warren, MI metro area",335,-50.39,131,-61.25,4.03,-1.55,1.58,-1.19
2026-09-03,Monthly,2021-02-01,2021-02-28,Metro,"Washington, DC metro area",718,-13.49,275,-43.74,4.08,-0.06,1.6,-0.96
2026-09-03,Monthly,2021-02-01,2021-02-28,Metro,"West Palm Beach, FL metro area",668,-11.3,330,-11.25,4.94,0.3,2.49,0.21
2026-09-03,Monthly,2021-01-01,2021-01-31,Metro,"Anaheim, CA metro area",308,-23.06,163,-35.53,3.47,-0.58,1.83,-0.66
2026-09-03,Monthly,2021-01-01,2021-01-31,Metro,"Atlanta, GA metro area",1711,-42.77,448,-46.9,6.22,-0.82,1.59,-0.35
2026-09-03,Monthly,2021-01-01,2021-01-31,Metro,"Austin, TX metro area",237,-36,98,-51.93,3.03,-0.53,1.34,-0.68
2026-09-03,Monthly,2021-01-01,2021-01-31,Metro,"Baltimore, MD metro area",418,-39.09,240,-42.32,4.07,-0.87,2.27,-0.58
2026-09-03,Monthly,2021-01-01,2021-01-31,Metro,"Boston, MA metro area",655,-9.55,362,-15.56,5.34,-0.1,2.85,-0.21
2026-09-03,Monthly,2021-01-01,2021-01-31,Metro,"Charlotte, NC metro area",306,-42.58,142,-36.15,2.45,-1.57,1.1,-0.37
2026-09-03,Monthly,2021-01-01,2021-01-31,Metro,"Chicago, IL metro area",1658,-22.93,868,-28.41,5.43,0.34,2.68,0.07
2026-09-03,Monthly,2021-01-01,2021-01-31,Metro,"Cincinnati, OH metro area",261,-40.47,99,-49.13,3.14,-1.36,1.13,-0.77
2026-09-03,Monthly,2021-01-01,2021-01-31,Metro,"Cleveland, OH metro area",288,-40.32,92,-62.59,4,-0.71,1.15,-1.08
2026-09-03,Monthly,2021-01-01,2021-01-31,Metro,"Columbus, OH metro area",168,-47.71,98,-39.47,2.34,-1.27,1.37,-0.42
2026-09-03,Monthly,2021-01-01,2021-01-31,Metro,"Dallas, TX metro area",658,-53.68,366,-46.8,4.13,-1.7,2.31,-0.52
2026-09-03,Monthly,2021-01-01,2021-01-31,Metro,"Denver, CO metro area",245,-50.15,155,-40.88,2.54,-1.47,1.62,-0.5
2026-09-03,Monthly,2021-01-01,2021-01-31,Metro,"Detroit, MI metro area",262,-56.92,126,-47.66,4.89,-3,2.26,-0.84
2026-09-03,Monthly,2021-01-01,2021-01-31,Metro,"Fort Lauderdale, FL metro area",916,-7.49,346,-3.72,5.38,-0.02,2,0.06
2026-09-03,Monthly,2021-01-01,2021-01-31,Metro,"Fort Worth, TX metro area",236,-51.9,136,-50.92,3.2,-1.31,1.91,-0.71
2026-09-03,Monthly,2021-01-01,2021-01-31,Metro,"Houston, TX metro area",1340,-31.25,653,-24.85,4.57,-0.77,2.32,-0.04
2026-09-03,Monthly,2021-01-01,2021-01-31,Metro,"Indianapolis, IN metro area",337,-42.93,156,-33.41,5.47,-1.32,2.56,-0.13
2026-09-03,Monthly,2021-01-01,2021-01-31,Metro,"Jacksonville, FL metro area",299,-31.58,110,-52.93,3.1,-0.59,1.21,-0.68
2026-09-03,Monthly,2021-01-01,2021-01-31,Metro,"Kansas City, MO metro area",250,-31.8,83,-58.95,3.01,-0.51,1,-1.02
2026-09-03,Monthly,2021-01-01,2021-01-31,Metro,"Las Vegas, NV metro area",445,-41.45,232,-30.29,3.81,-1.68,2.05,-0.4
2026-09-03,Monthly,2021-01-01,2021-01-31,Metro,"Los Angeles, CA metro area",1118,-10.69,503,-7.13,4.82,-0.62,2.25,-0.2
2026-09-03,Monthly,2021-01-01,2021-01-31,Metro,"Miami, FL metro area",1324,-10.59,634,24.17,7.07,0.34,3.42,1.05
2026-09-03,Monthly,2021-01-01,2021-01-31,Metro,"Milwaukee, WI metro area",135,-42.07,60,-38.43,3.34,-1.5,1,-0.43
2026-09-03,Monthly,2021-01-01,2021-01-31,Metro,"Minneapolis, MN metro area",445,-8.29,214,-30.59,3.61,0.34,1.69,-0.38
2026-09-03,Monthly,2021-01-01,2021-01-31,Metro,"Montgomery County, PA metro area",269,-36.1,117,-37.39,4.21,-0.92,1.91,-0.36
2026-09-03,Monthly,2021-01-01,2021-01-31,Metro,"Nashville, TN metro area",483,-28.04,216,-27.68,4.28,-0.19,2,0.01
2026-09-03,Monthly,2021-01-01,2021-01-31,Metro,"Nassau County, NY metro area",597,-37.05,285,-22.93,5.47,-1.49,2.56,-0.13
2026-09-03,Monthly,2021-01-01,2021-01-31,Metro,"New Brunswick, NJ metro area",717,-40.29,285,-46.97,6.09,-1.25,2.44,-0.87
2026-09-03,Monthly,2021-01-01,2021-01-31,Metro,"New York, NY metro area",3784,41.29,974,-12.54,7.66,1.87,2.04,-0.44
2026-09-03,Monthly,2021-01-01,2021-01-31,Metro,"Newark, NJ metro area",604,12.94,322,-27.76,4.69,1.27,2.56,-0.78
2026-09-03,Monthly,2021-01-01,2021-01-31,Metro,"Oakland, CA metro area",274,2.11,102,-29.49,4.92,-0.18,1.93,-1.01
2026-09-03,Monthly,2021-01-01,2021-01-31,Metro,"Orlando, FL metro area",520,-19.78,226,-33.53,4.37,0.1,1.9,-0.29
2026-09-03,Monthly,2021-01-01,2021-01-31,Metro,"Philadelphia, PA metro area",521,-12.83,249,-2.15,6.24,-0.64,2.96,0.09
2026-09-03,Monthly,2021-01-01,2021-01-31,Metro,"Phoenix, AZ metro area",593,-23.05,338,-25.85,3.03,-0.21,1.71,-0.15
2026-09-03,Monthly,2021-01-01,2021-01-31,Metro,"Pittsburgh, PA metro area",281,-43.68,136,-25.77,2.8,-1.37,1.37,-0.21
2026-09-03,Monthly,2021-01-01,2021-01-31,Metro,"Portland, OR metro area",201,-45.76,129,-30.76,2.62,-1.09,1.67,-0.19
2026-09-03,Monthly,2021-01-01,2021-01-31,Metro,"Providence, RI metro area",186,-49.48,98,-47.37,3.36,-1.56,1.83,-0.72
2026-09-03,Monthly,2021-01-01,2021-01-31,Metro,"Riverside, CA metro area",512,-45.53,261,-47.42,3.23,-0.97,1.55,-0.73
2026-09-03,Monthly,2021-01-01,2021-01-31,Metro,"Sacramento, CA metro area",255,-38.87,101,-61.27,4.74,-0.77,1.9,-1.56
2026-09-03,Monthly,2021-01-01,2021-01-31,Metro,"San Antonio, TX metro area",286,-44.96,162,-32.8,2.95,-0.92,1.6,-0.15
2026-09-03,Monthly,2021-01-01,2021-01-31,Metro,"San Diego, CA metro area",219,-46.55,116,-53.27,3.15,-0.96,1.58,-1
2026-09-03,Monthly,2021-01-01,2021-01-31,Metro,"San Francisco, CA metro area",311,86.96,123,59.29,7.79,1.75,3.06,0.25
2026-09-03,Monthly,2021-01-01,2021-01-31,Metro,"San Jose, CA metro area",170,-0.44,93,-11.25,4.1,-0.12,2.36,-0.33
2026-09-03,Monthly,2021-01-01,2021-01-31,Metro,"Seattle, WA metro area",365,-10.59,180,-27.54,4.12,-0.19,2.03,-0.64
2026-09-03,Monthly,2021-01-01,2021-01-31,Metro,"St. Louis, MO metro area",380,-37.69,147,-48.14,3.98,-1.21,1.56,-0.71
2026-09-03,Monthly,2021-01-01,2021-01-31,Metro,"Tampa, FL metro area",469,-41.87,227,-40.38,3.19,-0.5,1.55,-0.2
2026-09-03,Monthly,2021-01-01,2021-01-31,Metro,"Virginia Beach, VA metro area",199,-48.73,100,-45.91,2.52,-1.27,1.25,-0.58
2026-09-03,Monthly,2021-01-01,2021-01-31,Metro,"Warren, MI metro area",294,-60.6,177,-43.55,3.39,-2.68,2.04,-0.53
2026-09-03,Monthly,2021-01-01,2021-01-31,Metro,"Washington, DC metro area",717,-5.32,363,-27.65,3.99,0.1,2.04,-0.58
2026-09-03,Monthly,2021-01-01,2021-01-31,Metro,"West Palm Beach, FL metro area",697,-12.48,301,-26.12,4.92,0.02,2.17,-0.3
2026-09-03,Monthly,2020-12-01,2020-12-31,Metro,"Anaheim, CA metro area",288,-38.2,224,-2.01,3.13,-1.47,2.45,0.21
2026-09-03,Monthly,2020-12-01,2020-12-31,Metro,"Atlanta, GA metro area",1813,-41.99,671,-2.8,6.45,-0.96,2.38,0.74
2026-09-03,Monthly,2020-12-01,2020-12-31,Metro,"Austin, TX metro area",174,-56.13,165,-16.05,1.94,-1.81,1.76,-0.07
2026-09-03,Monthly,2020-12-01,2020-12-31,Metro,"Baltimore, MD metro area",423,-51.23,221,-33.03,4.09,-1.99,2.07,-0.16
2026-09-03,Monthly,2020-12-01,2020-12-31,Metro,"Boston, MA metro area",685,-15.3,314,-13.36,5.6,-0.47,2.46,-0.15
2026-09-03,Monthly,2020-12-01,2020-12-31,Metro,"Charlotte, NC metro area",255,-51.19,151,-31.66,2.97,-1.5,1.13,-0.31
2026-09-03,Monthly,2020-12-01,2020-12-31,Metro,"Chicago, IL metro area",1654,-28.69,796,-39.74,5.51,0.14,2.53,-0.33
2026-09-03,Monthly,2020-12-01,2020-12-31,Metro,"Cincinnati, OH metro area",224,-46.43,134,-31,2.63,-1.66,1.56,-0.39
2026-09-03,Monthly,2020-12-01,2020-12-31,Metro,"Cleveland, OH metro area",229,-57.38,140,-30.7,3.09,-2.09,1.9,-0.07
2026-09-03,Monthly,2020-12-01,2020-12-31,Metro,"Columbus, OH metro area",156,-53.31,94,-39.59,2.16,-1.64,1.27,-0.46
2026-09-03,Monthly,2020-12-01,2020-12-31,Metro,"Dallas, TX metro area",601,-53.63,469,-27.49,3.67,-1.63,2.76,0.19
2026-09-03,Monthly,2020-12-01,2020-12-31,Metro,"Denver, CO metro area",251,-72.61,208,-18.35,2.72,-4.38,2.17,0.17
2026-09-03,Monthly,2020-12-01,2020-12-31,Metro,"Detroit, MI metro area",241,-52.87,110,-18.08,4.47,-2.33,2.29,0.3
2026-09-03,Monthly,2020-12-01,2020-12-31,Metro,"Fort Lauderdale, FL metro area",934,-3.19,384,3,5.27,-0.03,2.16,0.13
2026-09-03,Monthly,2020-12-01,2020-12-31,Metro,"Fort Worth, TX metro area",234,-57.41,150,-38.82,3.11,-2.01,2.04,-0.27
2026-09-03,Monthly,2020-12-01,2020-12-31,Metro,"Houston, TX metro area",1302,-35.96,636,-23.15,4.67,-0.85,2.24,-0.03
2026-09-03,Monthly,2020-12-01,2020-12-31,Metro,"Indianapolis, IN metro area",308,-43.29,162,-9.46,4.89,-1.24,2.63,0.55
2026-09-03,Monthly,2020-12-01,2020-12-31,Metro,"Jacksonville, FL metro area",229,-54.38,175,-8.59,2.53,-1.72,1.73,0.21
2026-09-03,Monthly,2020-12-01,2020-12-31,Metro,"Kansas City, MO metro area",182,-58.13,136,-21.12,2.4,-1.63,1.63,-0.04
2026-09-03,Monthly,2020-12-01,2020-12-31,Metro,"Las Vegas, NV metro area",513,-28.54,261,-16.12,4.18,-0.84,2.19,-0.08
2026-09-03,Monthly,2020-12-01,2020-12-31,Metro,"Los Angeles, CA metro area",1173,-6.23,578,12.65,4.93,-0.41,2.48,0.19
2026-09-03,Monthly,2020-12-01,2020-12-31,Metro,"Miami, FL metro area",1442,-1.02,626,20.03,7.76,0.92,3.26,0.85
2026-09-03,Monthly,2020-12-01,2020-12-31,Metro,"Milwaukee, WI metro area",149,-38.85,83,-26.89,4.05,-2.53,1.33,-0.33
2026-09-03,Monthly,2020-12-01,2020-12-31,Metro,"Minneapolis, MN metro area",409,-36.68,254,-14.47,3.32,-0.99,1.98,0
2026-09-03,Monthly,2020-12-01,2020-12-31,Metro,"Montgomery County, PA metro area",167,-63.54,162,25.83,2.64,-2.8,2.54,0.99
2026-09-03,Monthly,2020-12-01,2020-12-31,Metro,"Nashville, TN metro area",452,-37.17,255,-11.84,3.8,-0.92,2.13,0.18
2026-09-03,Monthly,2020-12-01,2020-12-31,Metro,"Nassau County, NY metro area",619,-35.26,307,-9.83,5.49,-1.52,2.7,0.28
2026-09-03,Monthly,2020-12-01,2020-12-31,Metro,"New Brunswick, NJ metro area",600,-53.45,330,-32.9,4.79,-3.08,2.66,-0.41
2026-09-03,Monthly,2020-12-01,2020-12-31,Metro,"New York, NY metro area",2944,2.56,1016,-6.9,5.99,-0.33,2.06,-0.35
2026-09-03,Monthly,2020-12-01,2020-12-31,Metro,"Newark, NJ metro area",628,-31.75,392,-3.94,4.5,-2.41,2.94,0.34
2026-09-03,Monthly,2020-12-01,2020-12-31,Metro,"Oakland, CA metro area",231,-27.85,146,-4.38,4.11,-1.78,2.68,-0.28
2026-09-03,Monthly,2020-12-01,2020-12-31,Metro,"Orlando, FL metro area",482,-26.25,241,-16.2,3.92,-0.56,1.89,-0.03
2026-09-03,Monthly,2020-12-01,2020-12-31,Metro,"Philadelphia, PA metro area",564,-8.97,264,12.96,6.76,-0.36,3.09,0.47
2026-09-03,Monthly,2020-12-01,2020-12-31,Metro,"Phoenix, AZ metro area",568,-32.33,481,-5.46,2.73,-0.77,2.05,0.09
2026-09-03,Monthly,2020-12-01,2020-12-31,Metro,"Pittsburgh, PA metro area",305,-39.76,68,-64.63,3.15,-1.11,0.75,-0.77
2026-09-03,Monthly,2020-12-01,2020-12-31,Metro,"Portland, OR metro area",221,-43.77,152,-20.76,2.85,-0.95,2.03,0.12
2026-09-03,Monthly,2020-12-01,2020-12-31,Metro,"Providence, RI metro area",179,-55.29,115,-30.87,3.26,-2.18,2.12,-0.17
2026-09-03,Monthly,2020-12-01,2020-12-31,Metro,"Riverside, CA metro area",420,-55.62,347,-23.73,2.55,-1.68,2.07,0.02
2026-09-03,Monthly,2020-12-01,2020-12-31,Metro,"Sacramento, CA metro area",210,-56.52,147,-20.79,3.74,-2.77,2.63,0.06
2026-09-03,Monthly,2020-12-01,2020-12-31,Metro,"San Antonio, TX metro area",281,-50.52,155,-37.6,2.84,-1.18,1.58,-0.19
2026-09-03,Monthly,2020-12-01,2020-12-31,Metro,"San Diego, CA metro area",202,-59.22,175,-33.95,2.66,-2.76,2.29,-0.42
2026-09-03,Monthly,2020-12-01,2020-12-31,Metro,"San Francisco, CA metro area",265,59.26,159,98.59,6.11,0.17,3.6,0.87
2026-09-03,Monthly,2020-12-01,2020-12-31,Metro,"San Jose, CA metro area",165,-18.35,101,21.92,4.02,-0.73,2.55,0.6
2026-09-03,Monthly,2020-12-01,2020-12-31,Metro,"Seattle, WA metro area",361,-14.06,211,-12.52,4.03,-0.42,2.52,-0.17
2026-09-03,Monthly,2020-12-01,2020-12-31,Metro,"St. Louis, MO metro area",350,-45.61,224,-16.62,3.35,-2.08,2.36,0.17
2026-09-03,Monthly,2020-12-01,2020-12-31,Metro,"Tampa, FL metro area",440,-47.46,257,-30.17,2.89,-0.99,1.68,-0.03
2026-09-03,Monthly,2020-12-01,2020-12-31,Metro,"Virginia Beach, VA metro area",175,-56.57,113,-40.31,2.15,-1.73,1.4,-0.43
2026-09-03,Monthly,2020-12-01,2020-12-31,Metro,"Warren, MI metro area",277,-62.29,199,-20.53,3.15,-2.87,2.3,0.23
2026-09-03,Monthly,2020-12-01,2020-12-31,Metro,"Washington, DC metro area",768,-15.07,425,14.87,4.25,-0.52,2.39,0.36
2026-09-03,Monthly,2020-12-01,2020-12-31,Metro,"West Palm Beach, FL metro area",702,-9.22,352,-16.96,4.74,-0.05,2.36,-0.22
2026-09-03,Monthly,2020-11-01,2020-11-30,Metro,"Anaheim, CA metro area",313,-44.36,180,-20.46,3.43,-1.9,1.95,-0.25
2026-09-03,Monthly,2020-11-01,2020-11-30,Metro,"Atlanta, GA metro area",1793,-40.88,540,-26.03,6.15,-1.07,1.85,0.1
2026-09-03,Monthly,2020-11-01,2020-11-30,Metro,"Austin, TX metro area",205,-47.09,136,-31.08,2.29,-1.39,1.47,-0.4
2026-09-03,Monthly,2020-11-01,2020-11-30,Metro,"Baltimore, MD metro area",424,-52.75,294,-4.94,3.97,-2.27,2.72,0.58
2026-09-03,Monthly,2020-11-01,2020-11-30,Metro,"Boston, MA metro area",637,-21.43,343,-11.49,5.04,-0.71,2.68,-0.04
2026-09-03,Monthly,2020-11-01,2020-11-30,Metro,"Charlotte, NC metro area",242,-58.51,166,-22.76,2.82,-1.91,1.25,-0.14
2026-09-03,Monthly,2020-11-01,2020-11-30,Metro,"Chicago, IL metro area",1691,-30.01,845,-28.18,5.51,-0.14,2.71,0.03
2026-09-03,Monthly,2020-11-01,2020-11-30,Metro,"Cincinnati, OH metro area",249,-35.48,106,-37.68,2.82,-0.95,1.19,-0.54
2026-09-03,Monthly,2020-11-01,2020-11-30,Metro,"Cleveland, OH metro area",267,-51.58,148,-19.27,3.45,-1.77,2,0.19
2026-09-03,Monthly,2020-11-01,2020-11-30,Metro,"Columbus, OH metro area",168,-51.53,100,-29.74,2.15,-1.57,1.28,-0.25
2026-09-03,Monthly,2020-11-01,2020-11-30,Metro,"Dallas, TX metro area",684,-52.69,500,-26.42,3.91,-1.83,2.88,0.17
2026-09-03,Monthly,2020-11-01,2020-11-30,Metro,"Denver, CO metro area",274,-46.85,188,-32.14,2.87,-1.17,1.99,-0.22
2026-09-03,Monthly,2020-11-01,2020-11-30,Metro,"Detroit, MI metro area",296,-46.45,129,-29.14,5.25,-1.99,2.37,-0.05
2026-09-03,Monthly,2020-11-01,2020-11-30,Metro,"Fort Lauderdale, FL metro area",884,-20.49,381,-0.39,4.86,-1.12,2.09,0.02
2026-09-03,Monthly,2020-11-01,2020-11-30,Metro,"Fort Worth, TX metro area",255,-54.58,146,-42.64,3.34,-1.86,1.86,-0.52
2026-09-03,Monthly,2020-11-01,2020-11-30,Metro,"Houston, TX metro area",1337,-34.36,699,-10.04,4.59,-1.05,2.44,0.27
2026-09-03,Monthly,2020-11-01,2020-11-30,Metro,"Indianapolis, IN metro area",340,-37.18,203,19.17,5.37,-0.8,3.13,1.21
2026-09-03,Monthly,2020-11-01,2020-11-30,Metro,"Jacksonville, FL metro area",245,-50.25,165,-22.77,2.59,-1.49,1.64,-0.13
2026-09-03,Monthly,2020-11-01,2020-11-30,Metro,"Kansas City, MO metro area",200,-53.95,120,-33.38,2.65,-1.28,1.4,-0.29
2026-09-03,Monthly,2020-11-01,2020-11-30,Metro,"Las Vegas, NV metro area",487,-37.23,306,-2.27,3.84,-1.49,2.49,0.29
2026-09-03,Monthly,2020-11-01,2020-11-30,Metro,"Los Angeles, CA metro area",1340,-0.71,561,-0.91,5.73,0.03,2.46,0
2026-09-03,Monthly,2020-11-01,2020-11-30,Metro,"Miami, FL metro area",1334,-10.13,631,24,7.01,0.09,3.26,0.92
2026-09-03,Monthly,2020-11-01,2020-11-30,Metro,"Milwaukee, WI metro area",147,-33.44,63,-45.83,3.61,-1.41,1,-0.67
2026-09-03,Monthly,2020-11-01,2020-11-30,Metro,"Minneapolis, MN metro area",415,-37.85,231,-29.36,3.2,-1.15,1.79,-0.35
2026-09-03,Monthly,2020-11-01,2020-11-30,Metro,"Montgomery County, PA metro area",240,-46,126,-24.05,3.66,-1.59,1.87,-0.1
2026-09-03,Monthly,2020-11-01,2020-11-30,Metro,"Nashville, TN metro area",529,-26.91,271,-7.81,4.43,-0.24,2.2,0.23
2026-09-03,Monthly,2020-11-01,2020-11-30,Metro,"Nassau County, NY metro area",621,-31.55,344,-0.26,5.48,-1.13,2.99,0.52
2026-09-03,Monthly,2020-11-01,2020-11-30,Metro,"New Brunswick, NJ metro area",612,-51.27,370,-23.49,4.65,-3.04,2.87,-0.12
2026-09-03,Monthly,2020-11-01,2020-11-30,Metro,"New York, NY metro area",2556,-4.26,966,-5.85,5.25,-0.69,1.97,-0.31
2026-09-03,Monthly,2020-11-01,2020-11-30,Metro,"Newark, NJ metro area",600,-34.61,389,-4.98,4.31,-2.3,2.69,-0.08
2026-09-03,Monthly,2020-11-01,2020-11-30,Metro,"Oakland, CA metro area",228,-37.11,137,-4.27,4.15,-2.21,2.58,-0.04
2026-09-03,Monthly,2020-11-01,2020-11-30,Metro,"Orlando, FL metro area",450,-32.08,259,-12.01,3.54,-0.87,1.99,0.02
2026-09-03,Monthly,2020-11-01,2020-11-30,Metro,"Philadelphia, PA metro area",580,-6.07,250,15.73,6.74,-0.13,2.88,0.48
2026-09-03,Monthly,2020-11-01,2020-11-30,Metro,"Phoenix, AZ metro area",623,-24.97,381,-29.07,2.86,-0.5,1.75,-0.41
2026-09-03,Monthly,2020-11-01,2020-11-30,Metro,"Pittsburgh, PA metro area",277,-46.24,112,-32.88,2.7,-1.6,1.07,-0.33
2026-09-03,Monthly,2020-11-01,2020-11-30,Metro,"Portland, OR metro area",244,-34.35,161,-21.39,3.1,-0.41,2.09,0.1
2026-09-03,Monthly,2020-11-01,2020-11-30,Metro,"Providence, RI metro area",185,-51.15,103,-35.93,3.24,-1.68,1.8,-0.37
2026-09-03,Monthly,2020-11-01,2020-11-30,Metro,"Riverside, CA metro area",521,-49.03,310,-33.94,3.05,-1.49,1.91,-0.2
2026-09-03,Monthly,2020-11-01,2020-11-30,Metro,"Sacramento, CA metro area",215,-53.1,149,-29.68,3.68,-2.36,2.61,-0.24
2026-09-03,Monthly,2020-11-01,2020-11-30,Metro,"San Antonio, TX metro area",268,-51.09,185,-24.16,2.68,-1.51,1.78,-0.01
2026-09-03,Monthly,2020-11-01,2020-11-30,Metro,"San Diego, CA metro area",201,-60.6,139,-41.98,2.52,-2.55,1.81,-0.66
2026-09-03,Monthly,2020-11-01,2020-11-30,Metro,"San Francisco, CA metro area",297,82.5,124,79.32,7.4,1.8,2.92,0.67
2026-09-03,Monthly,2020-11-01,2020-11-30,Metro,"San Jose, CA metro area",247,36.99,100,6.72,6.56,2.59,2.65,0.55
2026-09-03,Monthly,2020-11-01,2020-11-30,Metro,"Seattle, WA metro area",338,-28.14,160,-31.73,3.89,-0.89,1.94,-0.62
2026-09-03,Monthly,2020-11-01,2020-11-30,Metro,"St. Louis, MO metro area",363,-43.05,193,-16.45,3.27,-1.93,1.92,0.13
2026-09-03,Monthly,2020-11-01,2020-11-30,Metro,"Tampa, FL metro area",508,-52.11,259,-28.64,3.23,-1.77,1.64,-0.01
2026-09-03,Monthly,2020-11-01,2020-11-30,Metro,"Virginia Beach, VA metro area",177,-59.4,117,-41.32,2.07,-2.08,1.35,-0.49
2026-09-03,Monthly,2020-11-01,2020-11-30,Metro,"Warren, MI metro area",324,-55.13,224,-3.06,3.5,-2.35,2.45,0.56
2026-09-03,Monthly,2020-11-01,2020-11-30,Metro,"Washington, DC metro area",713,-30.83,391,3.54,4.01,-1.48,2.22,0.21
2026-09-03,Monthly,2020-11-01,2020-11-30,Metro,"West Palm Beach, FL metro area",685,-14.05,341,-17.37,4.54,-0.41,2.21,-0.29
2026-09-03,Monthly,2020-10-01,2020-10-31,Metro,"Anaheim, CA metro area",323,-41.51,209,-13.24,3.38,-1.8,2.24,-0.07
2026-09-03,Monthly,2020-10-01,2020-10-31,Metro,"Atlanta, GA metro area",1948,-36.44,572,-19.03,6.44,-0.86,1.87,0.18
2026-09-03,Monthly,2020-10-01,2020-10-31,Metro,"Austin, TX metro area",225,-43.26,192,-4.75,2.34,-1.32,2.01,0.12
2026-09-03,Monthly,2020-10-01,2020-10-31,Metro,"Baltimore, MD metro area",447,-46.52,285,-5.07,4.01,-1.79,2.62,0.53
2026-09-03,Monthly,2020-10-01,2020-10-31,Metro,"Boston, MA metro area",668,-14.2,368,-12.15,5.1,-0.42,2.84,-0.14
2026-09-03,Monthly,2020-10-01,2020-10-31,Metro,"Charlotte, NC metro area",292,-46.16,154,-31.2,2.86,-1.31,1.23,-0.21
2026-09-03,Monthly,2020-10-01,2020-10-31,Metro,"Chicago, IL metro area",1617,-32.2,919,-23.9,5.22,-0.33,3.03,0.23
2026-09-03,Monthly,2020-10-01,2020-10-31,Metro,"Cincinnati, OH metro area",251,-42.62,115,-29.29,2.74,-1.34,1.32,-0.21
2026-09-03,Monthly,2020-10-01,2020-10-31,Metro,"Cleveland, OH metro area",297,-39.23,160,-34.9,3.67,-0.91,2.05,-0.27
2026-09-03,Monthly,2020-10-01,2020-10-31,Metro,"Columbus, OH metro area",158,-47.24,99,-41.29,1.96,-1.26,1.24,-0.59
2026-09-03,Monthly,2020-10-01,2020-10-31,Metro,"Dallas, TX metro area",775,-45.09,491,-28.38,4.19,-1.48,2.67,-0.09
2026-09-03,Monthly,2020-10-01,2020-10-31,Metro,"Denver, CO metro area",364,-33.81,204,-18.89,3.49,-0.79,2.06,0.01
2026-09-03,Monthly,2020-10-01,2020-10-31,Metro,"Detroit, MI metro area",287,-45.78,116,-37.59,4.8,-2.02,1.97,-0.51
2026-09-03,Monthly,2020-10-01,2020-10-31,Metro,"Fort Lauderdale, FL metro area",859,-18.91,402,7.61,4.61,-1.18,2.17,0.14
2026-09-03,Monthly,2020-10-01,2020-10-31,Metro,"Fort Worth, TX metro area",259,-51.06,180,-25.25,3.19,-1.77,2.19,-0.05
2026-09-03,Monthly,2020-10-01,2020-10-31,Metro,"Houston, TX metro area",1380,-32.95,684,-20.07,4.76,-0.85,2.34,-0.04
2026-09-03,Monthly,2020-10-01,2020-10-31,Metro,"Indianapolis, IN metro area",385,-21.58,167,-6.81,5.89,0.36,2.45,0.49
2026-09-03,Monthly,2020-10-01,2020-10-31,Metro,"Jacksonville, FL metro area",282,-41.89,174,-19.89,2.86,-1.15,1.71,-0.08
2026-09-03,Monthly,2020-10-01,2020-10-31,Metro,"Kansas City, MO metro area",193,-52.97,127,-34.55,2.51,-1.39,1.45,-0.35
2026-09-03,Monthly,2020-10-01,2020-10-31,Metro,"Las Vegas, NV metro area",534,-31.3,277,-22.34,4.2,-0.98,2.17,-0.26
2026-09-03,Monthly,2020-10-01,2020-10-31,Metro,"Los Angeles, CA metro area",1194,-10.39,589,-2.11,5.17,-0.44,2.58,0.03
2026-09-03,Monthly,2020-10-01,2020-10-31,Metro,"Miami, FL metro area",1360,-4.91,614,9.56,6.64,0.15,3.11,0.52
2026-09-03,Monthly,2020-10-01,2020-10-31,Metro,"Milwaukee, WI metro area",139,-43.59,62,-35.94,2.55,-1.98,0.97,-0.48
2026-09-03,Monthly,2020-10-01,2020-10-31,Metro,"Minneapolis, MN metro area",438,-32.68,255,-18.09,3.15,-1.03,1.9,-0.14
2026-09-03,Monthly,2020-10-01,2020-10-31,Metro,"Montgomery County, PA metro area",256,-36.78,158,-5.69,3.65,-1.22,2.16,0.23
2026-09-03,Monthly,2020-10-01,2020-10-31,Metro,"Nashville, TN metro area",886,21.07,268,-10.69,6.93,2.22,2.13,0.15
2026-09-03,Monthly,2020-10-01,2020-10-31,Metro,"Nassau County, NY metro area",622,-30.06,399,22.81,5.36,-1.1,3.37,1.03
2026-09-03,Monthly,2020-10-01,2020-10-31,Metro,"New Brunswick, NJ metro area",648,-49.65,386,-13.95,4.7,-3.07,2.83,0.09
2026-09-03,Monthly,2020-10-01,2020-10-31,Metro,"New York, NY metro area",2473,-15.61,1016,1.98,5.11,-1.6,2.08,-0.15
2026-09-03,Monthly,2020-10-01,2020-10-31,Metro,"Newark, NJ metro area",646,-24.71,406,-2.61,4.69,-1.45,2.94,0.02
2026-09-03,Monthly,2020-10-01,2020-10-31,Metro,"Oakland, CA metro area",215,-37.55,106,-37.34,3.97,-2.02,2.01,-1.02
2026-09-03,Monthly,2020-10-01,2020-10-31,Metro,"Orlando, FL metro area",504,-26.7,282,-7.68,3.75,-0.7,2.14,0.16
2026-09-03,Monthly,2020-10-01,2020-10-31,Metro,"Philadelphia, PA metro area",523,-14.86,243,5.98,5.95,-0.96,2.74,0.23
2026-09-03,Monthly,2020-10-01,2020-10-31,Metro,"Phoenix, AZ metro area",665,-21.37,414,-22.7,2.88,-0.49,1.83,-0.29
2026-09-03,Monthly,2020-10-01,2020-10-31,Metro,"Pittsburgh, PA metro area",268,-46.91,98,-34.76,2.6,-1.55,1,-0.39
2026-09-03,Monthly,2020-10-01,2020-10-31,Metro,"Portland, OR metro area",230,-42.25,142,-38.09,2.74,-1.04,1.74,-0.49
2026-09-03,Monthly,2020-10-01,2020-10-31,Metro,"Providence, RI metro area",167,-51.12,160,-15.21,2.88,-1.75,2.72,0.21
2026-09-03,Monthly,2020-10-01,2020-10-31,Metro,"Riverside, CA metro area",524,-49.41,319,-31.99,3,-1.57,1.86,-0.23
2026-09-03,Monthly,2020-10-01,2020-10-31,Metro,"Sacramento, CA metro area",202,-57.39,190,-11.76,3.3,-2.82,3.1,0.29
2026-09-03,Monthly,2020-10-01,2020-10-31,Metro,"San Antonio, TX metro area",312,-47.42,178,-28.84,2.9,-1.43,1.66,-0.13
2026-09-03,Monthly,2020-10-01,2020-10-31,Metro,"San Diego, CA metro area",243,-53.04,182,-31.09,3.06,-2.03,2.27,-0.38
2026-09-03,Monthly,2020-10-01,2020-10-31,Metro,"San Francisco, CA metro area",315,103.97,117,36.4,8.25,3.06,2.82,0.08
2026-09-03,Monthly,2020-10-01,2020-10-31,Metro,"San Jose, CA metro area",212,10.36,81,-19.8,5.54,1.45,2.13,-0.06
2026-09-03,Monthly,2020-10-01,2020-10-31,Metro,"Seattle, WA metro area",320,-26.31,193,-24.93,3.57,-0.92,2.26,-0.52
2026-09-03,Monthly,2020-10-01,2020-10-31,Metro,"St. Louis, MO metro area",412,-33.8,217,-18.99,3.87,-0.96,1.99,-0.07
2026-09-03,Monthly,2020-10-01,2020-10-31,Metro,"Tampa, FL metro area",496,-38.7,285,-26.85,3.06,-0.62,1.71,-0.06
2026-09-03,Monthly,2020-10-01,2020-10-31,Metro,"Virginia Beach, VA metro area",174,-55.91,119,-34.72,2,-1.68,1.26,-0.3
2026-09-03,Monthly,2020-10-01,2020-10-31,Metro,"Warren, MI metro area",374,-47.71,228,-15.88,3.89,-1.82,2.4,0.2
2026-09-03,Monthly,2020-10-01,2020-10-31,Metro,"Washington, DC metro area",717,-28.29,377,-11.08,4.03,-1.24,2.1,-0.14
2026-09-03,Monthly,2020-10-01,2020-10-31,Metro,"West Palm Beach, FL metro area",718,-15.45,361,-19.61,4.59,-0.65,2.24,-0.49
2026-09-03,Monthly,2020-09-01,2020-09-30,Metro,"Anaheim, CA metro area",314,-42.67,241,-7.81,3.29,-1.76,2.63,0.2
2026-09-03,Monthly,2020-09-01,2020-09-30,Metro,"Atlanta, GA metro area",2127,-31.38,668,-7.13,6.77,-0.55,2.11,0.4
2026-09-03,Monthly,2020-09-01,2020-09-30,Metro,"Austin, TX metro area",213,-53.36,178,-17.52,2.32,-1.93,2,-0.03
2026-09-03,Monthly,2020-09-01,2020-09-30,Metro,"Baltimore, MD metro area",490,-39.7,301,4.05,4.41,-1.06,2.79,0.83
2026-09-03,Monthly,2020-09-01,2020-09-30,Metro,"Boston, MA metro area",666,-14.44,322,-29.57,5.24,-0.27,2.61,-0.68
2026-09-03,Monthly,2020-09-01,2020-09-30,Metro,"Charlotte, NC metro area",331,-32.95,186,-10.07,2.43,-0.79,1.35,0.04
2026-09-03,Monthly,2020-09-01,2020-09-30,Metro,"Chicago, IL metro area",1622,-32.03,972,-17.26,5.2,-0.28,3.28,0.53
2026-09-03,Monthly,2020-09-01,2020-09-30,Metro,"Cincinnati, OH metro area",254,-35.74,121,-35.88,2.8,-0.76,1.39,-0.34
2026-09-03,Monthly,2020-09-01,2020-09-30,Metro,"Cleveland, OH metro area",274,-41.29,194,-10.1,3.31,-1.06,2.38,0.27
2026-09-03,Monthly,2020-09-01,2020-09-30,Metro,"Columbus, OH metro area",184,-41.53,120,-21.29,2.29,-1.08,1.54,-0.09
2026-09-03,Monthly,2020-09-01,2020-09-30,Metro,"Dallas, TX metro area",760,-45.96,542,-22.76,4.03,-1.63,2.87,0.05
2026-09-03,Monthly,2020-09-01,2020-09-30,Metro,"Denver, CO metro area",349,-33.98,209,-21.52,3.29,-0.73,2.1,-0.02
2026-09-03,Monthly,2020-09-01,2020-09-30,Metro,"Detroit, MI metro area",350,-42.51,169,-20.52,5.69,-1.94,2.79,0.07
2026-09-03,Monthly,2020-09-01,2020-09-30,Metro,"Fort Lauderdale, FL metro area",907,-7.22,462,33.41,4.87,-0.5,2.5,0.61
2026-09-03,Monthly,2020-09-01,2020-09-30,Metro,"Fort Worth, TX metro area",308,-39.24,206,-1.97,3.61,-1.23,2.41,0.43
2026-09-03,Monthly,2020-09-01,2020-09-30,Metro,"Houston, TX metro area",1363,-34.1,728,-5.29,4.82,-0.88,2.5,0.36
2026-09-03,Monthly,2020-09-01,2020-09-30,Metro,"Indianapolis, IN metro area",813,70.17,130,-30.01,11.94,6.6,1.86,-0.17
2026-09-03,Monthly,2020-09-01,2020-09-30,Metro,"Jacksonville, FL metro area",295,-38.28,190,-12.35,2.88,-1.16,1.84,0
2026-09-03,Monthly,2020-09-01,2020-09-30,Metro,"Kansas City, MO metro area",206,-47.49,124,-34.17,2.74,-1.12,1.45,-0.3
2026-09-03,Monthly,2020-09-01,2020-09-30,Metro,"Las Vegas, NV metro area",558,-31.23,330,3.01,4.32,-0.94,2.52,0.42
2026-09-03,Monthly,2020-09-01,2020-09-30,Metro,"Los Angeles, CA metro area",1011,-29.6,673,8.58,4.51,-1.41,2.99,0.42
2026-09-03,Monthly,2020-09-01,2020-09-30,Metro,"Miami, FL metro area",1395,-0.61,711,39.11,6.68,0.42,3.52,1.15
2026-09-03,Monthly,2020-09-01,2020-09-30,Metro,"Milwaukee, WI metro area",139,-31.19,83,-12.47,2.05,-0.75,1.32,-0.13
2026-09-03,Monthly,2020-09-01,2020-09-30,Metro,"Minneapolis, MN metro area",521,-22.75,250,-25.28,3.7,-0.54,1.85,-0.32
2026-09-03,Monthly,2020-09-01,2020-09-30,Metro,"Montgomery County, PA metro area",275,-31.18,143,-13.07,3.76,-0.84,1.97,0.13
2026-09-03,Monthly,2020-09-01,2020-09-30,Metro,"Nashville, TN metro area",535,-29.28,305,9.8,4.24,-0.69,2.3,0.47
2026-09-03,Monthly,2020-09-01,2020-09-30,Metro,"Nassau County, NY metro area",682,-22.06,357,-1.45,5.75,-0.54,2.98,0.43
2026-09-03,Monthly,2020-09-01,2020-09-30,Metro,"New Brunswick, NJ metro area",754,-40.01,434,-10.42,5.53,-1.99,3.14,0.26
2026-09-03,Monthly,2020-09-01,2020-09-30,Metro,"New York, NY metro area",2452,-8.04,958,-11.68,5.08,-0.88,1.98,-0.41
2026-09-03,Monthly,2020-09-01,2020-09-30,Metro,"Newark, NJ metro area",669,-21.85,394,-9.37,5.02,-0.92,2.85,-0.37
2026-09-03,Monthly,2020-09-01,2020-09-30,Metro,"Oakland, CA metro area",204,-43.55,118,-41.06,3.98,-2.12,2.31,-1.07
2026-09-03,Monthly,2020-09-01,2020-09-30,Metro,"Orlando, FL metro area",563,-19.01,294,-4.19,4.14,-0.39,2.26,0.18
2026-09-03,Monthly,2020-09-01,2020-09-30,Metro,"Philadelphia, PA metro area",571,-5.11,236,16.39,6.53,-0.16,2.69,0.47
2026-09-03,Monthly,2020-09-01,2020-09-30,Metro,"Phoenix, AZ metro area",688,-22.83,479,-11.76,2.94,-0.55,2.09,-0.05
2026-09-03,Monthly,2020-09-01,2020-09-30,Metro,"Pittsburgh, PA metro area",294,-42.11,119,-27.5,2.72,-1.42,1.16,-0.24
2026-09-03,Monthly,2020-09-01,2020-09-30,Metro,"Portland, OR metro area",225,-45.44,155,-18.3,2.72,-1.08,1.92,0.12
2026-09-03,Monthly,2020-09-01,2020-09-30,Metro,"Providence, RI metro area",187,-45.03,142,-22.35,3.31,-1.29,2.48,0.07
2026-09-03,Monthly,2020-09-01,2020-09-30,Metro,"Riverside, CA metro area",490,-56.43,381,-25.32,2.83,-2.02,2.22,-0.04
2026-09-03,Monthly,2020-09-01,2020-09-30,Metro,"Sacramento, CA metro area",227,-51.89,200,-13.99,3.76,-2.07,3.39,0.41
2026-09-03,Monthly,2020-09-01,2020-09-30,Metro,"San Antonio, TX metro area",315,-46.28,215,-14.25,3,-1.51,1.92,0.07
2026-09-03,Monthly,2020-09-01,2020-09-30,Metro,"San Diego, CA metro area",412,-20.55,217,-13.63,4.95,-0.23,2.73,0.23
2026-09-03,Monthly,2020-09-01,2020-09-30,Metro,"San Francisco, CA metro area",290,102.28,76,-24.98,7.38,2.47,1.85,-1.42
2026-09-03,Monthly,2020-09-01,2020-09-30,Metro,"San Jose, CA metro area",146,-23.11,79,-29.67,3.78,-0.32,2.08,-0.31
2026-09-03,Monthly,2020-09-01,2020-09-30,Metro,"Seattle, WA metro area",329,-25.91,178,-35.13,3.68,-0.84,2.08,-0.8
2026-09-03,Monthly,2020-09-01,2020-09-30,Metro,"St. Louis, MO metro area",452,-31.2,235,-15.84,4.58,-0.36,2.17,0.06
2026-09-03,Monthly,2020-09-01,2020-09-30,Metro,"Tampa, FL metro area",530,-34.56,338,-12.2,3.17,-0.39,2.03,0.31
2026-09-03,Monthly,2020-09-01,2020-09-30,Metro,"Virginia Beach, VA metro area",185,-59.01,141,-28.33,2.17,-1.9,1.58,-0.16
2026-09-03,Monthly,2020-09-01,2020-09-30,Metro,"Warren, MI metro area",406,-40.4,235,-20.16,4.14,-1.28,2.42,0.05
2026-09-03,Monthly,2020-09-01,2020-09-30,Metro,"Washington, DC metro area",713,-30.35,340,-19.33,4.19,-1.15,1.96,-0.23
2026-09-03,Monthly,2020-09-01,2020-09-30,Metro,"West Palm Beach, FL metro area",765,-12.03,403,-11.53,4.66,-0.67,2.44,-0.37
2026-09-03,Monthly,2020-08-01,2020-08-31,Metro,"Anaheim, CA metro area",320,-44.44,256,13.8,3.44,-1.65,2.86,0.76
2026-09-03,Monthly,2020-08-01,2020-08-31,Metro,"Atlanta, GA metro area",2217,-25.83,742,1.56,6.71,-0.44,2.25,0.49
2026-09-03,Monthly,2020-08-01,2020-08-31,Metro,"Austin, TX metro area",299,-29.73,200,-13.77,3.55,-0.52,2.35,0.14
2026-09-03,Monthly,2020-08-01,2020-08-31,Metro,"Baltimore, MD metro area",485,-30.82,313,16.08,4.36,-0.4,2.94,1.04
2026-09-03,Monthly,2020-08-01,2020-08-31,Metro,"Boston, MA metro area",650,-19.15,484,14.55,4.84,-0.79,3.79,0.69
2026-09-03,Monthly,2020-08-01,2020-08-31,Metro,"Charlotte, NC metro area",329,-41.49,187,-15.76,2.34,-1.07,1.35,-0.04
2026-09-03,Monthly,2020-08-01,2020-08-31,Metro,"Chicago, IL metro area",1673,-28.69,1099,-1.4,5.36,-0.05,3.79,1.1
2026-09-03,Monthly,2020-08-01,2020-08-31,Metro,"Cincinnati, OH metro area",214,-48.12,164,-3.73,2.35,-1.41,1.83,0.23
2026-09-03,Monthly,2020-08-01,2020-08-31,Metro,"Cleveland, OH metro area",336,-27.09,210,-5.85,4.19,-0.07,2.76,0.6
2026-09-03,Monthly,2020-08-01,2020-08-31,Metro,"Columbus, OH metro area",197,-31.92,135,-10.01,2.42,-0.66,1.7,0.06
2026-09-03,Monthly,2020-08-01,2020-08-31,Metro,"Dallas, TX metro area",831,-40.24,595,-4.62,4.27,-1.37,3.06,0.52
2026-09-03,Monthly,2020-08-01,2020-08-31,Metro,"Denver, CO metro area",370,-35.21,233,-15.26,3.28,-1.05,2.13,-0.04
2026-09-03,Monthly,2020-08-01,2020-08-31,Metro,"Detroit, MI metro area",419,-24.8,195,-2.01,6.55,-0.42,3.05,0.58
2026-09-03,Monthly,2020-08-01,2020-08-31,Metro,"Fort Lauderdale, FL metro area",907,-4.46,480,38.39,4.89,-0.32,2.59,0.69
2026-09-03,Monthly,2020-08-01,2020-08-31,Metro,"Fort Worth, TX metro area",310,-37.54,215,-6.69,3.56,-1.14,2.43,0.26
2026-09-03,Monthly,2020-08-01,2020-08-31,Metro,"Houston, TX metro area",1371,-33.13,876,12.34,4.79,-0.82,2.96,0.79
2026-09-03,Monthly,2020-08-01,2020-08-31,Metro,"Indianapolis, IN metro area",186,-63.49,193,12.27,2.83,-2.88,2.86,0.97
2026-09-03,Monthly,2020-08-01,2020-08-31,Metro,"Jacksonville, FL metro area",319,-31.93,215,7.09,3.09,-0.81,2.05,0.34
2026-09-03,Monthly,2020-08-01,2020-08-31,Metro,"Kansas City, MO metro area",191,-48.87,149,-22.4,2.55,-1.31,1.72,-0.09
2026-09-03,Monthly,2020-08-01,2020-08-31,Metro,"Las Vegas, NV metro area",569,-27.84,362,17.06,4.43,-0.56,2.78,0.79
2026-09-03,Monthly,2020-08-01,2020-08-31,Metro,"Los Angeles, CA metro area",1037,-29.95,680,7.63,4.77,-1.3,3.08,0.52
2026-09-03,Monthly,2020-08-01,2020-08-31,Metro,"Miami, FL metro area",1413,0.38,665,22.86,6.6,0.48,3.23,0.73
2026-09-03,Monthly,2020-08-01,2020-08-31,Metro,"Milwaukee, WI metro area",139,-37.51,109,44.67,1.94,-0.89,1.68,0.56
2026-09-03,Monthly,2020-08-01,2020-08-31,Metro,"Minneapolis, MN metro area",509,-20.11,270,-9.38,3.58,-0.47,1.97,0.03
2026-09-03,Monthly,2020-08-01,2020-08-31,Metro,"Montgomery County, PA metro area",258,-28.01,162,16.42,3.79,-0.42,2.12,0.58
2026-09-03,Monthly,2020-08-01,2020-08-31,Metro,"Nashville, TN metro area",578,-24.07,314,-0.25,4.32,-0.55,2.3,0.24
2026-09-03,Monthly,2020-08-01,2020-08-31,Metro,"Nassau County, NY metro area",636,-26.97,416,17.15,5.34,-0.95,3.53,0.98
2026-09-03,Monthly,2020-08-01,2020-08-31,Metro,"New Brunswick, NJ metro area",832,-27.57,502,10.35,6.15,-0.75,3.67,0.96
2026-09-03,Monthly,2020-08-01,2020-08-31,Metro,"New York, NY metro area",2393,-11.38,1473,48.45,5.05,-1.02,3.07,0.88
2026-09-03,Monthly,2020-08-01,2020-08-31,Metro,"Newark, NJ metro area",718,-12.61,439,12.93,5.14,-0.56,3.32,0.51
2026-09-03,Monthly,2020-08-01,2020-08-31,Metro,"Oakland, CA metro area",204,-44.43,142,-16.5,3.94,-2.32,2.72,-0.18
2026-09-03,Monthly,2020-08-01,2020-08-31,Metro,"Orlando, FL metro area",645,-4.53,303,6.11,4.67,0.27,2.24,0.33
2026-09-03,Monthly,2020-08-01,2020-08-31,Metro,"Philadelphia, PA metro area",575,-4.85,298,41.58,6.52,-0.28,3.34,1.01
2026-09-03,Monthly,2020-08-01,2020-08-31,Metro,"Phoenix, AZ metro area",632,-34.07,582,8.9,2.71,-0.91,2.56,0.52
2026-09-03,Monthly,2020-08-01,2020-08-31,Metro,"Pittsburgh, PA metro area",328,-32.07,149,-30.32,3.01,-0.98,1.22,-0.42
2026-09-03,Monthly,2020-08-01,2020-08-31,Metro,"Portland, OR metro area",257,-40.36,208,17.64,2.9,-1.05,2.44,0.75
2026-09-03,Monthly,2020-08-01,2020-08-31,Metro,"Providence, RI metro area",217,-31.69,154,0.13,3.76,-0.5,2.68,0.61
2026-09-03,Monthly,2020-08-01,2020-08-31,Metro,"Riverside, CA metro area",531,-52.71,483,-0.71,3.02,-1.76,2.7,0.62
2026-09-03,Monthly,2020-08-01,2020-08-31,Metro,"Sacramento, CA metro area",245,-47.26,262,3.03,4,-1.71,4.33,1.23
2026-09-03,Monthly,2020-08-01,2020-08-31,Metro,"San Antonio, TX metro area",363,-43.36,205,-16.81,3.31,-1.45,1.85,0.03
2026-09-03,Monthly,2020-08-01,2020-08-31,Metro,"San Diego, CA metro area",346,-37.82,260,-0.68,4.37,-0.86,3.23,0.65
2026-09-03,Monthly,2020-08-01,2020-08-31,Metro,"San Francisco, CA metro area",258,86.89,115,80.34,6.12,0.89,2.47,0.27
2026-09-03,Monthly,2020-08-01,2020-08-31,Metro,"San Jose, CA metro area",152,-29.94,73,-31.83,3.88,-0.85,1.79,-0.49
2026-09-03,Monthly,2020-08-01,2020-08-31,Metro,"Seattle, WA metro area",301,-34.14,249,13.01,3.31,-1.36,2.76,0.45
2026-09-03,Monthly,2020-08-01,2020-08-31,Metro,"St. Louis, MO metro area",425,-34.32,231,-25.69,3.8,-1.04,2.15,-0.29
2026-09-03,Monthly,2020-08-01,2020-08-31,Metro,"Tampa, FL metro area",552,-37.55,353,-16.57,3.21,-0.76,2.06,0.18
2026-09-03,Monthly,2020-08-01,2020-08-31,Metro,"Virginia Beach, VA metro area",208,-53.55,156,-22.55,2.4,-1.67,1.76,0.02
2026-09-03,Monthly,2020-08-01,2020-08-31,Metro,"Warren, MI metro area",471,-28.46,301,-4.03,4.57,-0.72,2.94,0.4
2026-09-03,Monthly,2020-08-01,2020-08-31,Metro,"Washington, DC metro area",698,-22.63,456,24.99,4.06,-0.7,2.59,0.69
2026-09-03,Monthly,2020-08-01,2020-08-31,Metro,"West Palm Beach, FL metro area",790,-18.22,459,12.61,4.73,-1.03,2.75,0.28
2026-09-03,Monthly,2020-07-01,2020-07-31,Metro,"Anaheim, CA metro area",365,-34.54,287,20.89,3.94,-0.9,3.26,1.08
2026-09-03,Monthly,2020-07-01,2020-07-31,Metro,"Atlanta, GA metro area",2539,-13.6,706,3.61,7.3,0.32,2.08,0.42
2026-09-03,Monthly,2020-07-01,2020-07-31,Metro,"Austin, TX metro area",282,-36.18,235,-1.01,3.19,-0.94,2.63,0.41
2026-09-03,Monthly,2020-07-01,2020-07-31,Metro,"Baltimore, MD metro area",475,-34.57,363,45.82,4.19,-0.66,3.37,1.64
2026-09-03,Monthly,2020-07-01,2020-07-31,Metro,"Boston, MA metro area",585,-31.62,503,32.06,4.56,-1.28,4.17,1.39
2026-09-03,Monthly,2020-07-01,2020-07-31,Metro,"Charlotte, NC metro area",359,-30.11,206,-10.17,2.25,-0.61,1.46,0.03
2026-09-03,Monthly,2020-07-01,2020-07-31,Metro,"Chicago, IL metro area",1547,-36.96,1244,14.7,4.99,-0.64,4.4,1.75
2026-09-03,Monthly,2020-07-01,2020-07-31,Metro,"Cincinnati, OH metro area",268,-35.45,196,0.46,2.88,-0.8,2.18,0.39
2026-09-03,Monthly,2020-07-01,2020-07-31,Metro,"Cleveland, OH metro area",333,-39.07,212,-2.68,4.11,-0.85,2.75,0.66
2026-09-03,Monthly,2020-07-01,2020-07-31,Metro,"Columbus, OH metro area",203,-31.13,166,7.83,2.52,-0.57,2.16,0.46
2026-09-03,Monthly,2020-07-01,2020-07-31,Metro,"Dallas, TX metro area",945,-30.92,677,6.11,4.65,-0.85,3.29,0.73
2026-09-03,Monthly,2020-07-01,2020-07-31,Metro,"Denver, CO metro area",427,-28.78,246,-3.84,3.6,-0.86,2.2,0.2
2026-09-03,Monthly,2020-07-01,2020-07-31,Metro,"Detroit, MI metro area",470,-7.03,194,15.62,6.97,0.64,2.91,0.72
2026-09-03,Monthly,2020-07-01,2020-07-31,Metro,"Fort Lauderdale, FL metro area",1060,0.5,482,39.48,5.66,0.06,2.62,0.76
2026-09-03,Monthly,2020-07-01,2020-07-31,Metro,"Fort Worth, TX metro area",341,-39.86,240,-3.6,3.67,-1.5,2.63,0.31
2026-09-03,Monthly,2020-07-01,2020-07-31,Metro,"Houston, TX metro area",1729,-14.48,846,6.02,5.63,0.12,2.77,0.56
2026-09-03,Monthly,2020-07-01,2020-07-31,Metro,"Indianapolis, IN metro area",341,-24.64,176,-14.42,4.98,-0.05,2.51,0.25
2026-09-03,Monthly,2020-07-01,2020-07-31,Metro,"Jacksonville, FL metro area",381,-13.75,205,1.73,3.49,-0.08,1.93,0.24
2026-09-03,Monthly,2020-07-01,2020-07-31,Metro,"Kansas City, MO metro area",194,-49.37,223,-4.25,2.63,-1.27,2.56,0.39
2026-09-03,Monthly,2020-07-01,2020-07-31,Metro,"Las Vegas, NV metro area",642,-21.67,337,3.36,5.07,-0.17,2.6,0.55
2026-09-03,Monthly,2020-07-01,2020-07-31,Metro,"Los Angeles, CA metro area",1130,-20.12,697,15.33,5.34,-0.34,3.2,0.81
2026-09-03,Monthly,2020-07-01,2020-07-31,Metro,"Miami, FL metro area",1506,9.32,745,32.92,7.31,1.18,3.63,1.07
2026-09-03,Monthly,2020-07-01,2020-07-31,Metro,"Milwaukee, WI metro area",156,-32.26,88,-9.82,1.85,-0.62,1.43,-0.07
2026-09-03,Monthly,2020-07-01,2020-07-31,Metro,"Minneapolis, MN metro area",490,-28.97,304,6.22,3.46,-0.85,2.19,0.35
2026-09-03,Monthly,2020-07-01,2020-07-31,Metro,"Montgomery County, PA metro area",339,-8.62,228,62.11,4.13,0.01,2.8,1.33
2026-09-03,Monthly,2020-07-01,2020-07-31,Metro,"Nashville, TN metro area",603,-21.48,311,-2.85,4.51,-0.46,2.25,0.19
2026-09-03,Monthly,2020-07-01,2020-07-31,Metro,"Nassau County, NY metro area",745,-16.15,467,39.08,6.07,-0.2,3.81,1.41
2026-09-03,Monthly,2020-07-01,2020-07-31,Metro,"New Brunswick, NJ metro area",813,-34.63,590,44.62,6.11,-1.23,4.38,2
2026-09-03,Monthly,2020-07-01,2020-07-31,Metro,"New York, NY metro area",2297,-21.29,1806,75.3,5.27,-1.1,4.11,1.88
2026-09-03,Monthly,2020-07-01,2020-07-31,Metro,"Newark, NJ metro area",678,-27.34,471,16.91,5.25,-0.94,3.64,0.76
2026-09-03,Monthly,2020-07-01,2020-07-31,Metro,"Oakland, CA metro area",215,-35.41,164,7.37,4.13,-1.46,3.08,0.56
2026-09-03,Monthly,2020-07-01,2020-07-31,Metro,"Orlando, FL metro area",672,0.05,318,3.84,4.6,0.44,2.25,0.28
2026-09-03,Monthly,2020-07-01,2020-07-31,Metro,"Philadelphia, PA metro area",617,4.83,342,93.62,7.07,0.7,3.87,1.98
2026-09-03,Monthly,2020-07-01,2020-07-31,Metro,"Phoenix, AZ metro area",715,-34.93,597,16.85,3,-0.97,2.59,0.71
2026-09-03,Monthly,2020-07-01,2020-07-31,Metro,"Pittsburgh, PA metro area",590,12.73,190,19.27,4.8,0.65,1.72,0.32
2026-09-03,Monthly,2020-07-01,2020-07-31,Metro,"Portland, OR metro area",277,-42.45,215,9.38,3.05,-1.16,2.48,0.67
2026-09-03,Monthly,2020-07-01,2020-07-31,Metro,"Providence, RI metro area",216,-38.12,186,3.46,3.69,-0.88,3.2,0.84
2026-09-03,Monthly,2020-07-01,2020-07-31,Metro,"Riverside, CA metro area",584,-64.75,524,5.95,3.24,-3.71,2.82,0.71
2026-09-03,Monthly,2020-07-01,2020-07-31,Metro,"Sacramento, CA metro area",305,-34.3,249,-1.44,4.74,-0.92,3.96,0.79
2026-09-03,Monthly,2020-07-01,2020-07-31,Metro,"San Antonio, TX metro area",401,-34.93,248,6.92,3.58,-1.09,2.09,0.35
2026-09-03,Monthly,2020-07-01,2020-07-31,Metro,"San Diego, CA metro area",382,-43.22,281,10.52,4.64,-1.92,3.48,1.02
2026-09-03,Monthly,2020-07-01,2020-07-31,Metro,"San Francisco, CA metro area",169,8.88,124,77.79,4.38,-1.17,2.97,0.7
2026-09-03,Monthly,2020-07-01,2020-07-31,Metro,"San Jose, CA metro area",122,-54.76,100,6.04,3.02,-2.67,2.46,0.49
2026-09-03,Monthly,2020-07-01,2020-07-31,Metro,"Seattle, WA metro area",277,-44.79,302,45.14,3.21,-1.62,3.53,1.48
2026-09-03,Monthly,2020-07-01,2020-07-31,Metro,"St. Louis, MO metro area",435,-35.52,297,-1.92,3.63,-1.48,2.71,0.3
2026-09-03,Monthly,2020-07-01,2020-07-31,Metro,"Tampa, FL metro area",619,-30.17,403,-4.38,3.39,-0.52,2.22,0.38
2026-09-03,Monthly,2020-07-01,2020-07-31,Metro,"Virginia Beach, VA metro area",237,-57.49,155,-23.12,2.64,-2.3,1.71,-0.05
2026-09-03,Monthly,2020-07-01,2020-07-31,Metro,"Warren, MI metro area",490,-29.04,309,14.62,4.61,-0.86,2.94,0.78
2026-09-03,Monthly,2020-07-01,2020-07-31,Metro,"Washington, DC metro area",646,-34.32,508,46.15,3.85,-1.21,2.93,1.18
2026-09-03,Monthly,2020-07-01,2020-07-31,Metro,"West Palm Beach, FL metro area",802,-21.37,514,10.77,4.82,-0.96,3.08,0.36
2026-09-03,Monthly,2020-06-01,2020-06-30,Metro,"Anaheim, CA metro area",392,-25.52,315,31.6,4.41,-0.04,3.69,1.57
2026-09-03,Monthly,2020-06-01,2020-06-30,Metro,"Atlanta, GA metro area",2948,1.4,764,13.06,7.94,1.07,2.11,0.48
2026-09-03,Monthly,2020-06-01,2020-06-30,Metro,"Austin, TX metro area",338,-17.94,244,12.14,3.61,-0.2,2.66,0.61
2026-09-03,Monthly,2020-06-01,2020-06-30,Metro,"Baltimore, MD metro area",521,-23.9,427,76.03,4.44,-0.05,3.91,2.22
2026-09-03,Monthly,2020-06-01,2020-06-30,Metro,"Boston, MA metro area",564,-34.71,609,47.77,4.51,-1.62,5.34,2.18
2026-09-03,Monthly,2020-06-01,2020-06-30,Metro,"Charlotte, NC metro area",444,-21.27,212,-3.67,2.68,-0.25,1.45,0.07
2026-09-03,Monthly,2020-06-01,2020-06-30,Metro,"Chicago, IL metro area",1529,-34.51,1378,35.12,4.98,-0.39,5,2.46
2026-09-03,Monthly,2020-06-01,2020-06-30,Metro,"Cincinnati, OH metro area",364,-13.7,187,22.55,3.93,0.3,2.11,0.74
2026-09-03,Monthly,2020-06-01,2020-06-30,Metro,"Cleveland, OH metro area",354,-30.01,265,15.33,4.33,-0.31,3.4,1.28
2026-09-03,Monthly,2020-06-01,2020-06-30,Metro,"Columbus, OH metro area",205,-39.54,162,9.08,2.51,-1.08,2.08,0.46
2026-09-03,Monthly,2020-06-01,2020-06-30,Metro,"Dallas, TX metro area",1067,-21.94,773,20.58,4.89,-0.56,3.58,1.03
2026-09-03,Monthly,2020-06-01,2020-06-30,Metro,"Denver, CO metro area",481,-13.85,280,8.95,3.84,-0.24,2.39,0.4
2026-09-03,Monthly,2020-06-01,2020-06-30,Metro,"Detroit, MI metro area",468,-38.09,277,47.06,6.75,-2.82,3.89,1.61
2026-09-03,Monthly,2020-06-01,2020-06-30,Metro,"Fort Lauderdale, FL metro area",1075,5.41,512,35.52,5.99,0.71,2.87,0.91
2026-09-03,Monthly,2020-06-01,2020-06-30,Metro,"Fort Worth, TX metro area",406,-23.34,281,13.35,4.07,-0.75,2.87,0.57
2026-09-03,Monthly,2020-06-01,2020-06-30,Metro,"Houston, TX metro area",1914,0.33,928,14.06,5.89,0.66,2.9,0.66
2026-09-03,Monthly,2020-06-01,2020-06-30,Metro,"Indianapolis, IN metro area",491,1.73,209,2.51,6.37,1.24,2.88,0.62
2026-09-03,Monthly,2020-06-01,2020-06-30,Metro,"Jacksonville, FL metro area",407,-20.51,247,12.83,3.55,-0.61,2.21,0.38
2026-09-03,Monthly,2020-06-01,2020-06-30,Metro,"Kansas City, MO metro area",280,-24.14,174,-5.4,3.21,-0.44,2,0.28
2026-09-03,Monthly,2020-06-01,2020-06-30,Metro,"Las Vegas, NV metro area",694,-20.51,376,16.82,5.54,0.03,2.9,0.93
2026-09-03,Monthly,2020-06-01,2020-06-30,Metro,"Los Angeles, CA metro area",1139,-24.28,754,12.98,5.64,-0.24,3.61,1.09
2026-09-03,Monthly,2020-06-01,2020-06-30,Metro,"Miami, FL metro area",1498,7.74,913,76.76,7.38,1.09,4.35,2.05
2026-09-03,Monthly,2020-06-01,2020-06-30,Metro,"Milwaukee, WI metro area",191,-5.42,109,21.62,2.31,0.25,1.76,0.53
2026-09-03,Monthly,2020-06-01,2020-06-30,Metro,"Minneapolis, MN metro area",563,-17.61,287,-8.7,3.97,-0.24,2.05,0.04
2026-09-03,Monthly,2020-06-01,2020-06-30,Metro,"Montgomery County, PA metro area",286,-24.16,346,194.83,4.15,0.31,4.56,3.32
2026-09-03,Monthly,2020-06-01,2020-06-30,Metro,"Nashville, TN metro area",665,-14.07,339,22.67,4.63,-0.42,2.17,0.37
2026-09-03,Monthly,2020-06-01,2020-06-30,Metro,"Nassau County, NY metro area",730,-20.16,690,101.48,6.23,0,5.77,3.43
2026-09-03,Monthly,2020-06-01,2020-06-30,Metro,"New Brunswick, NJ metro area",831,-35.44,649,40.76,6.48,-0.91,5.08,2.46
2026-09-03,Monthly,2020-06-01,2020-06-30,Metro,"New York, NY metro area",2041,-27.96,1816,86.97,5.42,-0.83,4.59,2.53
2026-09-03,Monthly,2020-06-01,2020-06-30,Metro,"Newark, NJ metro area",684,-24.42,477,19.06,5.73,0.06,4.41,1.78
2026-09-03,Monthly,2020-06-01,2020-06-30,Metro,"Oakland, CA metro area",217,-40.97,207,17.11,4.12,-1.82,3.78,1.02
2026-09-03,Monthly,2020-06-01,2020-06-30,Metro,"Orlando, FL metro area",682,-3.93,393,36.3,4.56,0.37,2.66,0.9
2026-09-03,Monthly,2020-06-01,2020-06-30,Metro,"Philadelphia, PA metro area",507,-9.03,411,143.6,6.1,0.21,4.78,3.02
2026-09-03,Monthly,2020-06-01,2020-06-30,Metro,"Phoenix, AZ metro area",846,-29.59,615,13.08,3.41,-0.66,2.61,0.69
2026-09-03,Monthly,2020-06-01,2020-06-30,Metro,"Pittsburgh, PA metro area",465,-12.71,240,18.49,4.27,0.02,1.99,0.5
2026-09-03,Monthly,2020-06-01,2020-06-30,Metro,"Portland, OR metro area",285,-39.32,260,42.05,3.04,-0.98,2.96,1.33
2026-09-03,Monthly,2020-06-01,2020-06-30,Metro,"Providence, RI metro area",247,-32.54,205,9.44,4.24,-0.43,3.56,1.13
2026-09-03,Monthly,2020-06-01,2020-06-30,Metro,"Riverside, CA metro area",684,-42.94,550,10.53,3.65,-1.29,2.93,0.82
2026-09-03,Monthly,2020-06-01,2020-06-30,Metro,"Sacramento, CA metro area",346,-28.5,325,24.63,5.01,-0.75,4.84,1.67
2026-09-03,Monthly,2020-06-01,2020-06-30,Metro,"San Antonio, TX metro area",476,-17.71,219,-6.01,3.94,-0.42,1.87,0.13
2026-09-03,Monthly,2020-06-01,2020-06-30,Metro,"San Diego, CA metro area",430,-35.56,298,11.74,5.13,-1.18,3.65,1.11
2026-09-03,Monthly,2020-06-01,2020-06-30,Metro,"San Francisco, CA metro area",163,16.65,159,84.6,4.83,0.14,4.34,1.55
2026-09-03,Monthly,2020-06-01,2020-06-30,Metro,"San Jose, CA metro area",108,-51,104,6.08,2.86,-1.54,2.65,0.73
2026-09-03,Monthly,2020-06-01,2020-06-30,Metro,"Seattle, WA metro area",322,-35.69,305,28.71,3.89,-0.75,3.63,1.45
2026-09-03,Monthly,2020-06-01,2020-06-30,Metro,"St. Louis, MO metro area",479,-29.55,292,-4.97,4.04,-1.11,2.65,0.26
2026-09-03,Monthly,2020-06-01,2020-06-30,Metro,"Tampa, FL metro area",696,-18.76,509,21.5,3.7,0.04,2.65,0.85
2026-09-03,Monthly,2020-06-01,2020-06-30,Metro,"Virginia Beach, VA metro area",263,-40.72,162,-21.93,2.98,-0.96,1.89,0
2026-09-03,Monthly,2020-06-01,2020-06-30,Metro,"Warren, MI metro area",528,-62.65,372,3.94,4.82,-6.29,3.38,0.56
2026-09-03,Monthly,2020-06-01,2020-06-30,Metro,"Washington, DC metro area",685,-26.63,626,70.42,4.21,-0.53,3.72,1.93
2026-09-03,Monthly,2020-06-01,2020-06-30,Metro,"West Palm Beach, FL metro area",892,-15.27,707,64.13,5.14,-0.61,4.35,1.89
2026-09-03,Monthly,2020-05-01,2020-05-31,Metro,"Anaheim, CA metro area",424,-26.91,347,22.87,5,0.28,4.38,1.98
2026-09-03,Monthly,2020-05-01,2020-05-31,Metro,"Atlanta, GA metro area",3169,7.52,911,18.81,8.01,1.15,2.35,0.54
2026-09-03,Monthly,2020-05-01,2020-05-31,Metro,"Austin, TX metro area",413,-3.32,312,32.32,4.17,0.22,3.28,1.09
2026-09-03,Monthly,2020-05-01,2020-05-31,Metro,"Baltimore, MD metro area",546,-16.66,482,115.24,4.66,0.43,4.5,2.96
2026-09-03,Monthly,2020-05-01,2020-05-31,Metro,"Boston, MA metro area",665,-16.6,669,66.9,5.78,0.29,6.59,3.53
2026-09-03,Monthly,2020-05-01,2020-05-31,Metro,"Charlotte, NC metro area",491,-11.51,328,47.92,2.67,-0.12,2.25,0.88
2026-09-03,Monthly,2020-05-01,2020-05-31,Metro,"Chicago, IL metro area",1697,-28.59,1301,21.74,5.56,0.2,4.87,2.22
2026-09-03,Monthly,2020-05-01,2020-05-31,Metro,"Cincinnati, OH metro area",383,-15.97,224,19.03,4.2,0.39,2.56,0.94
2026-09-03,Monthly,2020-05-01,2020-05-31,Metro,"Cleveland, OH metro area",477,-5.33,267,12.23,5.95,1.39,3.34,1.12
2026-09-03,Monthly,2020-05-01,2020-05-31,Metro,"Columbus, OH metro area",265,-16.47,193,13.58,3.47,-0.04,2.51,0.63
2026-09-03,Monthly,2020-05-01,2020-05-31,Metro,"Dallas, TX metro area",1162,-19.4,1145,74.68,5.18,-0.49,5.09,2.54
2026-09-03,Monthly,2020-05-01,2020-05-31,Metro,"Denver, CO metro area",501,-18.25,338,35.94,3.64,-0.66,2.75,0.84
2026-09-03,Monthly,2020-05-01,2020-05-31,Metro,"Detroit, MI metro area",525,3.62,278,39.47,7.56,1.14,3.78,1.34
2026-09-03,Monthly,2020-05-01,2020-05-31,Metro,"Fort Lauderdale, FL metro area",1040,-4.69,516,31.94,6.07,0.55,3,0.99
2026-09-03,Monthly,2020-05-01,2020-05-31,Metro,"Fort Worth, TX metro area",523,4.17,376,52.09,5.41,0.54,3.7,1.41
2026-09-03,Monthly,2020-05-01,2020-05-31,Metro,"Houston, TX metro area",2001,1.61,1018,20.39,5.95,0.51,3.05,0.73
2026-09-03,Monthly,2020-05-01,2020-05-31,Metro,"Indianapolis, IN metro area",577,24.65,235,3.21,7.11,2.24,3.06,0.59
2026-09-03,Monthly,2020-05-01,2020-05-31,Metro,"Jacksonville, FL metro area",470,-10.1,287,27.16,4.08,-0.04,2.61,0.75
2026-09-03,Monthly,2020-05-01,2020-05-31,Metro,"Kansas City, MO metro area",288,-27.72,281,26.34,3.16,-0.63,3.2,1.15
2026-09-03,Monthly,2020-05-01,2020-05-31,Metro,"Las Vegas, NV metro area",710,-13.84,340,-3.48,5.61,0.46,2.61,0.5
2026-09-03,Monthly,2020-05-01,2020-05-31,Metro,"Los Angeles, CA metro area",1281,-16.22,747,8.61,6.7,0.84,3.69,1.16
2026-09-03,Monthly,2020-05-01,2020-05-31,Metro,"Miami, FL metro area",1413,-1.86,754,36.07,6.9,0.3,3.71,1.26
2026-09-03,Monthly,2020-05-01,2020-05-31,Metro,"Milwaukee, WI metro area",171,-26.23,108,3.43,1.95,-0.12,1.74,0.27
2026-09-03,Monthly,2020-05-01,2020-05-31,Metro,"Minneapolis, MN metro area",639,-5.5,318,7.02,4.47,0.24,2.23,0.32
2026-09-03,Monthly,2020-05-01,2020-05-31,Metro,"Montgomery County, PA metro area",325,11.89,523,331.5,4.71,1.48,8.56,7.28
2026-09-03,Monthly,2020-05-01,2020-05-31,Metro,"Nashville, TN metro area",654,-10.53,333,0.61,4.61,-0.19,2.24,0.14
2026-09-03,Monthly,2020-05-01,2020-05-31,Metro,"Nassau County, NY metro area",842,1.58,380,8.26,7.88,2.43,3.7,1.37
2026-09-03,Monthly,2020-05-01,2020-05-31,Metro,"New Brunswick, NJ metro area",1185,-3.66,639,51.19,9.95,2.92,5.22,2.87
2026-09-03,Monthly,2020-05-01,2020-05-31,Metro,"New York, NY metro area",2273,-16.71,1094,3.48,6.65,0.91,3.4,1.05
2026-09-03,Monthly,2020-05-01,2020-05-31,Metro,"Newark, NJ metro area",694,-19.01,469,8.61,5.96,0.48,5.2,2.44
2026-09-03,Monthly,2020-05-01,2020-05-31,Metro,"Oakland, CA metro area",244,-32.28,234,5.62,4.88,-0.74,4.47,1.13
2026-09-03,Monthly,2020-05-01,2020-05-31,Metro,"Orlando, FL metro area",726,-1.15,407,32.47,4.91,0.62,2.65,0.87
2026-09-03,Monthly,2020-05-01,2020-05-31,Metro,"Philadelphia, PA metro area",478,-9.32,571,237.88,6.6,1.12,8.29,6.47
2026-09-03,Monthly,2020-05-01,2020-05-31,Metro,"Phoenix, AZ metro area",967,-18.19,651,14.98,3.76,-0.08,2.71,0.79
2026-09-03,Monthly,2020-05-01,2020-05-31,Metro,"Pittsburgh, PA metro area",478,-6.52,284,80.57,4.67,0.69,2.58,1.34
2026-09-03,Monthly,2020-05-01,2020-05-31,Metro,"Portland, OR metro area",380,-9.12,219,-0.29,4.33,0.57,2.39,0.47
2026-09-03,Monthly,2020-05-01,2020-05-31,Metro,"Providence, RI metro area",285,-30.54,198,-10.94,4.82,-0.18,3.47,0.69
2026-09-03,Monthly,2020-05-01,2020-05-31,Metro,"Riverside, CA metro area",880,-17.48,527,6.15,5.13,0.51,2.86,0.78
2026-09-03,Monthly,2020-05-01,2020-05-31,Metro,"Sacramento, CA metro area",419,-4.77,372,22.05,5.83,0.76,5.23,1.69
2026-09-03,Monthly,2020-05-01,2020-05-31,Metro,"San Antonio, TX metro area",527,-8.72,286,18.16,4.26,0.02,2.3,0.52
2026-09-03,Monthly,2020-05-01,2020-05-31,Metro,"San Diego, CA metro area",510,-13.37,344,20.14,5.86,0.77,4.14,1.46
2026-09-03,Monthly,2020-05-01,2020-05-31,Metro,"San Francisco, CA metro area",163,26.69,212,152.64,5.96,1.77,8.51,5.6
2026-09-03,Monthly,2020-05-01,2020-05-31,Metro,"San Jose, CA metro area",129,-44.42,133,1.46,3.77,-0.93,3.77,1.15
2026-09-03,Monthly,2020-05-01,2020-05-31,Metro,"Seattle, WA metro area",363,-23.69,285,1.57,4.39,0.13,3.39,0.88
2026-09-03,Monthly,2020-05-01,2020-05-31,Metro,"St. Louis, MO metro area",530,-24.74,316,-6.14,4.92,-0.36,2.87,0.31
2026-09-03,Monthly,2020-05-01,2020-05-31,Metro,"Tampa, FL metro area",802,-8.65,649,63.59,3.95,0.28,3.18,1.53
2026-09-03,Monthly,2020-05-01,2020-05-31,Metro,"Virginia Beach, VA metro area",336,-20.94,150,-30.89,3.71,0.03,1.72,-0.24
2026-09-03,Monthly,2020-05-01,2020-05-31,Metro,"Warren, MI metro area",580,-14.82,559,63.88,5.36,0.07,5.22,2.53
2026-09-03,Monthly,2020-05-01,2020-05-31,Metro,"Washington, DC metro area",740,-26.91,614,60.05,4.71,-0.33,3.81,1.95
2026-09-03,Monthly,2020-05-01,2020-05-31,Metro,"West Palm Beach, FL metro area",938,-13.17,803,104.47,5.69,-0.02,5.23,3.07
2026-09-03,Monthly,2020-04-01,2020-04-30,Metro,"Anaheim, CA metro area",554,-5.93,136,-52.66,7.48,2.6,1.78,-0.55
2026-09-03,Monthly,2020-04-01,2020-04-30,Metro,"Atlanta, GA metro area",3419,23.66,530,-29.63,8.55,2.05,1.37,-0.41
2026-09-03,Monthly,2020-04-01,2020-04-30,Metro,"Austin, TX metro area",530,16.84,139,-43.66,6.05,1.72,1.47,-0.78
2026-09-03,Monthly,2020-04-01,2020-04-30,Metro,"Baltimore, MD metro area",723,14.04,215,-8.24,6.51,2.26,1.92,0.34
2026-09-03,Monthly,2020-04-01,2020-04-30,Metro,"Boston, MA metro area",1015,24.43,162,-62.45,9.89,4.23,1.8,-1.55
2026-09-03,Monthly,2020-04-01,2020-04-30,Metro,"Charlotte, NC metro area",591,17.32,200,-34.79,3.55,1.19,1.36,-0.46
2026-09-03,Monthly,2020-04-01,2020-04-30,Metro,"Chicago, IL metro area",2572,11.67,591,-48.07,8.14,2.83,1.94,-0.79
2026-09-03,Monthly,2020-04-01,2020-04-30,Metro,"Cincinnati, OH metro area",425,-7.06,128,-44.7,4.7,0.91,1.39,-0.52
2026-09-03,Monthly,2020-04-01,2020-04-30,Metro,"Cleveland, OH metro area",540,17.08,150,-40.71,6.66,2.53,1.84,-0.43
2026-09-03,Monthly,2020-04-01,2020-04-30,Metro,"Columbus, OH metro area",318,-8.73,131,-32.39,4.08,0.27,1.61,-0.5
2026-09-03,Monthly,2020-04-01,2020-04-30,Metro,"Dallas, TX metro area",1769,26.54,536,-25.6,8.39,2.98,2.51,-0.3
2026-09-03,Monthly,2020-04-01,2020-04-30,Metro,"Denver, CO metro area",725,30.12,142,-52.98,7.11,2.85,1.36,-0.97
2026-09-03,Monthly,2020-04-01,2020-04-30,Metro,"Detroit, MI metro area",430,-29.44,68,-67.53,7.25,-0.29,1.17,-1.46
2026-09-03,Monthly,2020-04-01,2020-04-30,Metro,"Fort Lauderdale, FL metro area",1119,6.74,282,-32.88,6.74,1.47,1.68,-0.45
2026-09-03,Monthly,2020-04-01,2020-04-30,Metro,"Fort Worth, TX metro area",640,34.4,222,-13.6,6.71,2.19,2.28,-0.09
2026-09-03,Monthly,2020-04-01,2020-04-30,Metro,"Houston, TX metro area",2209,16.11,577,-35.34,6.65,1.39,1.72,-0.67
2026-09-03,Monthly,2020-04-01,2020-04-30,Metro,"Indianapolis, IN metro area",615,20.47,159,-26.33,7.97,2.57,2.12,-0.25
2026-09-03,Monthly,2020-04-01,2020-04-30,Metro,"Jacksonville, FL metro area",536,10.95,110,-48.01,4.69,0.94,1.08,-0.58
2026-09-03,Monthly,2020-04-01,2020-04-30,Metro,"Kansas City, MO metro area",348,-25.47,146,-31.54,3.63,-0.44,1.73,-0.27
2026-09-03,Monthly,2020-04-01,2020-04-30,Metro,"Las Vegas, NV metro area",821,13.21,205,-37.07,6.67,2.11,1.65,-0.34
2026-09-03,Monthly,2020-04-01,2020-04-30,Metro,"Los Angeles, CA metro area",1372,-9.33,351,-50.75,7.75,2.04,1.86,-0.73
2026-09-03,Monthly,2020-04-01,2020-04-30,Metro,"Miami, FL metro area",1475,4.36,368,-35.11,7.48,1.22,1.81,-0.62
2026-09-03,Monthly,2020-04-01,2020-04-30,Metro,"Milwaukee, WI metro area",220,16.73,75,-39.25,2.56,0.67,1.24,-0.49
2026-09-03,Monthly,2020-04-01,2020-04-30,Metro,"Minneapolis, MN metro area",622,-6,258,-24.85,4.44,0.14,1.82,-0.39
2026-09-03,Monthly,2020-04-01,2020-04-30,Metro,"Montgomery County, PA metro area",467,53.84,99,-15.56,9.21,6.1,1.75,0.5
2026-09-03,Monthly,2020-04-01,2020-04-30,Metro,"Nashville, TN metro area",669,-17.29,238,-31.27,4.84,-0.44,1.78,-0.43
2026-09-03,Monthly,2020-04-01,2020-04-30,Metro,"Nassau County, NY metro area",942,13.29,111,-71.95,8.61,3.18,1.1,-1.51
2026-09-03,Monthly,2020-04-01,2020-04-30,Metro,"New Brunswick, NJ metro area",1332,7.01,230,-50.72,11.09,4.3,1.86,-0.66
2026-09-03,Monthly,2020-04-01,2020-04-30,Metro,"New York, NY metro area",2875,4,386,-63.32,8.5,2.5,1.17,-1.15
2026-09-03,Monthly,2020-04-01,2020-04-30,Metro,"Newark, NJ metro area",851,2.86,391,-10.62,6.75,1.47,2.23,-0.79
2026-09-03,Monthly,2020-04-01,2020-04-30,Metro,"Oakland, CA metro area",320,-23.9,111,-42.12,8.45,1.63,2.88,-0.18
2026-09-03,Monthly,2020-04-01,2020-04-30,Metro,"Orlando, FL metro area",859,19.52,204,-34.33,5.76,1.62,1.44,-0.41
2026-09-03,Monthly,2020-04-01,2020-04-30,Metro,"Philadelphia, PA metro area",709,21.66,121,-24.81,11.1,4.94,1.94,0.21
2026-09-03,Monthly,2020-04-01,2020-04-30,Metro,"Phoenix, AZ metro area",1301,10.21,392,-32.14,5.75,1.72,1.64,-0.27
2026-09-03,Monthly,2020-04-01,2020-04-30,Metro,"Pittsburgh, PA metro area",482,-8.54,63,-63.36,4.87,0.79,0.92,-0.6
2026-09-03,Monthly,2020-04-01,2020-04-30,Metro,"Portland, OR metro area",498,24.64,103,-57.85,5.53,1.97,1.14,-1.05
2026-09-03,Monthly,2020-04-01,2020-04-30,Metro,"Providence, RI metro area",408,10.89,82,-61.78,7.16,2.57,1.45,-1.24
2026-09-03,Monthly,2020-04-01,2020-04-30,Metro,"Riverside, CA metro area",1033,-7.58,287,-45.96,6.01,1.37,1.58,-0.6
2026-09-03,Monthly,2020-04-01,2020-04-30,Metro,"Sacramento, CA metro area",623,32.63,154,-50.41,9.17,3.6,2.25,-1.41
2026-09-03,Monthly,2020-04-01,2020-04-30,Metro,"San Antonio, TX metro area",592,5.66,167,-28.62,4.76,0.66,1.2,-0.48
2026-09-03,Monthly,2020-04-01,2020-04-30,Metro,"San Diego, CA metro area",651,-3.41,135,-58.3,8.1,2.13,1.72,-1.17
2026-09-03,Monthly,2020-04-01,2020-04-30,Metro,"San Francisco, CA metro area",169,20.76,79,-20.27,7.49,2.59,3.67,0.21
2026-09-03,Monthly,2020-04-01,2020-04-30,Metro,"San Jose, CA metro area",154,-22.87,86,-36.64,4.7,0.31,2.67,-0.35
2026-09-03,Monthly,2020-04-01,2020-04-30,Metro,"Seattle, WA metro area",483,-5.8,122,-61.62,5.69,1.23,1.53,-1.32
2026-09-03,Monthly,2020-04-01,2020-04-30,Metro,"St. Louis, MO metro area",568,-15.99,218,-41.73,5.86,1.09,1.94,-0.87
2026-09-03,Monthly,2020-04-01,2020-04-30,Metro,"Tampa, FL metro area",913,2.41,255,-34.53,4.63,0.88,1.29,-0.3
2026-09-03,Monthly,2020-04-01,2020-04-30,Metro,"Virginia Beach, VA metro area",400,-17.22,136,-34.24,4.28,0.12,1.43,-0.34
2026-09-03,Monthly,2020-04-01,2020-04-30,Metro,"Warren, MI metro area",591,-17.86,90,-75.58,6.64,1.2,1.08,-1.82
2026-09-03,Monthly,2020-04-01,2020-04-30,Metro,"Washington, DC metro area",1088,11.04,279,-20.23,6.44,1.79,1.67,-0.01
2026-09-03,Monthly,2020-04-01,2020-04-30,Metro,"West Palm Beach, FL metro area",1155,18.81,233,-46.16,8.3,2.86,1.58,-0.76
2026-09-03,Monthly,2020-03-01,2020-03-31,Metro,"Anaheim, CA metro area",1022,72.54,214,-28.73,11.23,6.4,2.18,-0.14
2026-09-03,Monthly,2020-03-01,2020-03-31,Metro,"Atlanta, GA metro area",3056,4.45,696,-14.67,7.41,0.51,1.63,-0.22
2026-09-03,Monthly,2020-03-01,2020-03-31,Metro,"Austin, TX metro area",816,77.9,155,-40.05,8.08,3.93,1.55,-0.81
2026-09-03,Monthly,2020-03-01,2020-03-31,Metro,"Baltimore, MD metro area",1101,86.72,357,51.13,8.14,4.2,2.41,0.9
2026-09-03,Monthly,2020-03-01,2020-03-31,Metro,"Boston, MA metro area",1778,105.47,300,-33.62,13.61,7.5,2.35,-0.94
2026-09-03,Monthly,2020-03-01,2020-03-31,Metro,"Charlotte, NC metro area",649,30.61,220,-0.19,3.75,1.4,1.41,0
2026-09-03,Monthly,2020-03-01,2020-03-31,Metro,"Chicago, IL metro area",4199,91.46,984,-26.82,10.37,5.09,2.07,-0.93
2026-09-03,Monthly,2020-03-01,2020-03-31,Metro,"Cincinnati, OH metro area",599,38.33,152,-37.03,6.11,2.52,1.5,-0.52
2026-09-03,Monthly,2020-03-01,2020-03-31,Metro,"Cleveland, OH metro area",690,31.71,187,-19,7.38,2.69,1.9,-0.03
2026-09-03,Monthly,2020-03-01,2020-03-31,Metro,"Columbus, OH metro area",357,15.35,136,-24.92,4.13,0.58,1.56,-0.49
2026-09-03,Monthly,2020-03-01,2020-03-31,Metro,"Dallas, TX metro area",2415,82.56,583,-21.84,10.02,4.86,2.48,-0.47
2026-09-03,Monthly,2020-03-01,2020-03-31,Metro,"Denver, CO metro area",854,41.21,257,-14.65,7.03,2.24,2.12,-0.24
2026-09-03,Monthly,2020-03-01,2020-03-31,Metro,"Detroit, MI metro area",578,5.2,180,-7.34,7.91,0.8,2.43,0.01
2026-09-03,Monthly,2020-03-01,2020-03-31,Metro,"Fort Lauderdale, FL metro area",1254,20.77,323,-16.92,6.96,1.68,1.78,-0.19
2026-09-03,Monthly,2020-03-01,2020-03-31,Metro,"Fort Worth, TX metro area",726,48.2,225,-16.73,7.12,2.47,2.16,-0.38
2026-09-03,Monthly,2020-03-01,2020-03-31,Metro,"Houston, TX metro area",2593,38.14,749,-19.15,7.11,2.03,1.98,-0.46
2026-09-03,Monthly,2020-03-01,2020-03-31,Metro,"Indianapolis, IN metro area",683,45.54,177,-25.35,7.86,2.83,2.11,-0.5
2026-09-03,Monthly,2020-03-01,2020-03-31,Metro,"Jacksonville, FL metro area",569,16.57,208,-10.99,4.7,0.84,1.55,-0.15
2026-09-03,Monthly,2020-03-01,2020-03-31,Metro,"Kansas City, MO metro area",597,52.55,182,-23.04,5.57,1.73,1.89,-0.39
2026-09-03,Monthly,2020-03-01,2020-03-31,Metro,"Las Vegas, NV metro area",769,-6.18,325,5.52,5.98,0.74,2.46,0.58
2026-09-03,Monthly,2020-03-01,2020-03-31,Metro,"Los Angeles, CA metro area",1969,14.43,439,-36.3,9.12,2.9,2.1,-0.43
2026-09-03,Monthly,2020-03-01,2020-03-31,Metro,"Miami, FL metro area",1573,10.63,466,-11.09,8.04,1.69,2.18,-0.1
2026-09-03,Monthly,2020-03-01,2020-03-31,Metro,"Milwaukee, WI metro area",217,-1.48,82,-36.96,2.62,0.14,1.23,-0.61
2026-09-03,Monthly,2020-03-01,2020-03-31,Metro,"Minneapolis, MN metro area",819,33.76,296,-0.56,4.97,0.93,1.95,-0.02
2026-09-03,Monthly,2020-03-01,2020-03-31,Metro,"Montgomery County, PA metro area",1064,303.86,140,25.42,13.07,10.05,1.86,0.61
2026-09-03,Monthly,2020-03-01,2020-03-31,Metro,"Nashville, TN metro area",685,-12.75,277,-16.31,4.78,-0.41,1.87,-0.23
2026-09-03,Monthly,2020-03-01,2020-03-31,Metro,"Nassau County, NY metro area",975,19.3,315,-27.98,7.59,2.11,2.41,-0.5
2026-09-03,Monthly,2020-03-01,2020-03-31,Metro,"New Brunswick, NJ metro area",1875,69.93,341,-33.41,12.19,6.2,2.26,-0.53
2026-09-03,Monthly,2020-03-01,2020-03-31,Metro,"New York, NY metro area",4814,76.54,660,-39.25,11.31,5.43,1.5,-0.82
2026-09-03,Monthly,2020-03-01,2020-03-31,Metro,"Newark, NJ metro area",1202,45.06,413,-8.92,8.77,3.29,2.65,-0.62
2026-09-03,Monthly,2020-03-01,2020-03-31,Metro,"Oakland, CA metro area",618,65.36,113,-43.54,12.98,6.9,2.45,-0.85
2026-09-03,Monthly,2020-03-01,2020-03-31,Metro,"Orlando, FL metro area",965,30.12,252,-33.51,6.57,2.21,1.58,-0.52
2026-09-03,Monthly,2020-03-01,2020-03-31,Metro,"Philadelphia, PA metro area",1173,120.76,194,32.73,13.82,8.22,2.31,0.71
2026-09-03,Monthly,2020-03-01,2020-03-31,Metro,"Phoenix, AZ metro area",1472,23.54,420,-30.65,6.22,2.24,1.72,-0.28
2026-09-03,Monthly,2020-03-01,2020-03-31,Metro,"Pittsburgh, PA metro area",669,28.48,151,-26.67,6.07,1.97,1.24,-0.33
2026-09-03,Monthly,2020-03-01,2020-03-31,Metro,"Portland, OR metro area",540,41.54,194,-20.01,5.52,1.95,1.95,-0.26
2026-09-03,Monthly,2020-03-01,2020-03-31,Metro,"Providence, RI metro area",480,29.35,168,-27.71,6.93,2.31,2.4,-0.51
2026-09-03,Monthly,2020-03-01,2020-03-31,Metro,"Riverside, CA metro area",1389,20.84,417,-26.16,6.7,2.04,1.89,-0.29
2026-09-03,Monthly,2020-03-01,2020-03-31,Metro,"Sacramento, CA metro area",968,101.9,203,-24.33,12.85,7.11,2.74,-0.52
2026-09-03,Monthly,2020-03-01,2020-03-31,Metro,"San Antonio, TX metro area",768,30.47,212,-16.35,5.04,0.79,1.46,-0.38
2026-09-03,Monthly,2020-03-01,2020-03-31,Metro,"San Diego, CA metro area",729,-12.37,203,-41.69,7.94,0.68,2.13,-0.8
2026-09-03,Monthly,2020-03-01,2020-03-31,Metro,"San Francisco, CA metro area",507,212.83,49,-46.31,19.46,13.27,1.89,-1.67
2026-09-03,Monthly,2020-03-01,2020-03-31,Metro,"San Jose, CA metro area",349,40.07,84,-35.47,9.83,3.56,2.31,-0.97
2026-09-03,Monthly,2020-03-01,2020-03-31,Metro,"Seattle, WA metro area",783,60.05,222,-39.09,8.4,4.08,2.42,-0.84
2026-09-03,Monthly,2020-03-01,2020-03-31,Metro,"St. Louis, MO metro area",657,1.43,259,-38.3,6.16,1.43,2.16,-1.16
2026-09-03,Monthly,2020-03-01,2020-03-31,Metro,"Tampa, FL metro area",1325,48.39,334,-14.08,6.25,2.66,1.59,0.02
2026-09-03,Monthly,2020-03-01,2020-03-31,Metro,"Virginia Beach, VA metro area",359,-35.06,161,-30.35,3.45,-1.38,1.6,-0.45
2026-09-03,Monthly,2020-03-01,2020-03-31,Metro,"Warren, MI metro area",1011,25.32,250,-32.32,8.71,2.35,2.2,-0.75
2026-09-03,Monthly,2020-03-01,2020-03-31,Metro,"Washington, DC metro area",1490,58.36,362,3.64,7.41,2.94,1.91,0.22
2026-09-03,Monthly,2020-03-01,2020-03-31,Metro,"West Palm Beach, FL metro area",1350,47.64,304,-25.96,8.67,3.47,1.9,-0.37
2026-09-03,Monthly,2020-02-01,2020-02-29,Metro,"Anaheim, CA metro area",433,-29.09,264,-6.62,4.23,-0.81,2.57,0.34
2026-09-03,Monthly,2020-02-01,2020-02-29,Metro,"Atlanta, GA metro area",2997,0.18,773,5.15,7.13,0.12,1.8,0.13
2026-09-03,Monthly,2020-02-01,2020-02-29,Metro,"Austin, TX metro area",380,-26.23,181,-22.96,3.61,-0.83,1.8,-0.26
2026-09-03,Monthly,2020-02-01,2020-02-29,Metro,"Baltimore, MD metro area",663,11.01,416,82.97,4.77,0.8,2.79,1.3
2026-09-03,Monthly,2020-02-01,2020-02-29,Metro,"Boston, MA metro area",703,-22.84,505,20.42,4.93,-1.44,3.25,0.47
2026-09-03,Monthly,2020-02-01,2020-02-29,Metro,"Charlotte, NC metro area",512,-5.96,234,-0.44,2.39,-0.23,1.47,0.01
2026-09-03,Monthly,2020-02-01,2020-02-29,Metro,"Chicago, IL metro area",2046,-13.58,1195,-1.61,4.95,-0.83,2.48,-0.3
2026-09-03,Monthly,2020-02-01,2020-02-29,Metro,"Cincinnati, OH metro area",409,-9.26,160,-31.23,4.15,0.46,1.6,-0.29
2026-09-03,Monthly,2020-02-01,2020-02-29,Metro,"Cleveland, OH metro area",462,-23.98,227,-10.42,4.67,-0.68,2.21,0.05
2026-09-03,Monthly,2020-02-01,2020-02-29,Metro,"Columbus, OH metro area",287,-25.02,152,-7.29,3.29,-0.98,1.77,-0.03
2026-09-03,Monthly,2020-02-01,2020-02-29,Metro,"Dallas, TX metro area",1269,-12.83,712,2.84,5.22,-0.45,2.96,0.13
2026-09-03,Monthly,2020-02-01,2020-02-29,Metro,"Denver, CO metro area",428,-30.97,272,-6.34,3.57,-1.14,2.24,0.04
2026-09-03,Monthly,2020-02-01,2020-02-29,Metro,"Detroit, MI metro area",504,1.27,219,11.39,6.54,0.18,2.7,0.21
2026-09-03,Monthly,2020-02-01,2020-02-29,Metro,"Fort Lauderdale, FL metro area",1049,1.37,353,-4.83,5.82,0.49,1.94,0.05
2026-09-03,Monthly,2020-02-01,2020-02-29,Metro,"Fort Worth, TX metro area",541,-0.33,253,-8.34,4.74,-0.18,2.36,-0.18
2026-09-03,Monthly,2020-02-01,2020-02-29,Metro,"Houston, TX metro area",1908,-3.99,838,-2.49,5.11,-0.28,2.24,-0.03
2026-09-03,Monthly,2020-02-01,2020-02-29,Metro,"Indianapolis, IN metro area",606,17.87,211,-0.73,6.95,1.44,2.5,0.22
2026-09-03,Monthly,2020-02-01,2020-02-29,Metro,"Jacksonville, FL metro area",448,-12.75,225,-7.04,3.81,-0.26,1.73,-0.09
2026-09-03,Monthly,2020-02-01,2020-02-29,Metro,"Kansas City, MO metro area",325,-18.5,204,-0.42,3.26,-0.55,2.18,0.25
2026-09-03,Monthly,2020-02-01,2020-02-29,Metro,"Las Vegas, NV metro area",635,-20.15,350,17.25,4.81,-0.21,2.65,0.76
2026-09-03,Monthly,2020-02-01,2020-02-29,Metro,"Los Angeles, CA metro area",1164,-33.26,552,-8.61,4.94,-1.39,2.51,0.26
2026-09-03,Monthly,2020-02-01,2020-02-29,Metro,"Miami, FL metro area",1470,3.32,508,-4.52,7.06,0.92,2.4,0.1
2026-09-03,Monthly,2020-02-01,2020-02-29,Metro,"Milwaukee, WI metro area",199,-13.47,113,3.84,2.51,-0.32,1.68,0.14
2026-09-03,Monthly,2020-02-01,2020-02-29,Metro,"Minneapolis, MN metro area",514,-21.05,312,9.14,3.53,-0.8,2.09,0.22
2026-09-03,Monthly,2020-02-01,2020-02-29,Metro,"Montgomery County, PA metro area",390,19.01,178,52.86,4.84,1.61,2.21,0.95
2026-09-03,Monthly,2020-02-01,2020-02-29,Metro,"Nashville, TN metro area",659,-19.21,283,-6.11,4.51,-0.86,1.96,0.05
2026-09-03,Monthly,2020-02-01,2020-02-29,Metro,"Nassau County, NY metro area",812,-5.19,397,-3.67,6.15,0.32,2.93,0.09
2026-09-03,Monthly,2020-02-01,2020-02-29,Metro,"New Brunswick, NJ metro area",1257,-0.42,517,-5.99,7.61,0.86,3.17,0.21
2026-09-03,Monthly,2020-02-01,2020-02-29,Metro,"New York, NY metro area",2902,1.51,1149,15.18,6.39,0.15,2.51,0.36
2026-09-03,Monthly,2020-02-01,2020-02-29,Metro,"Newark, NJ metro area",1116,38.7,443,-1.23,7.83,2.32,3.39,0.3
2026-09-03,Monthly,2020-02-01,2020-02-29,Metro,"Oakland, CA metro area",276,-39.28,154,-22.45,5.09,-2.1,3.03,-0.26
2026-09-03,Monthly,2020-02-01,2020-02-29,Metro,"Orlando, FL metro area",599,-13.93,296,-16.65,4.21,0.09,1.91,-0.05
2026-09-03,Monthly,2020-02-01,2020-02-29,Metro,"Philadelphia, PA metro area",659,29.85,241,55.78,7.37,1.95,2.72,1.03
2026-09-03,Monthly,2020-02-01,2020-02-29,Metro,"Phoenix, AZ metro area",746,-37.76,453,-18.01,3.19,-0.84,1.85,0.03
2026-09-03,Monthly,2020-02-01,2020-02-29,Metro,"Pittsburgh, PA metro area",509,5.35,209,-11.48,4.35,0.5,1.57,-0.2
2026-09-03,Monthly,2020-02-01,2020-02-29,Metro,"Portland, OR metro area",343,-31.2,205,-10.71,3.45,-0.99,2.04,-0.01
2026-09-03,Monthly,2020-02-01,2020-02-29,Metro,"Providence, RI metro area",343,-22.61,199,-16.54,4.39,-0.86,2.72,-0.15
2026-09-03,Monthly,2020-02-01,2020-02-29,Metro,"Riverside, CA metro area",964,-17.48,456,-13.29,4.25,-0.42,1.99,-0.1
2026-09-03,Monthly,2020-02-01,2020-02-29,Metro,"Sacramento, CA metro area",406,-26.98,243,-7.09,5.29,-1.13,3.15,0.14
2026-09-03,Monthly,2020-02-01,2020-02-29,Metro,"San Antonio, TX metro area",520,-4.3,240,-1.78,4.12,-0.15,1.71,-0.13
2026-09-03,Monthly,2020-02-01,2020-02-29,Metro,"San Diego, CA metro area",388,-56.8,285,9.53,4.17,-3.76,2.9,0.74
2026-09-03,Monthly,2020-02-01,2020-02-29,Metro,"San Francisco, CA metro area",130,-29.49,95,11.23,4.51,-2.46,3.56,0.43
2026-09-03,Monthly,2020-02-01,2020-02-29,Metro,"San Jose, CA metro area",156,-27.59,106,-19.18,3.67,-1.58,2.75,-0.51
2026-09-03,Monthly,2020-02-01,2020-02-29,Metro,"Seattle, WA metro area",389,-29.93,238,-15.32,4.14,-0.93,2.54,-0.03
2026-09-03,Monthly,2020-02-01,2020-02-29,Metro,"St. Louis, MO metro area",575,-23.5,307,-19.46,5.29,-0.58,2.53,-0.53
2026-09-03,Monthly,2020-02-01,2020-02-29,Metro,"Tampa, FL metro area",854,-6.65,359,-11.81,4.06,0.44,1.68,0.07
2026-09-03,Monthly,2020-02-01,2020-02-29,Metro,"Virginia Beach, VA metro area",347,-30.46,178,-28.15,3.41,-1,1.76,-0.49
2026-09-03,Monthly,2020-02-01,2020-02-29,Metro,"Warren, MI metro area",675,-14.94,337,13.8,5.58,-0.7,2.77,0.41
2026-09-03,Monthly,2020-02-01,2020-02-29,Metro,"Washington, DC metro area",829,-13.69,490,50.56,4.14,-0.49,2.56,0.97
2026-09-03,Monthly,2020-02-01,2020-02-29,Metro,"West Palm Beach, FL metro area",754,-22.3,372,-18.62,4.63,-0.79,2.28,-0.23
2026-09-03,Monthly,2020-01-01,2020-01-31,Metro,"Anaheim, CA metro area",400,-42.97,252,2.99,4.04,-1.66,2.49,0.5
2026-09-03,Monthly,2020-01-01,2020-01-31,Metro,"Atlanta, GA metro area",2989,2.9,844,20.21,7.04,0.17,1.94,0.31
2026-09-03,Monthly,2020-01-01,2020-01-31,Metro,"Austin, TX metro area",370,-31.86,203,-8.6,3.56,-1.1,2.02,0.03
2026-09-03,Monthly,2020-01-01,2020-01-31,Metro,"Baltimore, MD metro area",686,29.03,417,82.51,4.94,1.28,2.84,1.31
2026-09-03,Monthly,2020-01-01,2020-01-31,Metro,"Boston, MA metro area",724,-20.71,428,4.04,5.44,-0.64,3.06,0.38
2026-09-03,Monthly,2020-01-01,2020-01-31,Metro,"Charlotte, NC metro area",533,-18.17,222,-5.99,4.03,-0.72,1.46,-0.02
2026-09-03,Monthly,2020-01-01,2020-01-31,Metro,"Chicago, IL metro area",2152,-2.82,1212,9.06,5.09,-0.34,2.61,0.03
2026-09-03,Monthly,2020-01-01,2020-01-31,Metro,"Cincinnati, OH metro area",439,-8.07,195,-0.17,4.51,0.35,1.9,0.29
2026-09-03,Monthly,2020-01-01,2020-01-31,Metro,"Cleveland, OH metro area",482,-4.1,247,-8.32,4.71,0.14,2.23,-0.06
2026-09-03,Monthly,2020-01-01,2020-01-31,Metro,"Columbus, OH metro area",321,-14.36,162,12.59,3.6,-0.59,1.79,0.18
2026-09-03,Monthly,2020-01-01,2020-01-31,Metro,"Dallas, TX metro area",1421,-1.33,689,4.75,5.83,0,2.82,0.12
2026-09-03,Monthly,2020-01-01,2020-01-31,Metro,"Denver, CO metro area",491,-23.9,262,-12.21,4.01,-0.91,2.12,-0.13
2026-09-03,Monthly,2020-01-01,2020-01-31,Metro,"Detroit, MI metro area",609,23.36,240,36.57,7.9,1.45,3.09,0.78
2026-09-03,Monthly,2020-01-01,2020-01-31,Metro,"Fort Lauderdale, FL metro area",990,-8.73,360,-11.91,5.4,-0.18,1.94,-0.11
2026-09-03,Monthly,2020-01-01,2020-01-31,Metro,"Fort Worth, TX metro area",490,-11.07,276,16.99,4.52,-0.63,2.62,0.35
2026-09-03,Monthly,2020-01-01,2020-01-31,Metro,"Houston, TX metro area",1948,-3.76,869,5.22,5.34,-0.17,2.36,0.13
2026-09-03,Monthly,2020-01-01,2020-01-31,Metro,"Indianapolis, IN metro area",590,15.1,234,9.81,6.79,1.3,2.69,0.41
2026-09-03,Monthly,2020-01-01,2020-01-31,Metro,"Jacksonville, FL metro area",437,-13.55,233,-5.64,3.69,-0.37,1.9,0.01
2026-09-03,Monthly,2020-01-01,2020-01-31,Metro,"Kansas City, MO metro area",367,-20.17,202,19.69,3.53,-0.38,2.03,0.5
2026-09-03,Monthly,2020-01-01,2020-01-31,Metro,"Las Vegas, NV metro area",761,5.22,333,17.15,5.5,0.84,2.45,0.6
2026-09-03,Monthly,2020-01-01,2020-01-31,Metro,"Los Angeles, CA metro area",1251,-27.09,541,-13.19,5.44,-0.79,2.45,0.14
2026-09-03,Monthly,2020-01-01,2020-01-31,Metro,"Miami, FL metro area",1481,5.26,511,-13.94,6.73,0.81,2.37,-0.16
2026-09-03,Monthly,2020-01-01,2020-01-31,Metro,"Milwaukee, WI metro area",233,5.09,97,-22.06,4.84,0.41,1.43,-0.28
2026-09-03,Monthly,2020-01-01,2020-01-31,Metro,"Minneapolis, MN metro area",485,-38.52,309,1.36,3.27,-1.81,2.07,0.13
2026-09-03,Monthly,2020-01-01,2020-01-31,Metro,"Montgomery County, PA metro area",421,60.83,187,67.03,5.13,2.12,2.27,1.05
2026-09-03,Monthly,2020-01-01,2020-01-31,Metro,"Nashville, TN metro area",672,-20.84,298,-13.8,4.46,-1.01,1.99,-0.23
2026-09-03,Monthly,2020-01-01,2020-01-31,Metro,"Nassau County, NY metro area",948,-0.16,370,-6.84,6.96,0.5,2.7,-0.03
2026-09-03,Monthly,2020-01-01,2020-01-31,Metro,"New Brunswick, NJ metro area",1201,-9.33,537,11.67,7.34,0.17,3.31,0.67
2026-09-03,Monthly,2020-01-01,2020-01-31,Metro,"New York, NY metro area",2678,-16.15,1114,3.52,5.79,-1.24,2.48,0.11
2026-09-03,Monthly,2020-01-01,2020-01-31,Metro,"Newark, NJ metro area",535,-38.21,446,1.2,3.43,-2.58,3.34,0.47
2026-09-03,Monthly,2020-01-01,2020-01-31,Metro,"Oakland, CA metro area",268,-52.53,144,-16.36,5.1,-3.6,2.94,0.13
2026-09-03,Monthly,2020-01-01,2020-01-31,Metro,"Orlando, FL metro area",648,-9.87,340,13.7,4.26,0.01,2.18,0.53
2026-09-03,Monthly,2020-01-01,2020-01-31,Metro,"Philadelphia, PA metro area",598,58.64,254,56.06,6.87,2.48,2.87,1.01
2026-09-03,Monthly,2020-01-01,2020-01-31,Metro,"Phoenix, AZ metro area",770,-34.25,456,-22.37,3.24,-0.74,1.86,-0.09
2026-09-03,Monthly,2020-01-01,2020-01-31,Metro,"Pittsburgh, PA metro area",499,-3.57,183,8.92,4.17,-0.13,1.58,0.18
2026-09-03,Monthly,2020-01-01,2020-01-31,Metro,"Portland, OR metro area",371,-22.51,186,-25.64,3.71,-0.4,1.86,-0.32
2026-09-03,Monthly,2020-01-01,2020-01-31,Metro,"Providence, RI metro area",368,-15.47,186,20.61,4.92,-0.3,2.55,0.67
2026-09-03,Monthly,2020-01-01,2020-01-31,Metro,"Riverside, CA metro area",940,-19.64,496,1.24,4.2,-0.49,2.27,0.38
2026-09-03,Monthly,2020-01-01,2020-01-31,Metro,"Sacramento, CA metro area",417,-24.31,261,-5.13,5.51,-0.66,3.47,0.4
2026-09-03,Monthly,2020-01-01,2020-01-31,Metro,"San Antonio, TX metro area",519,-20.9,241,0.63,3.87,-0.95,1.75,-0.14
2026-09-03,Monthly,2020-01-01,2020-01-31,Metro,"San Diego, CA metro area",409,-48.59,248,-11.95,4.11,-2.43,2.58,0.27
2026-09-03,Monthly,2020-01-01,2020-01-31,Metro,"San Francisco, CA metro area",166,5.1,77,-15.95,6.05,0.27,2.81,-0.62
2026-09-03,Monthly,2020-01-01,2020-01-31,Metro,"San Jose, CA metro area",171,-39.39,105,-7.63,4.23,-2.87,2.68,-0.23
2026-09-03,Monthly,2020-01-01,2020-01-31,Metro,"Seattle, WA metro area",408,-28.23,249,-9.96,4.31,-0.47,2.67,0.34
2026-09-03,Monthly,2020-01-01,2020-01-31,Metro,"St. Louis, MO metro area",610,-23.79,284,-13.05,5.18,-1.05,2.26,-0.06
2026-09-03,Monthly,2020-01-01,2020-01-31,Metro,"Tampa, FL metro area",807,-6.34,381,-4.56,3.69,0.24,1.75,0.16
2026-09-03,Monthly,2020-01-01,2020-01-31,Metro,"Virginia Beach, VA metro area",389,-32,185,-19.25,3.79,-1.24,1.84,-0.17
2026-09-03,Monthly,2020-01-01,2020-01-31,Metro,"Warren, MI metro area",746,-1.35,313,-3.67,6.08,0.08,2.57,-0.03
2026-09-03,Monthly,2020-01-01,2020-01-31,Metro,"Washington, DC metro area",758,-24.27,502,48.43,3.89,-0.97,2.63,0.94
2026-09-03,Monthly,2020-01-01,2020-01-31,Metro,"West Palm Beach, FL metro area",797,-10.77,408,-3.48,4.9,-0.18,2.48,0.11
2026-09-03,Monthly,2019-12-01,2019-12-31,Metro,"Anaheim, CA metro area",466,-28.88,229,15.51,4.6,-0.86,2.24,0.59
2026-09-03,Monthly,2019-12-01,2019-12-31,Metro,"Atlanta, GA metro area",3126,9.15,690,10.36,7.41,0.56,1.64,0.11
2026-09-03,Monthly,2019-12-01,2019-12-31,Metro,"Austin, TX metro area",396,-33.19,196,-15.4,3.75,-1.28,1.83,-0.13
2026-09-03,Monthly,2019-12-01,2019-12-31,Metro,"Baltimore, MD metro area",868,102.69,330,10,6.08,3.09,2.23,0.18
2026-09-03,Monthly,2019-12-01,2019-12-31,Metro,"Boston, MA metro area",809,-9.16,362,-2.44,6.07,-0.2,2.6,0.04
2026-09-03,Monthly,2019-12-01,2019-12-31,Metro,"Charlotte, NC metro area",522,-15.14,221,0.31,4.47,-0.63,1.44,0.07
2026-09-03,Monthly,2019-12-01,2019-12-31,Metro,"Chicago, IL metro area",2319,-0.92,1321,24.97,5.37,-0.34,2.87,0.35
2026-09-03,Monthly,2019-12-01,2019-12-31,Metro,"Cincinnati, OH metro area",418,-13.4,195,8.56,4.29,0.18,1.95,0.41
2026-09-03,Monthly,2019-12-01,2019-12-31,Metro,"Cleveland, OH metro area",537,8.52,202,3.67,5.18,0.66,1.97,0.14
2026-09-03,Monthly,2019-12-01,2019-12-31,Metro,"Columbus, OH metro area",334,-5.95,155,16.22,3.8,-0.27,1.72,0.23
2026-09-03,Monthly,2019-12-01,2019-12-31,Metro,"Dallas, TX metro area",1297,-6.07,647,13.53,5.3,-0.38,2.57,0.29
2026-09-03,Monthly,2019-12-01,2019-12-31,Metro,"Denver, CO metro area",915,45.44,255,-2.37,7.09,2.29,2,-0.02
2026-09-03,Monthly,2019-12-01,2019-12-31,Metro,"Detroit, MI metro area",511,13.18,135,-28.6,6.79,0.96,1.99,-0.66
2026-09-03,Monthly,2019-12-01,2019-12-31,Metro,"Fort Lauderdale, FL metro area",964,-7.25,373,9.09,5.3,-0.2,2.03,0.27
2026-09-03,Monthly,2019-12-01,2019-12-31,Metro,"Fort Worth, TX metro area",549,7.42,245,7.45,5.12,0.21,2.31,0.07
2026-09-03,Monthly,2019-12-01,2019-12-31,Metro,"Houston, TX metro area",2034,-5.44,827,8.12,5.52,-0.35,2.28,0.17
2026-09-03,Monthly,2019-12-01,2019-12-31,Metro,"Indianapolis, IN metro area",543,-9.42,179,11.75,6.13,-0.33,2.08,0.35
2026-09-03,Monthly,2019-12-01,2019-12-31,Metro,"Jacksonville, FL metro area",503,-0.44,191,-5.69,4.25,0.19,1.52,-0.09
2026-09-03,Monthly,2019-12-01,2019-12-31,Metro,"Kansas City, MO metro area",435,-11.4,173,-25.99,4.03,-0.09,1.68,-0.43
2026-09-03,Monthly,2019-12-01,2019-12-31,Metro,"Las Vegas, NV metro area",718,0.22,312,27.93,5.01,0.22,2.27,0.59
2026-09-03,Monthly,2019-12-01,2019-12-31,Metro,"Los Angeles, CA metro area",1251,-28.2,513,-2.48,5.34,-1.08,2.29,0.3
2026-09-03,Monthly,2019-12-01,2019-12-31,Metro,"Miami, FL metro area",1457,3.02,522,-2.68,6.83,0.72,2.42,0.05
2026-09-03,Monthly,2019-12-01,2019-12-31,Metro,"Milwaukee, WI metro area",243,-1.39,113,14.83,6.58,0.48,1.65,0.26
2026-09-03,Monthly,2019-12-01,2019-12-31,Metro,"Minneapolis, MN metro area",646,16.82,297,-1.54,4.31,0.7,1.97,0.03
2026-09-03,Monthly,2019-12-01,2019-12-31,Metro,"Montgomery County, PA metro area",459,172.76,128,-17.92,5.44,3.57,1.55,-0.2
2026-09-03,Monthly,2019-12-01,2019-12-31,Metro,"Nashville, TN metro area",719,-13.25,290,-5.33,4.72,-0.67,1.94,-0.13
2026-09-03,Monthly,2019-12-01,2019-12-31,Metro,"Nassau County, NY metro area",957,0.57,341,8.61,7.01,0.49,2.42,0.29
2026-09-03,Monthly,2019-12-01,2019-12-31,Metro,"New Brunswick, NJ metro area",1290,-1.98,492,14.45,7.87,0.54,3.07,0.65
2026-09-03,Monthly,2019-12-01,2019-12-31,Metro,"New York, NY metro area",2871,2.25,1092,16.6,6.32,0.11,2.41,0.33
2026-09-03,Monthly,2019-12-01,2019-12-31,Metro,"Newark, NJ metro area",921,-4.05,408,-7.18,6.91,0.23,2.6,-0.25
2026-09-03,Monthly,2019-12-01,2019-12-31,Metro,"Oakland, CA metro area",320,-33.45,152,28.08,5.88,-1.44,2.96,1.06
2026-09-03,Monthly,2019-12-01,2019-12-31,Metro,"Orlando, FL metro area",653,-8.03,288,3.86,4.48,0.14,1.92,0.22
2026-09-03,Monthly,2019-12-01,2019-12-31,Metro,"Philadelphia, PA metro area",620,143.82,234,11.09,7.12,4.11,2.62,0.16
2026-09-03,Monthly,2019-12-01,2019-12-31,Metro,"Phoenix, AZ metro area",839,-27.37,508,-12.9,3.5,-0.52,1.96,0.02
2026-09-03,Monthly,2019-12-01,2019-12-31,Metro,"Pittsburgh, PA metro area",506,-3.12,191,12.75,4.26,-0.09,1.51,0.05
2026-09-03,Monthly,2019-12-01,2019-12-31,Metro,"Portland, OR metro area",392,-16.13,192,10.79,3.81,-0.19,1.91,0.37
2026-09-03,Monthly,2019-12-01,2019-12-31,Metro,"Providence, RI metro area",399,-12.22,167,18.31,5.43,0.13,2.29,0.6
2026-09-03,Monthly,2019-12-01,2019-12-31,Metro,"Riverside, CA metro area",947,-23.01,455,2.54,4.22,-0.69,2.05,0.17
2026-09-03,Monthly,2019-12-01,2019-12-31,Metro,"Sacramento, CA metro area",484,-15.54,185,-22.54,6.51,0.2,2.57,-0.15
2026-09-03,Monthly,2019-12-01,2019-12-31,Metro,"San Antonio, TX metro area",569,0.14,248,16.47,4.02,-0.72,1.77,0.02
2026-09-03,Monthly,2019-12-01,2019-12-31,Metro,"San Diego, CA metro area",496,-32.98,265,23.99,5.42,-0.5,2.71,0.98
2026-09-03,Monthly,2019-12-01,2019-12-31,Metro,"San Francisco, CA metro area",166,-21.98,80,13.54,5.94,-2.29,2.73,0.19
2026-09-03,Monthly,2019-12-01,2019-12-31,Metro,"San Jose, CA metro area",202,-29.57,83,-5.06,4.75,-2.23,1.96,-0.14
2026-09-03,Monthly,2019-12-01,2019-12-31,Metro,"Seattle, WA metro area",421,-37.08,242,31.09,4.45,-0.92,2.69,1.13
2026-09-03,Monthly,2019-12-01,2019-12-31,Metro,"St. Louis, MO metro area",644,-11.66,268,-9.89,5.43,-0.04,2.19,0.1
2026-09-03,Monthly,2019-12-01,2019-12-31,Metro,"Tampa, FL metro area",838,-8.72,368,-0.39,3.88,0.12,1.71,0.21
2026-09-03,Monthly,2019-12-01,2019-12-31,Metro,"Virginia Beach, VA metro area",402,-20.84,189,-12.86,3.88,-0.61,1.83,-0.04
2026-09-03,Monthly,2019-12-01,2019-12-31,Metro,"Warren, MI metro area",735,7.07,250,-7.12,6.02,0.43,2.08,-0.16
2026-09-03,Monthly,2019-12-01,2019-12-31,Metro,"Washington, DC metro area",904,16.44,370,-6.78,4.78,1.02,2.02,0.07
2026-09-03,Monthly,2019-12-01,2019-12-31,Metro,"West Palm Beach, FL metro area",773,-18.01,424,4.57,4.78,-0.67,2.58,0.27
2026-09-03,Monthly,2019-11-01,2019-11-30,Metro,"Anaheim, CA metro area",562,-13.71,226,8.59,5.33,-0.25,2.2,0.4
2026-09-03,Monthly,2019-11-01,2019-11-30,Metro,"Atlanta, GA metro area",3032,-0.23,730,25.72,7.22,-0.14,1.75,0.32
2026-09-03,Monthly,2019-11-01,2019-11-30,Metro,"Austin, TX metro area",388,-24.32,197,-10,3.67,-0.79,1.87,-0.02
2026-09-03,Monthly,2019-11-01,2019-11-30,Metro,"Baltimore, MD metro area",898,164.7,310,-0.67,6.24,3.79,2.15,-0.08
2026-09-03,Monthly,2019-11-01,2019-11-30,Metro,"Boston, MA metro area",811,-10.49,387,2.69,5.75,-0.73,2.72,0
2026-09-03,Monthly,2019-11-01,2019-11-30,Metro,"Charlotte, NC metro area",584,-0.29,216,-1.24,4.73,-0.2,1.39,0.03
2026-09-03,Monthly,2019-11-01,2019-11-30,Metro,"Chicago, IL metro area",2416,-0.9,1177,5.77,5.64,-0.33,2.68,-0.01
2026-09-03,Monthly,2019-11-01,2019-11-30,Metro,"Cincinnati, OH metro area",386,-25.68,170,-2.93,3.77,-0.63,1.73,0.25
2026-09-03,Monthly,2019-11-01,2019-11-30,Metro,"Cleveland, OH metro area",551,-0.68,184,-10.48,5.23,0.13,1.81,-0.17
2026-09-03,Monthly,2019-11-01,2019-11-30,Metro,"Columbus, OH metro area",346,-7.72,143,0.32,3.72,-0.42,1.53,-0.02
2026-09-03,Monthly,2019-11-01,2019-11-30,Metro,"Dallas, TX metro area",1445,8.74,680,13.82,5.74,0.29,2.71,0.26
2026-09-03,Monthly,2019-11-01,2019-11-30,Metro,"Denver, CO metro area",515,-15.99,277,21.46,4.04,-0.67,2.21,0.36
2026-09-03,Monthly,2019-11-01,2019-11-30,Metro,"Detroit, MI metro area",553,2.75,183,6.49,7.24,0.16,2.42,0.14
2026-09-03,Monthly,2019-11-01,2019-11-30,Metro,"Fort Lauderdale, FL metro area",1111,14.93,382,-4.41,5.98,0.89,2.08,-0.05
2026-09-03,Monthly,2019-11-01,2019-11-30,Metro,"Fort Worth, TX metro area",562,11.54,255,18.3,5.2,0.29,2.38,0.3
2026-09-03,Monthly,2019-11-01,2019-11-30,Metro,"Houston, TX metro area",2037,1.47,776,0.2,5.64,0.07,2.17,0
2026-09-03,Monthly,2019-11-01,2019-11-30,Metro,"Indianapolis, IN metro area",542,-14.12,170,-17.11,6.17,-0.74,1.92,-0.3
2026-09-03,Monthly,2019-11-01,2019-11-30,Metro,"Jacksonville, FL metro area",492,-11.73,214,-7.57,4.09,-0.36,1.77,-0.09
2026-09-03,Monthly,2019-11-01,2019-11-30,Metro,"Kansas City, MO metro area",433,-4.97,180,-8.58,3.93,0.06,1.69,-0.04
2026-09-03,Monthly,2019-11-01,2019-11-30,Metro,"Las Vegas, NV metro area",776,10.35,313,32.78,5.32,0.39,2.2,0.51
2026-09-03,Monthly,2019-11-01,2019-11-30,Metro,"Los Angeles, CA metro area",1349,-15.85,566,5.78,5.7,-0.36,2.46,0.39
2026-09-03,Monthly,2019-11-01,2019-11-30,Metro,"Miami, FL metro area",1485,9.81,509,-7.77,6.92,1.04,2.34,-0.14
2026-09-03,Monthly,2019-11-01,2019-11-30,Metro,"Milwaukee, WI metro area",221,-17.15,116,-0.4,5.02,-1.16,1.67,0.05
2026-09-03,Monthly,2019-11-01,2019-11-30,Metro,"Minneapolis, MN metro area",668,7.01,327,19.03,4.35,0.4,2.14,0.36
2026-09-03,Monthly,2019-11-01,2019-11-30,Metro,"Montgomery County, PA metro area",445,152.25,165,-23.89,5.25,3.28,1.97,-0.4
2026-09-03,Monthly,2019-11-01,2019-11-30,Metro,"Nashville, TN metro area",724,-12.69,294,2.43,4.67,-0.7,1.97,0.08
2026-09-03,Monthly,2019-11-01,2019-11-30,Metro,"Nassau County, NY metro area",907,2.29,345,-3.63,6.6,0.36,2.47,0.03
2026-09-03,Monthly,2019-11-01,2019-11-30,Metro,"New Brunswick, NJ metro area",1256,-4.66,484,11.17,7.7,0.28,2.99,0.49
2026-09-03,Monthly,2019-11-01,2019-11-30,Metro,"New York, NY metro area",2670,-7.75,1026,0.46,5.94,-0.6,2.29,0.01
2026-09-03,Monthly,2019-11-01,2019-11-30,Metro,"Newark, NJ metro area",918,3.82,409,-5.32,6.61,0.08,2.76,-0.04
2026-09-03,Monthly,2019-11-01,2019-11-30,Metro,"Oakland, CA metro area",363,-4.99,143,3.77,6.36,0.34,2.62,0.35
2026-09-03,Monthly,2019-11-01,2019-11-30,Metro,"Orlando, FL metro area",662,-2.55,295,-6.34,4.41,0.22,1.97,0.07
2026-09-03,Monthly,2019-11-01,2019-11-30,Metro,"Philadelphia, PA metro area",617,182.54,216,-10.98,6.87,4.3,2.4,-0.41
2026-09-03,Monthly,2019-11-01,2019-11-30,Metro,"Phoenix, AZ metro area",830,-25.15,537,1.96,3.37,-0.54,2.16,0.32
2026-09-03,Monthly,2019-11-01,2019-11-30,Metro,"Pittsburgh, PA metro area",516,-6.36,167,-8.34,4.3,-0.27,1.39,-0.02
2026-09-03,Monthly,2019-11-01,2019-11-30,Metro,"Portland, OR metro area",371,-25.15,205,-2.49,3.52,-0.8,1.98,0.1
2026-09-03,Monthly,2019-11-01,2019-11-30,Metro,"Providence, RI metro area",379,-22.7,160,2.7,4.93,-0.91,2.16,0.28
2026-09-03,Monthly,2019-11-01,2019-11-30,Metro,"Riverside, CA metro area",1022,-10.9,470,-0.36,4.54,-0.09,2.11,0.2
2026-09-03,Monthly,2019-11-01,2019-11-30,Metro,"Sacramento, CA metro area",460,-22.39,211,-12.67,6.04,-0.62,2.85,0.07
2026-09-03,Monthly,2019-11-01,2019-11-30,Metro,"San Antonio, TX metro area",548,-11.29,244,22.55,4.19,-0.85,1.79,0.19
2026-09-03,Monthly,2019-11-01,2019-11-30,Metro,"San Diego, CA metro area",510,-31.29,240,-5.31,5.08,-1.42,2.47,0.35
2026-09-03,Monthly,2019-11-01,2019-11-30,Metro,"San Francisco, CA metro area",163,-5.42,69,-14.3,5.59,-1.12,2.25,-0.71
2026-09-03,Monthly,2019-11-01,2019-11-30,Metro,"San Jose, CA metro area",180,-31.34,94,21.59,3.97,-2.69,2.1,0.13
2026-09-03,Monthly,2019-11-01,2019-11-30,Metro,"Seattle, WA metro area",470,-25.47,235,6.03,4.78,-0.46,2.55,0.6
2026-09-03,Monthly,2019-11-01,2019-11-30,Metro,"St. Louis, MO metro area",638,-23.54,231,-27.89,5.2,-1.05,1.79,-0.33
2026-09-03,Monthly,2019-11-01,2019-11-30,Metro,"Tampa, FL metro area",1060,17.37,363,-1.46,5,1.23,1.65,0.13
2026-09-03,Monthly,2019-11-01,2019-11-30,Metro,"Virginia Beach, VA metro area",437,-20.23,200,-12.42,4.16,-0.7,1.85,-0.09
2026-09-03,Monthly,2019-11-01,2019-11-30,Metro,"Warren, MI metro area",722,-5.92,231,-17.39,5.86,-0.5,1.9,-0.46
2026-09-03,Monthly,2019-11-01,2019-11-30,Metro,"Washington, DC metro area",1031,72.24,378,-24.51,5.49,2.63,2.01,-0.42
2026-09-03,Monthly,2019-11-01,2019-11-30,Metro,"West Palm Beach, FL metro area",797,-11.51,412,-5.92,4.95,-0.32,2.5,0
2026-09-03,Monthly,2019-10-01,2019-10-31,Metro,"Anaheim, CA metro area",552,-3.78,241,21.52,5.18,0.09,2.32,0.52
2026-09-03,Monthly,2019-10-01,2019-10-31,Metro,"Atlanta, GA metro area",3065,9.95,706,12.02,7.3,0.49,1.68,0.13
2026-09-03,Monthly,2019-10-01,2019-10-31,Metro,"Austin, TX metro area",396,-28.58,201,-19.81,3.65,-1.17,1.89,-0.33
2026-09-03,Monthly,2019-10-01,2019-10-31,Metro,"Baltimore, MD metro area",836,203.51,301,-22.72,5.8,3.78,2.08,-0.73
2026-09-03,Monthly,2019-10-01,2019-10-31,Metro,"Boston, MA metro area",779,-4.62,419,14.05,5.51,-0.49,2.98,0.25
2026-09-03,Monthly,2019-10-01,2019-10-31,Metro,"Charlotte, NC metro area",543,-14.75,224,-2.38,4.17,-0.75,1.43,-0.01
2026-09-03,Monthly,2019-10-01,2019-10-31,Metro,"Chicago, IL metro area",2385,-0.02,1207,4.69,5.55,-0.26,2.8,-0.01
2026-09-03,Monthly,2019-10-01,2019-10-31,Metro,"Cincinnati, OH metro area",438,-8.85,163,-6.76,4.08,0.04,1.53,0.02
2026-09-03,Monthly,2019-10-01,2019-10-31,Metro,"Cleveland, OH metro area",489,-6.98,245,19.33,4.58,-0.22,2.33,0.39
2026-09-03,Monthly,2019-10-01,2019-10-31,Metro,"Columbus, OH metro area",300,-22.59,168,30.47,3.21,-0.96,1.83,0.43
2026-09-03,Monthly,2019-10-01,2019-10-31,Metro,"Dallas, TX metro area",1412,11.64,686,18.98,5.67,0.33,2.76,0.34
2026-09-03,Monthly,2019-10-01,2019-10-31,Metro,"Denver, CO metro area",550,2.15,252,2.47,4.28,-0.04,2.05,0.01
2026-09-03,Monthly,2019-10-01,2019-10-31,Metro,"Detroit, MI metro area",530,-14.04,186,12.41,6.82,-1.32,2.48,0.19
2026-09-03,Monthly,2019-10-01,2019-10-31,Metro,"Fort Lauderdale, FL metro area",1059,-0.93,374,-2.7,5.8,0.18,2.03,0.02
2026-09-03,Monthly,2019-10-01,2019-10-31,Metro,"Fort Worth, TX metro area",530,11.4,241,10.31,4.97,0.3,2.24,0.09
2026-09-03,Monthly,2019-10-01,2019-10-31,Metro,"Houston, TX metro area",2059,1.35,856,8.11,5.61,-0.02,2.38,0.15
2026-09-03,Monthly,2019-10-01,2019-10-31,Metro,"Indianapolis, IN metro area",490,-7.52,179,-7.12,5.53,-0.19,1.96,-0.09
2026-09-03,Monthly,2019-10-01,2019-10-31,Metro,"Jacksonville, FL metro area",485,-5.7,217,9.13,4.01,0.02,1.79,0.21
2026-09-03,Monthly,2019-10-01,2019-10-31,Metro,"Kansas City, MO metro area",411,-4.81,193,30.45,3.9,0.17,1.8,0.51
2026-09-03,Monthly,2019-10-01,2019-10-31,Metro,"Las Vegas, NV metro area",778,21.11,356,69.61,5.18,0.55,2.43,0.88
2026-09-03,Monthly,2019-10-01,2019-10-31,Metro,"Los Angeles, CA metro area",1333,-10.68,602,10.88,5.61,-0.24,2.55,0.41
2026-09-03,Monthly,2019-10-01,2019-10-31,Metro,"Miami, FL metro area",1430,2.52,560,-5.63,6.49,0.36,2.59,-0.08
2026-09-03,Monthly,2019-10-01,2019-10-31,Metro,"Milwaukee, WI metro area",247,-1.99,97,-14.61,4.53,-0.09,1.45,-0.28
2026-09-03,Monthly,2019-10-01,2019-10-31,Metro,"Minneapolis, MN metro area",651,2.64,311,3.7,4.19,0.23,2.05,0.11
2026-09-03,Monthly,2019-10-01,2019-10-31,Metro,"Montgomery County, PA metro area",405,119.17,168,-28.84,4.88,2.83,1.93,-0.62
2026-09-03,Monthly,2019-10-01,2019-10-31,Metro,"Nashville, TN metro area",732,-13.18,300,-2.47,4.72,-0.8,1.98,-0.05
2026-09-03,Monthly,2019-10-01,2019-10-31,Metro,"Nassau County, NY metro area",889,-3.1,325,1.43,6.47,0.04,2.34,0.11
2026-09-03,Monthly,2019-10-01,2019-10-31,Metro,"New Brunswick, NJ metro area",1287,6.52,449,0.7,7.77,0.88,2.74,0.18
2026-09-03,Monthly,2019-10-01,2019-10-31,Metro,"New York, NY metro area",2930,5.07,996,-4.54,6.71,0.46,2.23,-0.09
2026-09-03,Monthly,2019-10-01,2019-10-31,Metro,"Newark, NJ metro area",858,-5.26,417,-4.33,6.14,-0.27,2.92,-0.01
2026-09-03,Monthly,2019-10-01,2019-10-31,Metro,"Oakland, CA metro area",344,2.53,170,20.09,5.99,0.35,3.03,0.6
2026-09-03,Monthly,2019-10-01,2019-10-31,Metro,"Orlando, FL metro area",688,-2.87,306,8.6,4.45,0.1,1.99,0.22
2026-09-03,Monthly,2019-10-01,2019-10-31,Metro,"Philadelphia, PA metro area",615,209.18,229,-21.84,6.91,4.61,2.52,-0.78
2026-09-03,Monthly,2019-10-01,2019-10-31,Metro,"Phoenix, AZ metro area",845,-26.66,535,-4.19,3.37,-0.77,2.12,0.12
2026-09-03,Monthly,2019-10-01,2019-10-31,Metro,"Pittsburgh, PA metro area",506,-5.24,150,-10.28,4.15,-0.14,1.38,-0.16
2026-09-03,Monthly,2019-10-01,2019-10-31,Metro,"Portland, OR metro area",398,-14.74,230,39.27,3.78,-0.34,2.23,0.74
2026-09-03,Monthly,2019-10-01,2019-10-31,Metro,"Providence, RI metro area",342,-17.29,189,14.01,4.63,-0.34,2.51,0.51
2026-09-03,Monthly,2019-10-01,2019-10-31,Metro,"Riverside, CA metro area",1036,-8.78,469,7.56,4.57,-0.14,2.09,0.3
2026-09-03,Monthly,2019-10-01,2019-10-31,Metro,"Sacramento, CA metro area",474,-13.44,215,-12.54,6.11,-0.14,2.82,-0.09
2026-09-03,Monthly,2019-10-01,2019-10-31,Metro,"San Antonio, TX metro area",593,-10.9,250,1.47,4.33,-0.89,1.79,-0.18
2026-09-03,Monthly,2019-10-01,2019-10-31,Metro,"San Diego, CA metro area",517,-18.2,265,28.8,5.08,-0.01,2.64,0.85
2026-09-03,Monthly,2019-10-01,2019-10-31,Metro,"San Francisco, CA metro area",154,-5,85,31.11,5.19,-1.32,2.75,0.29
2026-09-03,Monthly,2019-10-01,2019-10-31,Metro,"San Jose, CA metro area",192,-2.58,101,14.76,4.1,-1.26,2.19,-0.21
2026-09-03,Monthly,2019-10-01,2019-10-31,Metro,"Seattle, WA metro area",434,-25.21,258,17.42,4.49,-0.51,2.78,0.77
2026-09-03,Monthly,2019-10-01,2019-10-31,Metro,"St. Louis, MO metro area",622,-21.39,268,-23.04,4.83,-0.65,2.06,-0.23
2026-09-03,Monthly,2019-10-01,2019-10-31,Metro,"Tampa, FL metro area",809,-2.44,389,6.13,3.68,0.13,1.77,0.22
2026-09-03,Monthly,2019-10-01,2019-10-31,Metro,"Virginia Beach, VA metro area",394,-28.35,182,-24.33,3.68,-1.12,1.56,-0.45
2026-09-03,Monthly,2019-10-01,2019-10-31,Metro,"Warren, MI metro area",714,-12.02,272,-1.11,5.7,-0.98,2.2,-0.09
2026-09-03,Monthly,2019-10-01,2019-10-31,Metro,"Washington, DC metro area",999,117.5,424,-21.19,5.27,3.06,2.24,-0.36
2026-09-03,Monthly,2019-10-01,2019-10-31,Metro,"West Palm Beach, FL metro area",849,-5.71,449,-3.36,5.24,0.05,2.73,0.06
2026-09-03,Monthly,2019-09-01,2019-09-30,Metro,"Anaheim, CA metro area",547,13.83,261,31.08,5.05,0.72,2.43,0.56
2026-09-03,Monthly,2019-09-01,2019-09-30,Metro,"Atlanta, GA metro area",3100,8.66,720,16.01,7.31,0.27,1.71,0.16
2026-09-03,Monthly,2019-09-01,2019-09-30,Metro,"Austin, TX metro area",457,-1.95,216,-3.48,4.24,0.16,2.04,0
2026-09-03,Monthly,2019-09-01,2019-09-30,Metro,"Baltimore, MD metro area",813,-15.99,289,-20.67,5.48,-1.65,1.96,-0.75
2026-09-03,Monthly,2019-09-01,2019-09-30,Metro,"Boston, MA metro area",778,9.66,458,28.08,5.51,0.15,3.3,0.56
2026-09-03,Monthly,2019-09-01,2019-09-30,Metro,"Charlotte, NC metro area",494,-16.16,207,-6.73,3.22,-0.62,1.31,-0.08
2026-09-03,Monthly,2019-09-01,2019-09-30,Metro,"Chicago, IL metro area",2387,5.18,1175,2.96,5.49,-0.06,2.75,-0.06
2026-09-03,Monthly,2019-09-01,2019-09-30,Metro,"Cincinnati, OH metro area",396,-8.21,188,9.38,3.56,-0.01,1.73,0.26
2026-09-03,Monthly,2019-09-01,2019-09-30,Metro,"Cleveland, OH metro area",466,-7.81,216,-2.35,4.37,-0.25,2.11,0.08
2026-09-03,Monthly,2019-09-01,2019-09-30,Metro,"Columbus, OH metro area",315,-14.54,153,31.66,3.37,-0.62,1.63,0.38
2026-09-03,Monthly,2019-09-01,2019-09-30,Metro,"Dallas, TX metro area",1406,17.91,701,20.7,5.66,0.52,2.83,0.32
2026-09-03,Monthly,2019-09-01,2019-09-30,Metro,"Denver, CO metro area",528,7.79,266,13.36,4.02,-0.04,2.12,0.11
2026-09-03,Monthly,2019-09-01,2019-09-30,Metro,"Detroit, MI metro area",608,20.33,213,27.04,7.63,0.88,2.72,0.47
2026-09-03,Monthly,2019-09-01,2019-09-30,Metro,"Fort Lauderdale, FL metro area",977,0.31,346,-14,5.38,0.17,1.9,-0.23
2026-09-03,Monthly,2019-09-01,2019-09-30,Metro,"Fort Worth, TX metro area",507,4.72,210,1.16,4.84,0.1,1.98,-0.07
2026-09-03,Monthly,2019-09-01,2019-09-30,Metro,"Houston, TX metro area",2068,5.06,769,5.11,5.7,0.1,2.15,0.05
2026-09-03,Monthly,2019-09-01,2019-09-30,Metro,"Indianapolis, IN metro area",478,-8.07,185,-3.69,5.34,-0.34,2.03,-0.05
2026-09-03,Monthly,2019-09-01,2019-09-30,Metro,"Jacksonville, FL metro area",478,-6.01,217,12.25,4.04,0.02,1.84,0.28
2026-09-03,Monthly,2019-09-01,2019-09-30,Metro,"Kansas City, MO metro area",392,0.55,188,-12.59,3.86,0.3,1.75,-0.09
2026-09-03,Monthly,2019-09-01,2019-09-30,Metro,"Las Vegas, NV metro area",811,48.37,320,28.4,5.26,1.09,2.11,0.16
2026-09-03,Monthly,2019-09-01,2019-09-30,Metro,"Los Angeles, CA metro area",1436,7.22,620,13.35,5.93,0.52,2.57,0.38
2026-09-03,Monthly,2019-09-01,2019-09-30,Metro,"Miami, FL metro area",1404,-3.24,511,-11.81,6.26,-0.17,2.38,-0.26
2026-09-03,Monthly,2019-09-01,2019-09-30,Metro,"Milwaukee, WI metro area",202,-16.49,95,12.99,2.8,-0.57,1.45,0.21
2026-09-03,Monthly,2019-09-01,2019-09-30,Metro,"Minneapolis, MN metro area",675,13.19,335,19.06,4.25,0.55,2.18,0.36
2026-09-03,Monthly,2019-09-01,2019-09-30,Metro,"Montgomery County, PA metro area",400,-25.76,164,-43.17,4.6,-1.28,1.84,-1.25
2026-09-03,Monthly,2019-09-01,2019-09-30,Metro,"Nashville, TN metro area",756,-6.06,278,-7.92,4.94,-0.43,1.83,-0.21
2026-09-03,Monthly,2019-09-01,2019-09-30,Metro,"Nassau County, NY metro area",876,7.5,362,2.69,6.29,0.5,2.55,0.04
2026-09-03,Monthly,2019-09-01,2019-09-30,Metro,"New Brunswick, NJ metro area",1257,7.78,485,12.19,7.52,0.66,2.88,0.38
2026-09-03,Monthly,2019-09-01,2019-09-30,Metro,"New York, NY metro area",2667,-3.85,1085,7.43,5.97,-0.4,2.4,0.12
2026-09-03,Monthly,2019-09-01,2019-09-30,Metro,"Newark, NJ metro area",856,-5.53,434,-2.86,5.95,-0.21,3.22,0.05
2026-09-03,Monthly,2019-09-01,2019-09-30,Metro,"Oakland, CA metro area",361,15.05,199,39.38,6.1,0.66,3.38,0.9
2026-09-03,Monthly,2019-09-01,2019-09-30,Metro,"Orlando, FL metro area",695,7.98,307,7.03,4.53,0.54,2.08,0.2
2026-09-03,Monthly,2019-09-01,2019-09-30,Metro,"Philadelphia, PA metro area",602,-8.55,203,-27.01,6.69,-0.96,2.23,-0.98
2026-09-03,Monthly,2019-09-01,2019-09-30,Metro,"Phoenix, AZ metro area",891,-22.39,543,1.47,3.49,-0.59,2.15,0.24
2026-09-03,Monthly,2019-09-01,2019-09-30,Metro,"Pittsburgh, PA metro area",509,-1.86,165,-6.5,4.15,0.02,1.4,-0.09
2026-09-03,Monthly,2019-09-01,2019-09-30,Metro,"Portland, OR metro area",412,-9.81,190,3.85,3.8,-0.24,1.8,0.15
2026-09-03,Monthly,2019-09-01,2019-09-30,Metro,"Providence, RI metro area",341,-5.01,183,3.66,4.6,0.19,2.4,0.25
2026-09-03,Monthly,2019-09-01,2019-09-30,Metro,"Riverside, CA metro area",1125,3.07,510,17.13,4.85,0.28,2.25,0.39
2026-09-03,Monthly,2019-09-01,2019-09-30,Metro,"Sacramento, CA metro area",471,-10.44,232,-3.77,5.83,-0.24,2.98,0.12
2026-09-03,Monthly,2019-09-01,2019-09-30,Metro,"San Antonio, TX metro area",587,1.23,251,27.81,4.5,-0.43,1.85,0.22
2026-09-03,Monthly,2019-09-01,2019-09-30,Metro,"San Diego, CA metro area",518,-12.38,252,18.58,5.18,-0.26,2.49,0.61
2026-09-03,Monthly,2019-09-01,2019-09-30,Metro,"San Francisco, CA metro area",143,1.87,102,37.55,4.91,-0.84,3.27,0.29
2026-09-03,Monthly,2019-09-01,2019-09-30,Metro,"San Jose, CA metro area",190,-13.95,112,25.26,4.1,-2.29,2.38,-0.2
2026-09-03,Monthly,2019-09-01,2019-09-30,Metro,"Seattle, WA metro area",444,-19.46,274,42.36,4.52,-0.48,2.88,1.08
2026-09-03,Monthly,2019-09-01,2019-09-30,Metro,"St. Louis, MO metro area",657,-12.38,280,-18.14,4.94,0.11,2.12,-0.12
2026-09-03,Monthly,2019-09-01,2019-09-30,Metro,"Tampa, FL metro area",811,1.8,385,13.79,3.56,0.21,1.72,0.28
2026-09-03,Monthly,2019-09-01,2019-09-30,Metro,"Virginia Beach, VA metro area",451,-18.27,197,-8.31,4.07,-0.78,1.74,-0.02
2026-09-03,Monthly,2019-09-01,2019-09-30,Metro,"Warren, MI metro area",681,-7.61,295,2.06,5.41,-0.68,2.37,-0.05
2026-09-03,Monthly,2019-09-01,2019-09-30,Metro,"Washington, DC metro area",1023,-28.8,422,-26.62,5.34,-1.97,2.19,-0.69
2026-09-03,Monthly,2019-09-01,2019-09-30,Metro,"West Palm Beach, FL metro area",869,-10,456,-6.05,5.33,-0.16,2.81,0.02
2026-09-03,Monthly,2019-08-01,2019-08-31,Metro,"Anaheim, CA metro area",576,27.16,225,8.03,5.1,0.84,2.11,0.09
2026-09-03,Monthly,2019-08-01,2019-08-31,Metro,"Atlanta, GA metro area",2989,10.47,731,35.95,7.16,0.39,1.77,0.4
2026-09-03,Monthly,2019-08-01,2019-08-31,Metro,"Austin, TX metro area",425,-17.19,232,-2.17,4.07,-0.63,2.21,0.08
2026-09-03,Monthly,2019-08-01,2019-08-31,Metro,"Baltimore, MD metro area",701,-19.51,270,-33.35,4.76,-1.58,1.89,-1.06
2026-09-03,Monthly,2019-08-01,2019-08-31,Metro,"Boston, MA metro area",804,8.26,423,39.67,5.63,-0.28,3.1,0.6
2026-09-03,Monthly,2019-08-01,2019-08-31,Metro,"Charlotte, NC metro area",563,-4.23,222,2.96,3.41,-0.29,1.39,0.04
2026-09-03,Monthly,2019-08-01,2019-08-31,Metro,"Chicago, IL metro area",2347,5.39,1114,1.17,5.41,-0.06,2.69,-0.05
2026-09-03,Monthly,2019-08-01,2019-08-31,Metro,"Cincinnati, OH metro area",413,1.43,171,-8.56,3.76,0.42,1.6,0.05
2026-09-03,Monthly,2019-08-01,2019-08-31,Metro,"Cleveland, OH metro area",461,-3.84,223,10.38,4.26,-0.11,2.16,0.25
2026-09-03,Monthly,2019-08-01,2019-08-31,Metro,"Columbus, OH metro area",290,-23.44,150,11.95,3.08,-1.02,1.64,0.19
2026-09-03,Monthly,2019-08-01,2019-08-31,Metro,"Dallas, TX metro area",1391,18.48,623,25.11,5.64,0.49,2.54,0.39
2026-09-03,Monthly,2019-08-01,2019-08-31,Metro,"Denver, CO metro area",570,17.34,275,31.83,4.33,0.17,2.18,0.32
2026-09-03,Monthly,2019-08-01,2019-08-31,Metro,"Detroit, MI metro area",557,16.74,199,24.35,6.97,0.6,2.47,0.28
2026-09-03,Monthly,2019-08-01,2019-08-31,Metro,"Fort Lauderdale, FL metro area",949,-5.05,347,-8.07,5.21,-0.21,1.9,-0.14
2026-09-03,Monthly,2019-08-01,2019-08-31,Metro,"Fort Worth, TX metro area",496,5.88,230,12.72,4.7,0.08,2.17,0.17
2026-09-03,Monthly,2019-08-01,2019-08-31,Metro,"Houston, TX metro area",2051,7.31,779,3.85,5.6,0.18,2.17,0.02
2026-09-03,Monthly,2019-08-01,2019-08-31,Metro,"Indianapolis, IN metro area",511,5.26,172,-5.63,5.72,0.42,1.9,-0.07
2026-09-03,Monthly,2019-08-01,2019-08-31,Metro,"Jacksonville, FL metro area",469,-7.67,201,17.53,3.9,-0.14,1.7,0.28
2026-09-03,Monthly,2019-08-01,2019-08-31,Metro,"Kansas City, MO metro area",374,4.56,192,3.32,3.86,0.56,1.81,0.22
2026-09-03,Monthly,2019-08-01,2019-08-31,Metro,"Las Vegas, NV metro area",789,60.33,309,18.95,5,1.12,1.98,-0.14
2026-09-03,Monthly,2019-08-01,2019-08-31,Metro,"Los Angeles, CA metro area",1481,12.66,632,24.37,6.06,0.62,2.56,0.47
2026-09-03,Monthly,2019-08-01,2019-08-31,Metro,"Miami, FL metro area",1408,-0.6,541,-7.19,6.12,-0.44,2.51,-0.2
2026-09-03,Monthly,2019-08-01,2019-08-31,Metro,"Milwaukee, WI metro area",223,-8.1,76,-27.27,2.83,-0.24,1.12,-0.43
2026-09-03,Monthly,2019-08-01,2019-08-31,Metro,"Minneapolis, MN metro area",637,9.42,298,-0.21,4.05,0.43,1.94,0.01
2026-09-03,Monthly,2019-08-01,2019-08-31,Metro,"Montgomery County, PA metro area",359,-31.53,139,-41.26,4.21,-1.58,1.54,-0.93
2026-09-03,Monthly,2019-08-01,2019-08-31,Metro,"Nashville, TN metro area",761,-3.5,315,6.57,4.87,-0.38,2.06,0.09
2026-09-03,Monthly,2019-08-01,2019-08-31,Metro,"Nassau County, NY metro area",871,2.99,355,0.35,6.29,0.28,2.55,0.02
2026-09-03,Monthly,2019-08-01,2019-08-31,Metro,"New Brunswick, NJ metro area",1149,-1.78,455,-1.7,6.9,0.07,2.71,0.04
2026-09-03,Monthly,2019-08-01,2019-08-31,Metro,"New York, NY metro area",2700,1.69,993,4.92,6.07,0.07,2.19,0.04
2026-09-03,Monthly,2019-08-01,2019-08-31,Metro,"Newark, NJ metro area",821,-18.73,389,-4.44,5.7,-1.22,2.8,0.02
2026-09-03,Monthly,2019-08-01,2019-08-31,Metro,"Oakland, CA metro area",367,22.03,170,47.16,6.26,0.75,2.9,0.76
2026-09-03,Monthly,2019-08-01,2019-08-31,Metro,"Orlando, FL metro area",676,6.68,286,-4.27,4.4,0.45,1.91,0.02
2026-09-03,Monthly,2019-08-01,2019-08-31,Metro,"Philadelphia, PA metro area",604,-8.09,211,-28.68,6.8,-0.86,2.32,-1.05
2026-09-03,Monthly,2019-08-01,2019-08-31,Metro,"Phoenix, AZ metro area",959,-15.51,535,-0.92,3.62,-0.41,2.04,0.12
2026-09-03,Monthly,2019-08-01,2019-08-31,Metro,"Pittsburgh, PA metro area",483,-13.15,213,24.39,4,-0.32,1.64,0.28
2026-09-03,Monthly,2019-08-01,2019-08-31,Metro,"Portland, OR metro area",432,7.23,177,5.4,3.96,0.28,1.69,0.12
2026-09-03,Monthly,2019-08-01,2019-08-31,Metro,"Providence, RI metro area",318,-12.49,154,-8.31,4.26,-0.23,2.07,0
2026-09-03,Monthly,2019-08-01,2019-08-31,Metro,"Riverside, CA metro area",1123,11.52,487,19.77,4.78,0.5,2.08,0.31
2026-09-03,Monthly,2019-08-01,2019-08-31,Metro,"Sacramento, CA metro area",464,-3.33,255,-0.91,5.7,0.08,3.1,0.1
2026-09-03,Monthly,2019-08-01,2019-08-31,Metro,"San Antonio, TX metro area",641,6.32,246,38.28,4.76,-0.03,1.83,0.36
2026-09-03,Monthly,2019-08-01,2019-08-31,Metro,"San Diego, CA metro area",556,13.54,262,49.78,5.23,0.78,2.58,0.95
2026-09-03,Monthly,2019-08-01,2019-08-31,Metro,"San Francisco, CA metro area",138,9.48,64,-16.82,5.23,-0.54,2.2,-1.09
2026-09-03,Monthly,2019-08-01,2019-08-31,Metro,"San Jose, CA metro area",217,15.61,107,49.67,4.73,-1.24,2.29,0.03
2026-09-03,Monthly,2019-08-01,2019-08-31,Metro,"Seattle, WA metro area",457,-3.88,220,28.81,4.67,0.07,2.32,0.58
2026-09-03,Monthly,2019-08-01,2019-08-31,Metro,"St. Louis, MO metro area",647,-20.13,311,3.85,4.84,-0.45,2.44,0.48
2026-09-03,Monthly,2019-08-01,2019-08-31,Metro,"Tampa, FL metro area",884,8.82,423,23.4,3.96,0.47,1.88,0.39
2026-09-03,Monthly,2019-08-01,2019-08-31,Metro,"Virginia Beach, VA metro area",447,-23.11,201,-3.3,4.07,-0.9,1.75,0.02
2026-09-03,Monthly,2019-08-01,2019-08-31,Metro,"Warren, MI metro area",659,3.84,314,17.64,5.29,0.05,2.54,0.3
2026-09-03,Monthly,2019-08-01,2019-08-31,Metro,"Washington, DC metro area",902,-31.68,365,-38.23,4.76,-1.96,1.89,-1.08
2026-09-03,Monthly,2019-08-01,2019-08-31,Metro,"West Palm Beach, FL metro area",966,3.98,407,-9.17,5.75,0.46,2.47,-0.12
2026-09-03,Monthly,2019-07-01,2019-07-31,Metro,"Anaheim, CA metro area",557,8.82,238,45.36,4.85,0.05,2.17,0.58
2026-09-03,Monthly,2019-07-01,2019-07-31,Metro,"Atlanta, GA metro area",2939,5.54,681,13.63,6.98,-0.06,1.66,0.13
2026-09-03,Monthly,2019-07-01,2019-07-31,Metro,"Austin, TX metro area",442,-3.93,238,4.06,4.14,-0.11,2.22,0.1
2026-09-03,Monthly,2019-07-01,2019-07-31,Metro,"Baltimore, MD metro area",727,-16.24,249,-45.02,4.85,-1.33,1.72,-1.59
2026-09-03,Monthly,2019-07-01,2019-07-31,Metro,"Boston, MA metro area",855,14.91,381,22.61,5.85,-0.07,2.78,0.17
2026-09-03,Monthly,2019-07-01,2019-07-31,Metro,"Charlotte, NC metro area",513,-13.22,230,12.39,2.87,-0.48,1.43,0.15
2026-09-03,Monthly,2019-07-01,2019-07-31,Metro,"Chicago, IL metro area",2453,7.5,1085,-2.27,5.63,0.05,2.65,-0.11
2026-09-03,Monthly,2019-07-01,2019-07-31,Metro,"Cincinnati, OH metro area",415,6.51,195,-3.74,3.68,0.53,1.79,0.15
2026-09-03,Monthly,2019-07-01,2019-07-31,Metro,"Cleveland, OH metro area",546,11.41,218,8.1,4.97,0.54,2.09,0.2
2026-09-03,Monthly,2019-07-01,2019-07-31,Metro,"Columbus, OH metro area",295,-16.68,154,21.66,3.09,-0.64,1.7,0.32
2026-09-03,Monthly,2019-07-01,2019-07-31,Metro,"Dallas, TX metro area",1369,16.22,638,27.53,5.5,0.34,2.56,0.36
2026-09-03,Monthly,2019-07-01,2019-07-31,Metro,"Denver, CO metro area",600,28.03,256,23.26,4.46,0.49,2,0.11
2026-09-03,Monthly,2019-07-01,2019-07-31,Metro,"Detroit, MI metro area",506,8.8,168,9.51,6.33,-0.04,2.18,0.06
2026-09-03,Monthly,2019-07-01,2019-07-31,Metro,"Fort Lauderdale, FL metro area",1055,-1.26,346,-12.57,5.61,-0.14,1.86,-0.27
2026-09-03,Monthly,2019-07-01,2019-07-31,Metro,"Fort Worth, TX metro area",567,23.08,249,28.25,5.16,0.64,2.32,0.42
2026-09-03,Monthly,2019-07-01,2019-07-31,Metro,"Houston, TX metro area",2022,7.23,798,1.68,5.52,0.1,2.21,-0.06
2026-09-03,Monthly,2019-07-01,2019-07-31,Metro,"Indianapolis, IN metro area",453,-19.11,206,13.19,5.03,-1.11,2.26,0.25
2026-09-03,Monthly,2019-07-01,2019-07-31,Metro,"Jacksonville, FL metro area",441,-3.09,202,5.57,3.57,-0.19,1.69,0.1
2026-09-03,Monthly,2019-07-01,2019-07-31,Metro,"Kansas City, MO metro area",384,-2.68,232,50.66,3.9,0.41,2.17,0.83
2026-09-03,Monthly,2019-07-01,2019-07-31,Metro,"Las Vegas, NV metro area",820,72.98,326,44.41,5.24,1.81,2.04,0.43
2026-09-03,Monthly,2019-07-01,2019-07-31,Metro,"Los Angeles, CA metro area",1414,3.11,604,9.93,5.68,-0.02,2.39,0.12
2026-09-03,Monthly,2019-07-01,2019-07-31,Metro,"Miami, FL metro area",1378,-3.42,560,5.22,6.13,-0.72,2.56,0.11
2026-09-03,Monthly,2019-07-01,2019-07-31,Metro,"Milwaukee, WI metro area",230,4.82,98,3.34,2.47,0.02,1.5,0.09
2026-09-03,Monthly,2019-07-01,2019-07-31,Metro,"Minneapolis, MN metro area",690,25.82,286,-3.89,4.31,0.89,1.84,-0.11
2026-09-03,Monthly,2019-07-01,2019-07-31,Metro,"Montgomery County, PA metro area",371,-33.11,141,-44.18,4.11,-1.71,1.47,-1.12
2026-09-03,Monthly,2019-07-01,2019-07-31,Metro,"Nashville, TN metro area",768,-7.85,320,11.26,4.97,-0.69,2.06,0.12
2026-09-03,Monthly,2019-07-01,2019-07-31,Metro,"Nassau County, NY metro area",888,7.03,336,-10.5,6.28,0.26,2.4,-0.29
2026-09-03,Monthly,2019-07-01,2019-07-31,Metro,"New Brunswick, NJ metro area",1243,8.72,408,-12.32,7.33,0.74,2.38,-0.3
2026-09-03,Monthly,2019-07-01,2019-07-31,Metro,"New York, NY metro area",2918,9.13,1030,5.63,6.38,0.29,2.23,0.05
2026-09-03,Monthly,2019-07-01,2019-07-31,Metro,"Newark, NJ metro area",933,-0.22,403,-3.06,6.19,-0.06,2.88,0.02
2026-09-03,Monthly,2019-07-01,2019-07-31,Metro,"Oakland, CA metro area",333,19.76,152,29.24,5.6,0.33,2.51,0.3
2026-09-03,Monthly,2019-07-01,2019-07-31,Metro,"Orlando, FL metro area",672,4.11,306,9.93,4.16,0.03,1.97,0.19
2026-09-03,Monthly,2019-07-01,2019-07-31,Metro,"Philadelphia, PA metro area",588,-1.6,177,-37.5,6.37,-0.54,1.88,-1.32
2026-09-03,Monthly,2019-07-01,2019-07-31,Metro,"Phoenix, AZ metro area",1100,1.56,511,-12.12,3.97,0.16,1.88,-0.2
2026-09-03,Monthly,2019-07-01,2019-07-31,Metro,"Pittsburgh, PA metro area",524,0.71,159,-25.04,4.15,0.15,1.4,-0.17
2026-09-03,Monthly,2019-07-01,2019-07-31,Metro,"Portland, OR metro area",482,25.05,196,20.97,4.21,0.72,1.81,0.29
2026-09-03,Monthly,2019-07-01,2019-07-31,Metro,"Providence, RI metro area",349,-1.64,179,12.93,4.57,0.11,2.37,0.4
2026-09-03,Monthly,2019-07-01,2019-07-31,Metro,"Riverside, CA metro area",1656,70.88,495,15.17,6.96,2.82,2.11,0.2
2026-09-03,Monthly,2019-07-01,2019-07-31,Metro,"Sacramento, CA metro area",465,-2.45,253,-4.51,5.66,-0.16,3.17,-0.12
2026-09-03,Monthly,2019-07-01,2019-07-31,Metro,"San Antonio, TX metro area",616,7.27,232,14.15,4.67,0.01,1.74,0.12
2026-09-03,Monthly,2019-07-01,2019-07-31,Metro,"San Diego, CA metro area",673,51,255,27.23,6.56,2.35,2.46,0.55
2026-09-03,Monthly,2019-07-01,2019-07-31,Metro,"San Francisco, CA metro area",156,3.91,70,-0.28,5.55,-1.4,2.27,-0.76
2026-09-03,Monthly,2019-07-01,2019-07-31,Metro,"San Jose, CA metro area",270,65.49,95,54.7,5.69,0.18,1.96,-0.06
2026-09-03,Monthly,2019-07-01,2019-07-31,Metro,"Seattle, WA metro area",501,11.95,208,27.37,4.83,0.25,2.05,0.36
2026-09-03,Monthly,2019-07-01,2019-07-31,Metro,"St. Louis, MO metro area",675,-17.97,303,-15.24,5.1,-0.25,2.4,0.01
2026-09-03,Monthly,2019-07-01,2019-07-31,Metro,"Tampa, FL metro area",886,10.45,421,20.41,3.91,0.41,1.84,0.31
2026-09-03,Monthly,2019-07-01,2019-07-31,Metro,"Virginia Beach, VA metro area",557,0.67,202,-10.29,4.94,0.27,1.77,-0.17
2026-09-03,Monthly,2019-07-01,2019-07-31,Metro,"Warren, MI metro area",691,7.38,269,-7.94,5.47,0.08,2.16,-0.32
2026-09-03,Monthly,2019-07-01,2019-07-31,Metro,"Washington, DC metro area",983,-21.42,348,-43.13,5.06,-1.2,1.75,-1.31
2026-09-03,Monthly,2019-07-01,2019-07-31,Metro,"West Palm Beach, FL metro area",1020,6.92,464,9.49,5.78,0.38,2.72,0.25
2026-09-03,Monthly,2019-06-01,2019-06-30,Metro,"Anaheim, CA metro area",527,14.98,240,28.23,4.45,0.2,2.12,0.3
2026-09-03,Monthly,2019-06-01,2019-06-30,Metro,"Atlanta, GA metro area",2908,12.97,676,6.58,6.87,0.34,1.64,0.01
2026-09-03,Monthly,2019-06-01,2019-06-30,Metro,"Austin, TX metro area",412,-10.55,218,-4.19,3.81,-0.44,2.05,-0.06
2026-09-03,Monthly,2019-06-01,2019-06-30,Metro,"Baltimore, MD metro area",685,-15.84,243,-42.37,4.49,-1.2,1.69,-1.38
2026-09-03,Monthly,2019-06-01,2019-06-30,Metro,"Boston, MA metro area",863,21.19,412,24.28,6.13,0.69,3.16,0.47
2026-09-03,Monthly,2019-06-01,2019-06-30,Metro,"Charlotte, NC metro area",564,-1.57,220,2.34,2.94,-0.05,1.38,0.04
2026-09-03,Monthly,2019-06-01,2019-06-30,Metro,"Chicago, IL metro area",2335,5.77,1020,-9.24,5.37,-0.07,2.53,-0.31
2026-09-03,Monthly,2019-06-01,2019-06-30,Metro,"Cincinnati, OH metro area",422,4.8,152,-13.38,3.63,0.42,1.36,-0.13
2026-09-03,Monthly,2019-06-01,2019-06-30,Metro,"Cleveland, OH metro area",506,11.55,230,-0.93,4.64,0.55,2.12,0.01
2026-09-03,Monthly,2019-06-01,2019-06-30,Metro,"Columbus, OH metro area",340,-0.69,149,13.31,3.59,-0.05,1.62,0.19
2026-09-03,Monthly,2019-06-01,2019-06-30,Metro,"Dallas, TX metro area",1366,25.99,641,27.93,5.44,0.68,2.55,0.36
2026-09-03,Monthly,2019-06-01,2019-06-30,Metro,"Denver, CO metro area",558,26.09,257,30.47,4.08,0.27,1.99,0.21
2026-09-03,Monthly,2019-06-01,2019-06-30,Metro,"Detroit, MI metro area",756,83.07,188,15.74,9.57,3.87,2.28,0.11
2026-09-03,Monthly,2019-06-01,2019-06-30,Metro,"Fort Lauderdale, FL metro area",1020,-7.71,378,1,5.28,-0.59,1.96,-0.06
2026-09-03,Monthly,2019-06-01,2019-06-30,Metro,"Fort Worth, TX metro area",530,14.92,248,23.86,4.82,0.4,2.3,0.34
2026-09-03,Monthly,2019-06-01,2019-06-30,Metro,"Houston, TX metro area",1907,4.29,814,-2.47,5.23,-0.13,2.23,-0.21
2026-09-03,Monthly,2019-06-01,2019-06-30,Metro,"Indianapolis, IN metro area",483,-0.54,204,-0.91,5.14,-0.16,2.26,-0.07
2026-09-03,Monthly,2019-06-01,2019-06-30,Metro,"Jacksonville, FL metro area",512,28.73,219,32.34,4.17,0.76,1.84,0.38
2026-09-03,Monthly,2019-06-01,2019-06-30,Metro,"Kansas City, MO metro area",369,-7.61,184,2.6,3.64,0.13,1.72,0.15
2026-09-03,Monthly,2019-06-01,2019-06-30,Metro,"Las Vegas, NV metro area",873,92.82,322,48.95,5.52,2.22,1.97,0.44
2026-09-03,Monthly,2019-06-01,2019-06-30,Metro,"Los Angeles, CA metro area",1504,17.92,668,27.28,5.87,0.56,2.52,0.36
2026-09-03,Monthly,2019-06-01,2019-06-30,Metro,"Miami, FL metro area",1390,-7.91,517,-6.61,6.28,-1.12,2.31,-0.24
2026-09-03,Monthly,2019-06-01,2019-06-30,Metro,"Milwaukee, WI metro area",202,-20.1,89,-23.61,2.07,-0.41,1.23,-0.44
2026-09-03,Monthly,2019-06-01,2019-06-30,Metro,"Minneapolis, MN metro area",684,27.52,314,10.58,4.21,0.85,2.01,0.15
2026-09-03,Monthly,2019-06-01,2019-06-30,Metro,"Montgomery County, PA metro area",377,-32.27,117,-57.81,3.84,-1.99,1.24,-1.68
2026-09-03,Monthly,2019-06-01,2019-06-30,Metro,"Nashville, TN metro area",774,-2.14,277,-9.2,5.05,-0.39,1.81,-0.3
2026-09-03,Monthly,2019-06-01,2019-06-30,Metro,"Nassau County, NY metro area",914,13.36,342,-6.59,6.23,0.37,2.34,-0.29
2026-09-03,Monthly,2019-06-01,2019-06-30,Metro,"New Brunswick, NJ metro area",1287,17.46,461,-0.99,7.38,1.01,2.62,-0.06
2026-09-03,Monthly,2019-06-01,2019-06-30,Metro,"New York, NY metro area",2834,-5.1,971,5.12,6.25,-0.44,2.06,0
2026-09-03,Monthly,2019-06-01,2019-06-30,Metro,"Newark, NJ metro area",905,-5.91,400,-3.99,5.66,-0.49,2.62,-0.26
2026-09-03,Monthly,2019-06-01,2019-06-30,Metro,"Oakland, CA metro area",367,25.35,177,61.02,5.94,0.49,2.76,0.75
2026-09-03,Monthly,2019-06-01,2019-06-30,Metro,"Orlando, FL metro area",710,12.7,289,5,4.19,0.34,1.76,-0.01
2026-09-03,Monthly,2019-06-01,2019-06-30,Metro,"Philadelphia, PA metro area",557,-14.54,169,-47,5.89,-1.39,1.76,-1.75
2026-09-03,Monthly,2019-06-01,2019-06-30,Metro,"Phoenix, AZ metro area",1201,10.3,544,-6.74,4.08,0.28,1.92,-0.15
2026-09-03,Monthly,2019-06-01,2019-06-30,Metro,"Pittsburgh, PA metro area",533,2.24,202,8.09,4.25,0.27,1.49,0.13
2026-09-03,Monthly,2019-06-01,2019-06-30,Metro,"Portland, OR metro area",470,24.57,183,15.62,4.02,0.56,1.63,0.13
2026-09-03,Monthly,2019-06-01,2019-06-30,Metro,"Providence, RI metro area",365,2.09,187,1.85,4.67,0.31,2.43,0.12
2026-09-03,Monthly,2019-06-01,2019-06-30,Metro,"Riverside, CA metro area",1199,25.67,497,20.12,4.94,0.85,2.11,0.26
2026-09-03,Monthly,2019-06-01,2019-06-30,Metro,"Sacramento, CA metro area",484,-2.3,261,14.62,5.76,-0.28,3.17,0.33
2026-09-03,Monthly,2019-06-01,2019-06-30,Metro,"San Antonio, TX metro area",579,3.67,233,19.33,4.36,-0.19,1.75,0.14
2026-09-03,Monthly,2019-06-01,2019-06-30,Metro,"San Diego, CA metro area",667,48.83,267,43.21,6.31,1.99,2.54,0.73
2026-09-03,Monthly,2019-06-01,2019-06-30,Metro,"San Francisco, CA metro area",139,15.23,86,52.51,4.69,-0.72,2.79,0.43
2026-09-03,Monthly,2019-06-01,2019-06-30,Metro,"San Jose, CA metro area",221,43.95,98,77.87,4.39,-0.97,1.92,0
2026-09-03,Monthly,2019-06-01,2019-06-30,Metro,"Seattle, WA metro area",501,39.72,237,53.97,4.64,0.94,2.19,0.56
2026-09-03,Monthly,2019-06-01,2019-06-30,Metro,"St. Louis, MO metro area",680,-16.25,307,-5.19,5.16,-0.29,2.39,0.22
2026-09-03,Monthly,2019-06-01,2019-06-30,Metro,"Tampa, FL metro area",856,9.38,419,29.45,3.66,0.15,1.8,0.38
2026-09-03,Monthly,2019-06-01,2019-06-30,Metro,"Virginia Beach, VA metro area",444,-11.14,208,-18.51,3.94,-0.3,1.89,-0.37
2026-09-03,Monthly,2019-06-01,2019-06-30,Metro,"Warren, MI metro area",1414,122.07,358,35.06,11.11,5.75,2.82,0.58
2026-09-03,Monthly,2019-06-01,2019-06-30,Metro,"Washington, DC metro area",933,-22.43,368,-40.34,4.74,-1.2,1.79,-1.15
2026-09-03,Monthly,2019-06-01,2019-06-30,Metro,"West Palm Beach, FL metro area",1053,8.29,431,1.5,5.75,0.36,2.46,0.02
2026-09-03,Monthly,2019-05-01,2019-05-31,Metro,"Anaheim, CA metro area",580,31.13,282,44.86,4.71,0.63,2.4,0.5
2026-09-03,Monthly,2019-05-01,2019-05-31,Metro,"Atlanta, GA metro area",2947,18.42,767,29.64,6.86,0.46,1.81,0.28
2026-09-03,Monthly,2019-05-01,2019-05-31,Metro,"Austin, TX metro area",428,-2.98,235,12.91,3.95,-0.04,2.19,0.26
2026-09-03,Monthly,2019-05-01,2019-05-31,Metro,"Baltimore, MD metro area",655,-17.83,224,-49.27,4.24,-1.32,1.54,-1.67
2026-09-03,Monthly,2019-05-01,2019-05-31,Metro,"Boston, MA metro area",797,10.07,401,18.92,5.48,0.07,3.06,0.3
2026-09-03,Monthly,2019-05-01,2019-05-31,Metro,"Charlotte, NC metro area",555,-4.05,222,2.57,2.79,-0.14,1.37,0.03
2026-09-03,Monthly,2019-05-01,2019-05-31,Metro,"Chicago, IL metro area",2376,8.02,1068,-2.4,5.36,-0.09,2.65,-0.16
2026-09-03,Monthly,2019-05-01,2019-05-31,Metro,"Cincinnati, OH metro area",455,3.34,188,-3.48,3.81,0.23,1.62,0.04
2026-09-03,Monthly,2019-05-01,2019-05-31,Metro,"Cleveland, OH metro area",504,1.73,238,9.31,4.56,0.03,2.21,0.19
2026-09-03,Monthly,2019-05-01,2019-05-31,Metro,"Columbus, OH metro area",317,6.11,170,10.68,3.51,0.26,1.88,0.15
2026-09-03,Monthly,2019-05-01,2019-05-31,Metro,"Dallas, TX metro area",1442,45.84,656,35.86,5.68,1.22,2.55,0.37
2026-09-03,Monthly,2019-05-01,2019-05-31,Metro,"Denver, CO metro area",613,37.54,249,28.55,4.29,0.47,1.91,0.13
2026-09-03,Monthly,2019-05-01,2019-05-31,Metro,"Detroit, MI metro area",507,9.8,200,5.78,6.42,0.02,2.44,-0.09
2026-09-03,Monthly,2019-05-01,2019-05-31,Metro,"Fort Lauderdale, FL metro area",1092,4.94,391,11.8,5.53,0.06,2.02,0.16
2026-09-03,Monthly,2019-05-01,2019-05-31,Metro,"Fort Worth, TX metro area",502,23.4,247,24.87,4.87,0.66,2.29,0.31
2026-09-03,Monthly,2019-05-01,2019-05-31,Metro,"Houston, TX metro area",1970,10.52,846,5.05,5.44,0.22,2.32,-0.03
2026-09-03,Monthly,2019-05-01,2019-05-31,Metro,"Indianapolis, IN metro area",463,-2.42,228,17.65,4.88,-0.48,2.47,0.23
2026-09-03,Monthly,2019-05-01,2019-05-31,Metro,"Jacksonville, FL metro area",523,32.52,226,40.27,4.12,0.67,1.86,0.4
2026-09-03,Monthly,2019-05-01,2019-05-31,Metro,"Kansas City, MO metro area",399,2.7,222,22.28,3.79,0.28,2.05,0.44
2026-09-03,Monthly,2019-05-01,2019-05-31,Metro,"Las Vegas, NV metro area",824,81.61,352,64.59,5.15,1.76,2.11,0.58
2026-09-03,Monthly,2019-05-01,2019-05-31,Metro,"Los Angeles, CA metro area",1529,18.56,688,37.23,5.86,0.38,2.53,0.45
2026-09-03,Monthly,2019-05-01,2019-05-31,Metro,"Miami, FL metro area",1440,-0.36,554,-1.2,6.6,-0.56,2.44,-0.14
2026-09-03,Monthly,2019-05-01,2019-05-31,Metro,"Milwaukee, WI metro area",231,2.32,104,-7.89,2.08,0.07,1.47,-0.1
2026-09-03,Monthly,2019-05-01,2019-05-31,Metro,"Minneapolis, MN metro area",676,41.53,298,-2.92,4.23,1.17,1.9,-0.12
2026-09-03,Monthly,2019-05-01,2019-05-31,Metro,"Montgomery County, PA metro area",290,-50.15,121,-57.64,3.23,-2.58,1.28,-1.67
2026-09-03,Monthly,2019-05-01,2019-05-31,Metro,"Nashville, TN metro area",731,-12.58,331,21.29,4.79,-1.05,2.1,0.18
2026-09-03,Monthly,2019-05-01,2019-05-31,Metro,"Nassau County, NY metro area",829,-1.56,351,-2.7,5.45,-0.6,2.33,-0.27
2026-09-03,Monthly,2019-05-01,2019-05-31,Metro,"New Brunswick, NJ metro area",1230,1.7,423,-10.85,7.03,-0.01,2.35,-0.35
2026-09-03,Monthly,2019-05-01,2019-05-31,Metro,"New York, NY metro area",2730,8.4,1058,15.53,5.74,0.09,2.35,0.26
2026-09-03,Monthly,2019-05-01,2019-05-31,Metro,"Newark, NJ metro area",858,-2.07,432,-3.28,5.48,-0.26,2.76,-0.27
2026-09-03,Monthly,2019-05-01,2019-05-31,Metro,"Oakland, CA metro area",360,33.05,222,152.12,5.62,0.49,3.34,1.71
2026-09-03,Monthly,2019-05-01,2019-05-31,Metro,"Orlando, FL metro area",735,8.93,308,3.2,4.29,0.06,1.78,-0.07
2026-09-03,Monthly,2019-05-01,2019-05-31,Metro,"Philadelphia, PA metro area",527,-17.99,169,-46.52,5.48,-1.61,1.82,-1.72
2026-09-03,Monthly,2019-05-01,2019-05-31,Metro,"Phoenix, AZ metro area",1182,5.24,567,7.89,3.84,-0.09,1.92,0.05
2026-09-03,Monthly,2019-05-01,2019-05-31,Metro,"Pittsburgh, PA metro area",511,-4.66,157,-8.34,3.98,-0.2,1.24,-0.05
2026-09-03,Monthly,2019-05-01,2019-05-31,Metro,"Portland, OR metro area",418,10.71,220,37.11,3.75,0.07,1.92,0.37
2026-09-03,Monthly,2019-05-01,2019-05-31,Metro,"Providence, RI metro area",410,14.19,223,33.88,5,0.4,2.78,0.63
2026-09-03,Monthly,2019-05-01,2019-05-31,Metro,"Riverside, CA metro area",1066,15.88,497,17.04,4.61,0.49,2.08,0.2
2026-09-03,Monthly,2019-05-01,2019-05-31,Metro,"Sacramento, CA metro area",440,-6.5,305,20.46,5.07,-0.63,3.54,0.47
2026-09-03,Monthly,2019-05-01,2019-05-31,Metro,"San Antonio, TX metro area",578,9.09,242,11.37,4.24,-0.07,1.78,0
2026-09-03,Monthly,2019-05-01,2019-05-31,Metro,"San Diego, CA metro area",589,30.84,286,75.95,5.09,0.83,2.68,1.08
2026-09-03,Monthly,2019-05-01,2019-05-31,Metro,"San Francisco, CA metro area",129,4.61,84,32.43,4.19,-1.24,2.91,-0.01
2026-09-03,Monthly,2019-05-01,2019-05-31,Metro,"San Jose, CA metro area",232,83.22,131,236.34,4.7,0.1,2.62,1.21
2026-09-03,Monthly,2019-05-01,2019-05-31,Metro,"Seattle, WA metro area",475,41.77,281,78.85,4.26,0.6,2.51,0.82
2026-09-03,Monthly,2019-05-01,2019-05-31,Metro,"St. Louis, MO metro area",704,-19.07,337,-4.68,5.28,-0.63,2.56,0.17
2026-09-03,Monthly,2019-05-01,2019-05-31,Metro,"Tampa, FL metro area",878,7.59,396,20.06,3.67,0.07,1.66,0.21
2026-09-03,Monthly,2019-05-01,2019-05-31,Metro,"Virginia Beach, VA metro area",425,-23.46,217,-10.31,3.68,-1.08,1.96,-0.09
2026-09-03,Monthly,2019-05-01,2019-05-31,Metro,"Warren, MI metro area",681,23.42,341,17.04,5.29,0.61,2.69,0.18
2026-09-03,Monthly,2019-05-01,2019-05-31,Metro,"Washington, DC metro area",1013,-13.04,383,-41.88,5.04,-0.59,1.86,-1.28
2026-09-03,Monthly,2019-05-01,2019-05-31,Metro,"West Palm Beach, FL metro area",1081,13.61,393,-2.34,5.7,0.4,2.16,-0.13
2026-09-03,Monthly,2019-04-01,2019-04-30,Metro,"Anaheim, CA metro area",589,41.45,288,26.99,4.88,0.74,2.33,0.18
2026-09-03,Monthly,2019-04-01,2019-04-30,Metro,"Atlanta, GA metro area",2765,10.71,753,17.24,6.49,0.13,1.78,0.15
2026-09-03,Monthly,2019-04-01,2019-04-30,Metro,"Austin, TX metro area",453,10.39,246,3.71,4.33,0.36,2.25,0.05
2026-09-03,Monthly,2019-04-01,2019-04-30,Metro,"Baltimore, MD metro area",634,-20.74,234,-48.5,4.24,-1.39,1.58,-1.67
2026-09-03,Monthly,2019-04-01,2019-04-30,Metro,"Boston, MA metro area",815,24.08,431,25.25,5.66,0.38,3.34,0.33
2026-09-03,Monthly,2019-04-01,2019-04-30,Metro,"Charlotte, NC metro area",504,-10.5,307,35.05,2.36,-0.22,1.82,0.41
2026-09-03,Monthly,2019-04-01,2019-04-30,Metro,"Chicago, IL metro area",2303,6.82,1138,-0.36,5.31,-0.16,2.73,-0.19
2026-09-03,Monthly,2019-04-01,2019-04-30,Metro,"Cincinnati, OH metro area",457,-9.42,232,18.53,3.79,-0.29,1.91,0.35
2026-09-03,Monthly,2019-04-01,2019-04-30,Metro,"Cleveland, OH metro area",461,-6.85,253,16.15,4.12,-0.43,2.28,0.35
2026-09-03,Monthly,2019-04-01,2019-04-30,Metro,"Columbus, OH metro area",348,3.91,193,31.57,3.81,-0.03,2.11,0.44
2026-09-03,Monthly,2019-04-01,2019-04-30,Metro,"Dallas, TX metro area",1398,40.07,720,32.03,5.4,0.81,2.81,0.3
2026-09-03,Monthly,2019-04-01,2019-04-30,Metro,"Denver, CO metro area",557,13.83,302,51.22,4.26,-0.06,2.33,0.53
2026-09-03,Monthly,2019-04-01,2019-04-30,Metro,"Detroit, MI metro area",610,45.61,210,23.02,7.55,1.72,2.63,0.28
2026-09-03,Monthly,2019-04-01,2019-04-30,Metro,"Fort Lauderdale, FL metro area",1049,0.78,421,16.9,5.27,-0.24,2.13,0.22
2026-09-03,Monthly,2019-04-01,2019-04-30,Metro,"Fort Worth, TX metro area",476,29.66,257,19.77,4.52,0.57,2.38,0.15
2026-09-03,Monthly,2019-04-01,2019-04-30,Metro,"Houston, TX metro area",1902,10.39,892,-2.38,5.26,0.21,2.39,-0.27
2026-09-03,Monthly,2019-04-01,2019-04-30,Metro,"Indianapolis, IN metro area",510,2.16,216,-2.71,5.4,0.13,2.37,-0.02
2026-09-03,Monthly,2019-04-01,2019-04-30,Metro,"Jacksonville, FL metro area",483,26.2,211,4.28,3.74,0.35,1.67,-0.12
2026-09-03,Monthly,2019-04-01,2019-04-30,Metro,"Kansas City, MO metro area",467,29.7,214,14.86,4.07,0.76,2,0.34
2026-09-03,Monthly,2019-04-01,2019-04-30,Metro,"Las Vegas, NV metro area",725,65.51,326,58.44,4.55,1.35,2,0.5
2026-09-03,Monthly,2019-04-01,2019-04-30,Metro,"Los Angeles, CA metro area",1513,18.71,712,37.83,5.7,0.25,2.59,0.42
2026-09-03,Monthly,2019-04-01,2019-04-30,Metro,"Miami, FL metro area",1414,-3.62,568,-5.16,6.26,-0.63,2.44,-0.31
2026-09-03,Monthly,2019-04-01,2019-04-30,Metro,"Milwaukee, WI metro area",189,-16.03,123,-9.25,1.9,-0.04,1.74,-0.04
2026-09-03,Monthly,2019-04-01,2019-04-30,Metro,"Minneapolis, MN metro area",662,27.01,343,16.3,4.3,0.9,2.2,0.25
2026-09-03,Monthly,2019-04-01,2019-04-30,Metro,"Montgomery County, PA metro area",304,-44.16,117,-61.2,3.11,-2.51,1.25,-1.78
2026-09-03,Monthly,2019-04-01,2019-04-30,Metro,"Nashville, TN metro area",809,7.41,347,26.49,5.27,-0.1,2.22,0.24
2026-09-03,Monthly,2019-04-01,2019-04-30,Metro,"Nassau County, NY metro area",831,-8.68,396,14.18,5.43,-1.11,2.61,0.06
2026-09-03,Monthly,2019-04-01,2019-04-30,Metro,"New Brunswick, NJ metro area",1245,1.71,468,-2.87,6.79,-0.31,2.51,-0.24
2026-09-03,Monthly,2019-04-01,2019-04-30,Metro,"New York, NY metro area",2765,-2.11,1052,17.76,6,-0.5,2.31,0.25
2026-09-03,Monthly,2019-04-01,2019-04-30,Metro,"Newark, NJ metro area",827,-3.09,437,-1,5.28,-0.28,3.02,-0.05
2026-09-03,Monthly,2019-04-01,2019-04-30,Metro,"Oakland, CA metro area",421,85.38,192,96,6.82,2.19,3.06,1.06
2026-09-03,Monthly,2019-04-01,2019-04-30,Metro,"Orlando, FL metro area",719,13.26,311,15.23,4.15,0.27,1.85,0.16
2026-09-03,Monthly,2019-04-01,2019-04-30,Metro,"Philadelphia, PA metro area",582,-7.93,160,-48,6.16,-0.67,1.73,-1.65
2026-09-03,Monthly,2019-04-01,2019-04-30,Metro,"Phoenix, AZ metro area",1180,8.8,577,1.46,4.02,0.15,1.92,-0.11
2026-09-03,Monthly,2019-04-01,2019-04-30,Metro,"Pittsburgh, PA metro area",528,2.43,172,-14.26,4.08,0.3,1.52,-0.13
2026-09-03,Monthly,2019-04-01,2019-04-30,Metro,"Portland, OR metro area",399,73.26,245,58.66,3.56,1.15,2.19,0.61
2026-09-03,Monthly,2019-04-01,2019-04-30,Metro,"Providence, RI metro area",368,16.91,214,15.5,4.58,0.33,2.69,0.22
2026-09-03,Monthly,2019-04-01,2019-04-30,Metro,"Riverside, CA metro area",1118,18.62,532,24.13,4.64,0.42,2.18,0.3
2026-09-03,Monthly,2019-04-01,2019-04-30,Metro,"Sacramento, CA metro area",470,5.56,310,29.58,5.57,0.03,3.65,0.66
2026-09-03,Monthly,2019-04-01,2019-04-30,Metro,"San Antonio, TX metro area",560,12.19,233,9.53,4.11,-0.02,1.68,0.01
2026-09-03,Monthly,2019-04-01,2019-04-30,Metro,"San Diego, CA metro area",674,57.06,323,75.56,5.97,1.85,2.89,1.12
2026-09-03,Monthly,2019-04-01,2019-04-30,Metro,"San Francisco, CA metro area",140,5.59,99,169.4,4.91,-0.91,3.46,1.81
2026-09-03,Monthly,2019-04-01,2019-04-30,Metro,"San Jose, CA metro area",200,73.73,136,278.05,4.39,0.09,3.02,1.68
2026-09-03,Monthly,2019-04-01,2019-04-30,Metro,"Seattle, WA metro area",513,88.42,318,115.97,4.45,1.31,2.84,1.13
2026-09-03,Monthly,2019-04-01,2019-04-30,Metro,"St. Louis, MO metro area",676,-17.68,374,0.23,4.77,-0.55,2.82,0.36
2026-09-03,Monthly,2019-04-01,2019-04-30,Metro,"Tampa, FL metro area",891,12.75,390,10.4,3.75,0.36,1.59,0.06
2026-09-03,Monthly,2019-04-01,2019-04-30,Metro,"Virginia Beach, VA metro area",483,-11.46,207,-17.18,4.17,-0.48,1.77,-0.34
2026-09-03,Monthly,2019-04-01,2019-04-30,Metro,"Warren, MI metro area",720,17.1,370,30.4,5.44,0.28,2.91,0.44
2026-09-03,Monthly,2019-04-01,2019-04-30,Metro,"Washington, DC metro area",980,-16.4,350,-51.05,4.65,-0.87,1.68,-1.67
2026-09-03,Monthly,2019-04-01,2019-04-30,Metro,"West Palm Beach, FL metro area",972,2.37,433,10.38,5.44,0.09,2.34,0.12
2026-09-03,Monthly,2019-03-01,2019-03-31,Metro,"Anaheim, CA metro area",592,54.33,300,35.91,4.83,1.04,2.32,0.22
2026-09-03,Monthly,2019-03-01,2019-03-31,Metro,"Atlanta, GA metro area",2926,9.6,816,5.72,6.89,0.1,1.85,-0.06
2026-09-03,Monthly,2019-03-01,2019-03-31,Metro,"Austin, TX metro area",458,-3.7,258,15.24,4.15,-0.4,2.36,0.23
2026-09-03,Monthly,2019-03-01,2019-03-31,Metro,"Baltimore, MD metro area",590,-34.62,236,-53.3,3.94,-2.45,1.51,-1.93
2026-09-03,Monthly,2019-03-01,2019-03-31,Metro,"Boston, MA metro area",866,27.03,452,55.38,6.11,0.52,3.29,0.78
2026-09-03,Monthly,2019-03-01,2019-03-31,Metro,"Charlotte, NC metro area",497,-9.64,220,-1.41,2.36,-0.37,1.41,0.03
2026-09-03,Monthly,2019-03-01,2019-03-31,Metro,"Chicago, IL metro area",2193,1.7,1344,27.24,5.28,-0.19,3,0.32
2026-09-03,Monthly,2019-03-01,2019-03-31,Metro,"Cincinnati, OH metro area",433,-1.77,242,22.74,3.59,0.08,2.02,0.42
2026-09-03,Monthly,2019-03-01,2019-03-31,Metro,"Cleveland, OH metro area",524,10.53,231,-5.2,4.69,0.39,1.93,-0.28
2026-09-03,Monthly,2019-03-01,2019-03-31,Metro,"Columbus, OH metro area",310,-19.42,181,25.13,3.55,-0.81,2.05,0.41
2026-09-03,Monthly,2019-03-01,2019-03-31,Metro,"Dallas, TX metro area",1323,30.5,746,39.58,5.16,0.36,2.95,0.36
2026-09-03,Monthly,2019-03-01,2019-03-31,Metro,"Denver, CO metro area",605,46.79,302,44.37,4.79,1.06,2.36,0.46
2026-09-03,Monthly,2019-03-01,2019-03-31,Metro,"Detroit, MI metro area",550,24.96,194,14.77,7.11,0.88,2.42,0.05
2026-09-03,Monthly,2019-03-01,2019-03-31,Metro,"Fort Lauderdale, FL metro area",1039,8.77,389,2.5,5.28,0.14,1.97,-0.09
2026-09-03,Monthly,2019-03-01,2019-03-31,Metro,"Fort Worth, TX metro area",490,12.23,270,31.01,4.65,-0.01,2.54,0.35
2026-09-03,Monthly,2019-03-01,2019-03-31,Metro,"Houston, TX metro area",1877,6.67,927,-0.38,5.08,-0.15,2.43,-0.3
2026-09-03,Monthly,2019-03-01,2019-03-31,Metro,"Indianapolis, IN metro area",469,-5.15,237,13.99,5.03,-0.11,2.62,0.42
2026-09-03,Monthly,2019-03-01,2019-03-31,Metro,"Jacksonville, FL metro area",488,29.55,234,19.47,3.86,0.54,1.7,0
2026-09-03,Monthly,2019-03-01,2019-03-31,Metro,"Kansas City, MO metro area",391,35.49,236,27.84,3.85,0.93,2.28,0.58
2026-09-03,Monthly,2019-03-01,2019-03-31,Metro,"Las Vegas, NV metro area",819,75.28,308,44.14,5.24,1.68,1.89,0.33
2026-09-03,Monthly,2019-03-01,2019-03-31,Metro,"Los Angeles, CA metro area",1720,40.82,689,40.15,6.22,1.04,2.53,0.43
2026-09-03,Monthly,2019-03-01,2019-03-31,Metro,"Miami, FL metro area",1422,0.59,525,-5.32,6.35,0.01,2.28,-0.25
2026-09-03,Monthly,2019-03-01,2019-03-31,Metro,"Milwaukee, WI metro area",220,-3.41,130,4.8,2.48,0.02,1.85,0.26
2026-09-03,Monthly,2019-03-01,2019-03-31,Metro,"Minneapolis, MN metro area",612,20.88,298,-1.59,4.04,0.68,1.98,-0.03
2026-09-03,Monthly,2019-03-01,2019-03-31,Metro,"Montgomery County, PA metro area",263,-56.5,112,-54.23,3.02,-2.95,1.25,-1.09
2026-09-03,Monthly,2019-03-01,2019-03-31,Metro,"Nashville, TN metro area",785,0.17,330,13.69,5.2,-0.43,2.1,0.01
2026-09-03,Monthly,2019-03-01,2019-03-31,Metro,"Nassau County, NY metro area",818,-2.78,437,30.58,5.48,-0.86,2.91,0.41
2026-09-03,Monthly,2019-03-01,2019-03-31,Metro,"New Brunswick, NJ metro area",1104,-4.48,512,10.84,5.99,-0.66,2.79,0.12
2026-09-03,Monthly,2019-03-01,2019-03-31,Metro,"New York, NY metro area",2727,4.18,1086,36.57,5.88,-0.29,2.32,0.49
2026-09-03,Monthly,2019-03-01,2019-03-31,Metro,"Newark, NJ metro area",828,-11.51,454,7.5,5.48,-0.9,3.27,0.44
2026-09-03,Monthly,2019-03-01,2019-03-31,Metro,"Oakland, CA metro area",374,68.74,200,100.86,6.08,1.61,3.3,1.29
2026-09-03,Monthly,2019-03-01,2019-03-31,Metro,"Orlando, FL metro area",742,16.79,379,14.41,4.36,0.45,2.1,0.09
2026-09-03,Monthly,2019-03-01,2019-03-31,Metro,"Philadelphia, PA metro area",531,-42.14,146,-48.84,5.61,-3.76,1.6,-1.38
2026-09-03,Monthly,2019-03-01,2019-03-31,Metro,"Phoenix, AZ metro area",1192,12.54,606,8.82,3.98,0.17,2.01,0.05
2026-09-03,Monthly,2019-03-01,2019-03-31,Metro,"Pittsburgh, PA metro area",521,-3.77,205,2.24,4.09,-0.02,1.57,0.03
2026-09-03,Monthly,2019-03-01,2019-03-31,Metro,"Portland, OR metro area",381,9.92,242,24.25,3.57,-0.01,2.21,0.19
2026-09-03,Monthly,2019-03-01,2019-03-31,Metro,"Providence, RI metro area",371,21.77,232,36.58,4.62,0.49,2.91,0.6
2026-09-03,Monthly,2019-03-01,2019-03-31,Metro,"Riverside, CA metro area",1150,26.47,565,40.39,4.66,0.62,2.18,0.48
2026-09-03,Monthly,2019-03-01,2019-03-31,Metro,"Sacramento, CA metro area",479,-0.07,269,25.74,5.74,-0.34,3.27,0.54
2026-09-03,Monthly,2019-03-01,2019-03-31,Metro,"San Antonio, TX metro area",588,10.96,254,9.07,4.25,0.03,1.83,-0.1
2026-09-03,Monthly,2019-03-01,2019-03-31,Metro,"San Diego, CA metro area",832,107.11,348,108.54,7.26,3.27,2.93,1.32
2026-09-03,Monthly,2019-03-01,2019-03-31,Metro,"San Francisco, CA metro area",162,31.54,92,75.64,6.2,0.68,3.57,1.32
2026-09-03,Monthly,2019-03-01,2019-03-31,Metro,"San Jose, CA metro area",249,179.32,130,242.84,6.27,2.94,3.28,1.83
2026-09-03,Monthly,2019-03-01,2019-03-31,Metro,"Seattle, WA metro area",489,96.87,365,127.58,4.33,1.37,3.26,1.34
2026-09-03,Monthly,2019-03-01,2019-03-31,Metro,"St. Louis, MO metro area",647,-27.69,420,2.01,4.73,-1.24,3.32,0.59
2026-09-03,Monthly,2019-03-01,2019-03-31,Metro,"Tampa, FL metro area",893,17.92,388,4.29,3.59,0.19,1.57,-0.05
2026-09-03,Monthly,2019-03-01,2019-03-31,Metro,"Virginia Beach, VA metro area",553,-14.86,230,-12.36,4.83,-0.54,2.04,-0.26
2026-09-03,Monthly,2019-03-01,2019-03-31,Metro,"Warren, MI metro area",807,31.66,369,22.73,6.36,1.17,2.95,0.38
2026-09-03,Monthly,2019-03-01,2019-03-31,Metro,"Washington, DC metro area",941,-35.91,349,-46.09,4.47,-2.37,1.7,-1.37
2026-09-03,Monthly,2019-03-01,2019-03-31,Metro,"West Palm Beach, FL metro area",914,3.63,411,1.17,5.21,-0.04,2.27,-0.03
2026-09-03,Monthly,2019-02-01,2019-02-28,Metro,"Anaheim, CA metro area",610,41.09,283,31.64,5.03,0.74,2.24,0.18
2026-09-03,Monthly,2019-02-01,2019-02-28,Metro,"Atlanta, GA metro area",2992,18.07,735,-4,7.01,0.55,1.67,-0.23
2026-09-03,Monthly,2019-02-01,2019-02-28,Metro,"Austin, TX metro area",515,8.71,235,-6.47,4.44,0,2.07,-0.33
2026-09-03,Monthly,2019-02-01,2019-02-28,Metro,"Baltimore, MD metro area",597,-71.6,227,-51.86,3.97,-10.27,1.49,-1.73
2026-09-03,Monthly,2019-02-01,2019-02-28,Metro,"Boston, MA metro area",911,46.1,419,-0.55,6.36,1.29,2.78,-0.52
2026-09-03,Monthly,2019-02-01,2019-02-28,Metro,"Charlotte, NC metro area",545,1.08,235,12.5,2.63,0.19,1.46,0.2
2026-09-03,Monthly,2019-02-01,2019-02-28,Metro,"Chicago, IL metro area",2368,7.43,1214,15.36,5.77,0.08,2.78,0.11
2026-09-03,Monthly,2019-02-01,2019-02-28,Metro,"Cincinnati, OH metro area",450,6.01,233,4.85,3.68,0.26,1.89,0.1
2026-09-03,Monthly,2019-02-01,2019-02-28,Metro,"Cleveland, OH metro area",608,30.89,254,7.27,5.36,1.25,2.16,0.12
2026-09-03,Monthly,2019-02-01,2019-02-28,Metro,"Columbus, OH metro area",383,28.84,164,2.99,4.27,0.78,1.79,-0.05
2026-09-03,Monthly,2019-02-01,2019-02-28,Metro,"Dallas, TX metro area",1456,53.06,693,32.7,5.67,1.09,2.84,0.2
2026-09-03,Monthly,2019-02-01,2019-02-28,Metro,"Denver, CO metro area",620,52.99,291,34.16,4.71,0.95,2.19,0.2
2026-09-03,Monthly,2019-02-01,2019-02-28,Metro,"Detroit, MI metro area",498,4.79,196,33.8,6.36,-0.57,2.48,0.35
2026-09-03,Monthly,2019-02-01,2019-02-28,Metro,"Fort Lauderdale, FL metro area",1035,7.05,371,-5.64,5.33,0.03,1.89,-0.24
2026-09-03,Monthly,2019-02-01,2019-02-28,Metro,"Fort Worth, TX metro area",543,40.2,276,37.94,4.92,0.72,2.54,0.35
2026-09-03,Monthly,2019-02-01,2019-02-28,Metro,"Houston, TX metro area",1987,9.52,859,-3.5,5.39,-0.02,2.27,-0.39
2026-09-03,Monthly,2019-02-01,2019-02-28,Metro,"Indianapolis, IN metro area",514,-13.13,213,-8.31,5.52,-0.72,2.28,-0.14
2026-09-03,Monthly,2019-02-01,2019-02-28,Metro,"Jacksonville, FL metro area",513,30.08,242,21.87,4.07,0.55,1.82,0.01
2026-09-03,Monthly,2019-02-01,2019-02-28,Metro,"Kansas City, MO metro area",399,19.44,205,21.52,3.81,0.59,1.93,0.37
2026-09-03,Monthly,2019-02-01,2019-02-28,Metro,"Las Vegas, NV metro area",795,76.56,299,40.01,5.02,1.61,1.89,0.28
2026-09-03,Monthly,2019-02-01,2019-02-28,Metro,"Los Angeles, CA metro area",1744,51.95,604,1.18,6.33,1.47,2.25,-0.3
2026-09-03,Monthly,2019-02-01,2019-02-28,Metro,"Miami, FL metro area",1423,-2.59,532,-13.85,6.14,-0.37,2.3,-0.57
2026-09-03,Monthly,2019-02-01,2019-02-28,Metro,"Milwaukee, WI metro area",230,-5.73,109,-23.22,2.82,0.08,1.54,-0.26
2026-09-03,Monthly,2019-02-01,2019-02-28,Metro,"Minneapolis, MN metro area",651,22.42,286,-12.41,4.33,0.75,1.87,-0.28
2026-09-03,Monthly,2019-02-01,2019-02-28,Metro,"Montgomery County, PA metro area",328,-58.48,116,-63.81,3.23,-3.49,1.26,-1.64
2026-09-03,Monthly,2019-02-01,2019-02-28,Metro,"Nashville, TN metro area",815,6.3,301,3.18,5.37,-0.2,1.92,-0.25
2026-09-03,Monthly,2019-02-01,2019-02-28,Metro,"Nassau County, NY metro area",857,-0.04,412,7.07,5.82,-0.47,2.83,-0.04
2026-09-03,Monthly,2019-02-01,2019-02-28,Metro,"New Brunswick, NJ metro area",1262,-0.74,550,-4.16,6.74,-0.45,2.96,-0.31
2026-09-03,Monthly,2019-02-01,2019-02-28,Metro,"New York, NY metro area",2858,13.98,998,5.35,6.23,0.42,2.15,-0.03
2026-09-03,Monthly,2019-02-01,2019-02-28,Metro,"Newark, NJ metro area",805,-9.75,449,4.21,5.51,-0.63,3.09,-0.16
2026-09-03,Monthly,2019-02-01,2019-02-28,Metro,"Oakland, CA metro area",454,92.12,199,97.4,7.19,2.52,3.29,1.23
2026-09-03,Monthly,2019-02-01,2019-02-28,Metro,"Orlando, FL metro area",696,9.99,355,6.82,4.12,0.04,1.96,-0.09
2026-09-03,Monthly,2019-02-01,2019-02-28,Metro,"Philadelphia, PA metro area",508,-42.16,155,-54.59,5.42,-3.29,1.69,-1.77
2026-09-03,Monthly,2019-02-01,2019-02-28,Metro,"Phoenix, AZ metro area",1199,18.56,553,-12.49,4.04,0.44,1.82,-0.39
2026-09-03,Monthly,2019-02-01,2019-02-28,Metro,"Pittsburgh, PA metro area",483,-11.81,236,18.02,3.85,-0.37,1.77,0.3
2026-09-03,Monthly,2019-02-01,2019-02-28,Metro,"Portland, OR metro area",498,71.78,230,13.82,4.44,1.24,2.05,-0.19
2026-09-03,Monthly,2019-02-01,2019-02-28,Metro,"Providence, RI metro area",444,26.07,238,1.77,5.24,0.74,2.87,-0.18
2026-09-03,Monthly,2019-02-01,2019-02-28,Metro,"Riverside, CA metro area",1168,25.78,526,27.97,4.67,0.57,2.09,0.31
2026-09-03,Monthly,2019-02-01,2019-02-28,Metro,"Sacramento, CA metro area",556,21.06,261,-1.73,6.42,0.72,3.01,-0.29
2026-09-03,Monthly,2019-02-01,2019-02-28,Metro,"San Antonio, TX metro area",544,8,245,4.46,4.28,0.03,1.84,-0.15
2026-09-03,Monthly,2019-02-01,2019-02-28,Metro,"San Diego, CA metro area",897,152.62,260,30.21,7.92,4.42,2.16,0.18
2026-09-03,Monthly,2019-02-01,2019-02-28,Metro,"San Francisco, CA metro area",184,50.89,85,49.69,6.97,1.3,3.13,0.6
2026-09-03,Monthly,2019-02-01,2019-02-28,Metro,"San Jose, CA metro area",215,126.33,131,240.9,5.24,1.65,3.26,1.8
2026-09-03,Monthly,2019-02-01,2019-02-28,Metro,"Seattle, WA metro area",556,182.83,281,82.76,5.08,2.58,2.57,0.63
2026-09-03,Monthly,2019-02-01,2019-02-28,Metro,"St. Louis, MO metro area",752,-7.77,381,-15.25,5.87,0.65,3.06,0.07
2026-09-03,Monthly,2019-02-01,2019-02-28,Metro,"Tampa, FL metro area",915,13.58,408,9.86,3.61,0.05,1.62,-0.03
2026-09-03,Monthly,2019-02-01,2019-02-28,Metro,"Virginia Beach, VA metro area",499,-17.81,247,0.93,4.4,-0.79,2.25,0.13
2026-09-03,Monthly,2019-02-01,2019-02-28,Metro,"Warren, MI metro area",794,44.9,296,13.25,6.28,1.43,2.36,0.02
2026-09-03,Monthly,2019-02-01,2019-02-28,Metro,"Washington, DC metro area",961,-71.18,325,-52.51,4.63,-11,1.59,-1.63
2026-09-03,Monthly,2019-02-01,2019-02-28,Metro,"West Palm Beach, FL metro area",970,6.99,457,4.82,5.43,0.19,2.51,0.04
2026-09-03,Monthly,2019-01-01,2019-01-31,Metro,"Anaheim, CA metro area",701,106.86,245,25.35,5.71,2.21,1.98,-0.01
2026-09-03,Monthly,2019-01-01,2019-01-31,Metro,"Atlanta, GA metro area",2905,15.79,703,22.13,6.87,0.48,1.64,0.17
2026-09-03,Monthly,2019-01-01,2019-01-31,Metro,"Austin, TX metro area",543,17.95,222,-1.73,4.66,0.29,1.99,-0.21
2026-09-03,Monthly,2019-01-01,2019-01-31,Metro,"Baltimore, MD metro area",532,-70.63,228,-50.99,3.66,-8.79,1.53,-1.61
2026-09-03,Monthly,2019-01-01,2019-01-31,Metro,"Boston, MA metro area",913,37.55,412,27.23,6.08,0.47,2.68,-0.01
2026-09-03,Monthly,2019-01-01,2019-01-31,Metro,"Charlotte, NC metro area",652,21.46,236,15.23,4.74,1.01,1.48,0.27
2026-09-03,Monthly,2019-01-01,2019-01-31,Metro,"Chicago, IL metro area",2214,0.54,1112,2.03,5.43,-0.42,2.59,-0.21
2026-09-03,Monthly,2019-01-01,2019-01-31,Metro,"Cincinnati, OH metro area",477,17.72,195,7.76,4.16,0.77,1.61,0.12
2026-09-03,Monthly,2019-01-01,2019-01-31,Metro,"Cleveland, OH metro area",503,-3.43,270,26.02,4.56,-0.11,2.29,0.41
2026-09-03,Monthly,2019-01-01,2019-01-31,Metro,"Columbus, OH metro area",375,32.01,144,17.61,4.2,0.84,1.61,0.18
2026-09-03,Monthly,2019-01-01,2019-01-31,Metro,"Dallas, TX metro area",1440,42.17,657,17.22,5.83,0.86,2.71,-0.09
2026-09-03,Monthly,2019-01-01,2019-01-31,Metro,"Denver, CO metro area",645,71.43,298,36,4.92,1.34,2.25,0.24
2026-09-03,Monthly,2019-01-01,2019-01-31,Metro,"Detroit, MI metro area",494,5.4,176,35.17,6.45,-0.31,2.32,0.36
2026-09-03,Monthly,2019-01-01,2019-01-31,Metro,"Fort Lauderdale, FL metro area",1084,15.8,408,6.72,5.59,0.37,2.05,-0.08
2026-09-03,Monthly,2019-01-01,2019-01-31,Metro,"Fort Worth, TX metro area",551,34.2,236,19.31,5.15,0.78,2.27,0.09
2026-09-03,Monthly,2019-01-01,2019-01-31,Metro,"Houston, TX metro area",2024,13.13,826,2.32,5.51,0.14,2.22,-0.2
2026-09-03,Monthly,2019-01-01,2019-01-31,Metro,"Indianapolis, IN metro area",513,-12,213,1.78,5.49,-0.69,2.28,0.05
2026-09-03,Monthly,2019-01-01,2019-01-31,Metro,"Jacksonville, FL metro area",506,33.71,247,51.91,4.06,0.59,1.88,0.37
2026-09-03,Monthly,2019-01-01,2019-01-31,Metro,"Kansas City, MO metro area",460,9.03,169,-6.37,3.91,0.26,1.53,-0.13
2026-09-03,Monthly,2019-01-01,2019-01-31,Metro,"Las Vegas, NV metro area",723,54.08,284,20.59,4.65,1.07,1.85,0.02
2026-09-03,Monthly,2019-01-01,2019-01-31,Metro,"Los Angeles, CA metro area",1717,53.22,624,20.65,6.23,1.29,2.31,0
2026-09-03,Monthly,2019-01-01,2019-01-31,Metro,"Miami, FL metro area",1407,-2.64,593,-1.14,5.92,-0.53,2.53,-0.27
2026-09-03,Monthly,2019-01-01,2019-01-31,Metro,"Milwaukee, WI metro area",222,-12.44,124,-9.27,4.43,-0.21,1.71,-0.11
2026-09-03,Monthly,2019-01-01,2019-01-31,Metro,"Minneapolis, MN metro area",788,91.61,305,3.05,5.08,2.15,1.94,-0.04
2026-09-03,Monthly,2019-01-01,2019-01-31,Metro,"Montgomery County, PA metro area",262,-63.83,112,-59.2,3.01,-3.72,1.22,-1.24
2026-09-03,Monthly,2019-01-01,2019-01-31,Metro,"Nashville, TN metro area",849,10.89,346,42.5,5.47,-0.23,2.21,0.44
2026-09-03,Monthly,2019-01-01,2019-01-31,Metro,"Nassau County, NY metro area",949,14.5,397,12.98,6.45,0.24,2.72,0.06
2026-09-03,Monthly,2019-01-01,2019-01-31,Metro,"New Brunswick, NJ metro area",1325,-0.91,480,5.96,7.17,-0.67,2.63,-0.05
2026-09-03,Monthly,2019-01-01,2019-01-31,Metro,"New York, NY metro area",3194,28.14,1076,21.89,7.04,1.2,2.37,0.27
2026-09-03,Monthly,2019-01-01,2019-01-31,Metro,"Newark, NJ metro area",866,0.38,441,0.8,6.01,-0.06,2.87,-0.4
2026-09-03,Monthly,2019-01-01,2019-01-31,Metro,"Oakland, CA metro area",565,151.01,172,69.4,8.7,4.03,2.81,0.61
2026-09-03,Monthly,2019-01-01,2019-01-31,Metro,"Orlando, FL metro area",719,13.94,299,-7.34,4.25,0.22,1.65,-0.4
2026-09-03,Monthly,2019-01-01,2019-01-31,Metro,"Philadelphia, PA metro area",377,-59.62,163,-48.49,4.39,-5.36,1.86,-1.4
2026-09-03,Monthly,2019-01-01,2019-01-31,Metro,"Phoenix, AZ metro area",1172,9.94,587,-2.6,3.98,0.19,1.94,-0.16
2026-09-03,Monthly,2019-01-01,2019-01-31,Metro,"Pittsburgh, PA metro area",518,-6.71,168,2.56,4.3,-0.04,1.41,0.06
2026-09-03,Monthly,2019-01-01,2019-01-31,Metro,"Portland, OR metro area",479,55.64,251,50.37,4.11,0.75,2.18,0.3
2026-09-03,Monthly,2019-01-01,2019-01-31,Metro,"Providence, RI metro area",435,13.63,154,-13.41,5.22,0.13,1.87,-0.54
2026-09-03,Monthly,2019-01-01,2019-01-31,Metro,"Riverside, CA metro area",1170,44.09,490,13.53,4.69,0.99,1.9,0.01
2026-09-03,Monthly,2019-01-01,2019-01-31,Metro,"Sacramento, CA metro area",551,29.06,276,8.39,6.18,0.73,3.07,-0.23
2026-09-03,Monthly,2019-01-01,2019-01-31,Metro,"San Antonio, TX metro area",656,27.14,239,10.83,4.82,0.33,1.89,-0.02
2026-09-03,Monthly,2019-01-01,2019-01-31,Metro,"San Diego, CA metro area",796,115.82,282,54.59,6.54,2.61,2.31,0.46
2026-09-03,Monthly,2019-01-01,2019-01-31,Metro,"San Francisco, CA metro area",158,65.5,92,41.04,5.77,1.24,3.43,0.32
2026-09-03,Monthly,2019-01-01,2019-01-31,Metro,"San Jose, CA metro area",282,220.06,113,239.41,7.1,3.49,2.91,1.55
2026-09-03,Monthly,2019-01-01,2019-01-31,Metro,"Seattle, WA metro area",568,114.97,276,99.78,4.78,1.42,2.34,0.55
2026-09-03,Monthly,2019-01-01,2019-01-31,Metro,"St. Louis, MO metro area",801,-12.89,326,-4.57,6.24,-0.07,2.33,0.03
2026-09-03,Monthly,2019-01-01,2019-01-31,Metro,"Tampa, FL metro area",862,10.74,399,8.31,3.45,-0.09,1.59,-0.06
2026-09-03,Monthly,2019-01-01,2019-01-31,Metro,"Virginia Beach, VA metro area",572,-1.77,229,-5.38,5.03,0.01,2.01,-0.05
2026-09-03,Monthly,2019-01-01,2019-01-31,Metro,"Warren, MI metro area",756,17.58,325,38.34,6,0.32,2.6,0.5
2026-09-03,Monthly,2019-01-01,2019-01-31,Metro,"Washington, DC metro area",1000,-65.88,338,-43.06,4.87,-8.76,1.68,-1.12
2026-09-03,Monthly,2019-01-01,2019-01-31,Metro,"West Palm Beach, FL metro area",893,-3.14,423,-12.67,5.08,-0.29,2.36,-0.42
2026-09-03,Monthly,2018-12-01,2018-12-31,Metro,"Anaheim, CA metro area",655,53.25,198,11.35,5.46,1.06,1.65,-0.21
2026-09-03,Monthly,2018-12-01,2018-12-31,Metro,"Atlanta, GA metro area",2864,1.42,626,-4.83,6.84,-0.12,1.53,-0.14
2026-09-03,Monthly,2018-12-01,2018-12-31,Metro,"Austin, TX metro area",593,20.34,232,-3.78,5.03,0.51,1.96,-0.27
2026-09-03,Monthly,2018-12-01,2018-12-31,Metro,"Baltimore, MD metro area",428,-73.21,300,-30.75,2.99,-7.85,2.06,-0.88
2026-09-03,Monthly,2018-12-01,2018-12-31,Metro,"Boston, MA metro area",891,31.82,371,11.52,6.27,0.61,2.56,-0.17
2026-09-03,Monthly,2018-12-01,2018-12-31,Metro,"Charlotte, NC metro area",615,6.79,220,8.8,5.1,0.82,1.37,0.18
2026-09-03,Monthly,2018-12-01,2018-12-31,Metro,"Chicago, IL metro area",2341,4.19,1057,-5.29,5.71,0.1,2.52,-0.22
2026-09-03,Monthly,2018-12-01,2018-12-31,Metro,"Cincinnati, OH metro area",482,0.72,179,12.76,4.11,0.2,1.54,0.22
2026-09-03,Monthly,2018-12-01,2018-12-31,Metro,"Cleveland, OH metro area",495,-9.68,195,-22.61,4.52,-0.44,1.84,-0.42
2026-09-03,Monthly,2018-12-01,2018-12-31,Metro,"Columbus, OH metro area",355,3.63,134,-25.62,4.08,0.08,1.5,-0.55
2026-09-03,Monthly,2018-12-01,2018-12-31,Metro,"Dallas, TX metro area",1381,28.44,570,17.38,5.68,0.46,2.28,-0.01
2026-09-03,Monthly,2018-12-01,2018-12-31,Metro,"Denver, CO metro area",629,54.54,261,17.46,4.8,0.98,2.02,-0.13
2026-09-03,Monthly,2018-12-01,2018-12-31,Metro,"Detroit, MI metro area",452,17.11,188,22.79,5.83,0.24,2.65,0.34
2026-09-03,Monthly,2018-12-01,2018-12-31,Metro,"Fort Lauderdale, FL metro area",1040,6.05,342,-16.87,5.5,0,1.75,-0.5
2026-09-03,Monthly,2018-12-01,2018-12-31,Metro,"Fort Worth, TX metro area",511,28.62,228,9.24,4.9,0.62,2.25,-0.06
2026-09-03,Monthly,2018-12-01,2018-12-31,Metro,"Houston, TX metro area",2151,7.78,765,-8.04,5.87,0,2.11,-0.34
2026-09-03,Monthly,2018-12-01,2018-12-31,Metro,"Indianapolis, IN metro area",599,15.92,160,-36.04,6.47,1.13,1.73,-0.9
2026-09-03,Monthly,2018-12-01,2018-12-31,Metro,"Jacksonville, FL metro area",505,32.71,203,8.84,4.06,0.54,1.61,-0.06
2026-09-03,Monthly,2018-12-01,2018-12-31,Metro,"Kansas City, MO metro area",492,32.43,233,37.64,4.11,0.86,2.1,0.59
2026-09-03,Monthly,2018-12-01,2018-12-31,Metro,"Las Vegas, NV metro area",716,57.99,244,-4.75,4.8,1.43,1.69,-0.29
2026-09-03,Monthly,2018-12-01,2018-12-31,Metro,"Los Angeles, CA metro area",1742,51.98,526,-3.91,6.42,1.32,1.99,-0.48
2026-09-03,Monthly,2018-12-01,2018-12-31,Metro,"Miami, FL metro area",1414,-4.61,536,-5.81,6.11,-0.61,2.37,-0.28
2026-09-03,Monthly,2018-12-01,2018-12-31,Metro,"Milwaukee, WI metro area",247,-18.86,99,5.69,6.1,-1.43,1.39,0.07
2026-09-03,Monthly,2018-12-01,2018-12-31,Metro,"Minneapolis, MN metro area",553,-1.28,302,1.67,3.61,-0.28,1.95,-0.03
2026-09-03,Monthly,2018-12-01,2018-12-31,Metro,"Montgomery County, PA metro area",168,-79.95,157,-37.46,1.87,-5.55,1.75,-0.48
2026-09-03,Monthly,2018-12-01,2018-12-31,Metro,"Nashville, TN metro area",829,5.35,306,13.55,5.39,-0.41,2.07,0.11
2026-09-03,Monthly,2018-12-01,2018-12-31,Metro,"Nassau County, NY metro area",951,7.48,314,-8.8,6.52,-0.05,2.13,-0.38
2026-09-03,Monthly,2018-12-01,2018-12-31,Metro,"New Brunswick, NJ metro area",1316,-5.05,430,-9.88,7.33,-0.8,2.42,-0.41
2026-09-03,Monthly,2018-12-01,2018-12-31,Metro,"New York, NY metro area",2807,21.1,936,1.52,6.21,0.81,2.08,-0.14
2026-09-03,Monthly,2018-12-01,2018-12-31,Metro,"Newark, NJ metro area",959,-3.58,440,-5.73,6.68,-0.54,2.85,-0.06
2026-09-03,Monthly,2018-12-01,2018-12-31,Metro,"Oakland, CA metro area",481,110.44,119,8.82,7.32,2.46,1.89,-0.52
2026-09-03,Monthly,2018-12-01,2018-12-31,Metro,"Orlando, FL metro area",711,2.47,277,-13.94,4.34,-0.24,1.7,-0.39
2026-09-03,Monthly,2018-12-01,2018-12-31,Metro,"Philadelphia, PA metro area",254,-73.57,211,-30.64,3.01,-6.68,2.46,-0.61
2026-09-03,Monthly,2018-12-01,2018-12-31,Metro,"Phoenix, AZ metro area",1156,-0.29,584,-6.65,4.02,-0.01,1.94,-0.21
2026-09-03,Monthly,2018-12-01,2018-12-31,Metro,"Pittsburgh, PA metro area",523,-1.45,170,-6.2,4.34,0.41,1.46,0.15
2026-09-03,Monthly,2018-12-01,2018-12-31,Metro,"Portland, OR metro area",468,50.28,174,48.38,4,0.55,1.54,0.22
2026-09-03,Monthly,2018-12-01,2018-12-31,Metro,"Providence, RI metro area",455,12.53,141,19.06,5.31,0.17,1.69,0.14
2026-09-03,Monthly,2018-12-01,2018-12-31,Metro,"Riverside, CA metro area",1230,47.94,444,-2,4.91,1.09,1.88,-0.23
2026-09-03,Monthly,2018-12-01,2018-12-31,Metro,"Sacramento, CA metro area",573,25.43,239,6.7,6.31,0.51,2.72,-0.2
2026-09-03,Monthly,2018-12-01,2018-12-31,Metro,"San Antonio, TX metro area",568,-0.85,213,5.8,4.74,-0.03,1.75,0.02
2026-09-03,Monthly,2018-12-01,2018-12-31,Metro,"San Diego, CA metro area",740,101.42,213,18.07,5.92,2.16,1.73,-0.16
2026-09-03,Monthly,2018-12-01,2018-12-31,Metro,"San Francisco, CA metro area",213,87.78,71,36.03,8.22,2.44,2.54,-0.01
2026-09-03,Monthly,2018-12-01,2018-12-31,Metro,"San Jose, CA metro area",287,228.93,87,72.6,6.98,3.28,2.1,-0.06
2026-09-03,Monthly,2018-12-01,2018-12-31,Metro,"Seattle, WA metro area",668,151.21,184,21.78,5.37,1.9,1.56,-0.49
2026-09-03,Monthly,2018-12-01,2018-12-31,Metro,"St. Louis, MO metro area",729,-13.52,298,-19.78,5.46,-0.08,2.1,-0.36
2026-09-03,Monthly,2018-12-01,2018-12-31,Metro,"Tampa, FL metro area",918,17.41,369,17.08,3.76,0.21,1.51,0.06
2026-09-03,Monthly,2018-12-01,2018-12-31,Metro,"Virginia Beach, VA metro area",508,-25,217,-21.69,4.49,-1.03,1.87,-0.43
2026-09-03,Monthly,2018-12-01,2018-12-31,Metro,"Warren, MI metro area",687,4.88,269,7.02,5.59,-0.18,2.24,-0.01
2026-09-03,Monthly,2018-12-01,2018-12-31,Metro,"Washington, DC metro area",776,-68.51,397,-34.63,3.76,-7.73,1.95,-0.91
2026-09-03,Monthly,2018-12-01,2018-12-31,Metro,"West Palm Beach, FL metro area",943,5.17,406,-13.29,5.45,0.19,2.31,-0.38
2026-09-03,Monthly,2018-11-01,2018-11-30,Metro,"Anaheim, CA metro area",651,59.59,208,9.33,5.58,1.31,1.8,-0.2
2026-09-03,Monthly,2018-11-01,2018-11-30,Metro,"Atlanta, GA metro area",3039,9.6,581,-13.9,7.36,0.66,1.43,-0.25
2026-09-03,Monthly,2018-11-01,2018-11-30,Metro,"Austin, TX metro area",512,0.18,219,-7.81,4.46,-0.23,1.89,-0.27
2026-09-03,Monthly,2018-11-01,2018-11-30,Metro,"Baltimore, MD metro area",339,-76.99,312,-32.45,2.44,-7.52,2.22,-0.85
2026-09-03,Monthly,2018-11-01,2018-11-30,Metro,"Boston, MA metro area",906,25.42,377,2.25,6.48,0.64,2.72,-0.31
2026-09-03,Monthly,2018-11-01,2018-11-30,Metro,"Charlotte, NC metro area",586,-6.39,218,2.2,4.93,0.06,1.37,0.13
2026-09-03,Monthly,2018-11-01,2018-11-30,Metro,"Chicago, IL metro area",2438,7.54,1113,0.71,5.97,0.48,2.69,0.01
2026-09-03,Monthly,2018-11-01,2018-11-30,Metro,"Cincinnati, OH metro area",520,9.03,175,-18.11,4.39,0.56,1.48,-0.23
2026-09-03,Monthly,2018-11-01,2018-11-30,Metro,"Cleveland, OH metro area",555,10.68,205,-3.27,5.1,0.62,1.98,0
2026-09-03,Monthly,2018-11-01,2018-11-30,Metro,"Columbus, OH metro area",375,13.67,142,-8.35,4.14,0.46,1.55,-0.15
2026-09-03,Monthly,2018-11-01,2018-11-30,Metro,"Dallas, TX metro area",1329,25.86,597,24.75,5.45,0.44,2.46,0.2
2026-09-03,Monthly,2018-11-01,2018-11-30,Metro,"Denver, CO metro area",613,49.84,228,-3.2,4.71,0.9,1.85,-0.38
2026-09-03,Monthly,2018-11-01,2018-11-30,Metro,"Detroit, MI metro area",538,24.68,172,10.25,7.08,0.9,2.28,-0.01
2026-09-03,Monthly,2018-11-01,2018-11-30,Metro,"Fort Lauderdale, FL metro area",967,-9.83,400,-6.61,5.09,-0.86,2.12,-0.24
2026-09-03,Monthly,2018-11-01,2018-11-30,Metro,"Fort Worth, TX metro area",504,26.22,215,19.49,4.91,0.66,2.08,0.15
2026-09-03,Monthly,2018-11-01,2018-11-30,Metro,"Houston, TX metro area",2008,5.35,775,-14.78,5.57,0.05,2.16,-0.49
2026-09-03,Monthly,2018-11-01,2018-11-30,Metro,"Indianapolis, IN metro area",631,11.8,205,0.3,6.91,1.02,2.22,0.13
2026-09-03,Monthly,2018-11-01,2018-11-30,Metro,"Jacksonville, FL metro area",557,57.07,231,32.81,4.44,1.07,1.85,0.25
2026-09-03,Monthly,2018-11-01,2018-11-30,Metro,"Kansas City, MO metro area",456,20.25,197,-3,3.87,0.53,1.73,-0.02
2026-09-03,Monthly,2018-11-01,2018-11-30,Metro,"Las Vegas, NV metro area",703,51.21,236,2.92,4.93,1.5,1.69,-0.04
2026-09-03,Monthly,2018-11-01,2018-11-30,Metro,"Los Angeles, CA metro area",1604,42.79,535,-1.45,6.06,1.1,2.07,-0.33
2026-09-03,Monthly,2018-11-01,2018-11-30,Metro,"Miami, FL metro area",1352,-6.34,552,-18.09,5.88,-0.78,2.47,-0.69
2026-09-03,Monthly,2018-11-01,2018-11-30,Metro,"Milwaukee, WI metro area",267,-17.18,116,-6.37,6.18,-0.46,1.62,0.03
2026-09-03,Monthly,2018-11-01,2018-11-30,Metro,"Minneapolis, MN metro area",624,-6.63,275,-17.39,3.94,-0.46,1.78,-0.38
2026-09-03,Monthly,2018-11-01,2018-11-30,Metro,"Montgomery County, PA metro area",176,-81.3,217,-21.7,1.97,-6.43,2.37,-0.04
2026-09-03,Monthly,2018-11-01,2018-11-30,Metro,"Nashville, TN metro area",829,10.27,287,-0.14,5.36,-0.03,1.9,-0.2
2026-09-03,Monthly,2018-11-01,2018-11-30,Metro,"Nassau County, NY metro area",887,9.85,358,-2.81,6.24,0.22,2.44,-0.3
2026-09-03,Monthly,2018-11-01,2018-11-30,Metro,"New Brunswick, NJ metro area",1317,-0.98,435,-11.94,7.42,-0.48,2.5,-0.45
2026-09-03,Monthly,2018-11-01,2018-11-30,Metro,"New York, NY metro area",2895,14.46,1022,20.78,6.55,0.34,2.27,0.25
2026-09-03,Monthly,2018-11-01,2018-11-30,Metro,"Newark, NJ metro area",884,-5.29,432,-10.54,6.53,-0.17,2.8,-0.3
2026-09-03,Monthly,2018-11-01,2018-11-30,Metro,"Oakland, CA metro area",382,59.95,138,16.41,6.02,1.13,2.27,-0.22
2026-09-03,Monthly,2018-11-01,2018-11-30,Metro,"Orlando, FL metro area",679,-0.47,315,-2.41,4.19,-0.21,1.9,-0.12
2026-09-03,Monthly,2018-11-01,2018-11-30,Metro,"Philadelphia, PA metro area",218,-79.31,243,-20.43,2.57,-8.11,2.81,-0.25
2026-09-03,Monthly,2018-11-01,2018-11-30,Metro,"Phoenix, AZ metro area",1109,-10.1,526,-22.44,3.91,-0.36,1.84,-0.47
2026-09-03,Monthly,2018-11-01,2018-11-30,Metro,"Pittsburgh, PA metro area",551,0.06,182,14.45,4.57,0.49,1.42,0.18
2026-09-03,Monthly,2018-11-01,2018-11-30,Metro,"Portland, OR metro area",496,42.46,210,61.71,4.31,0.66,1.88,0.46
2026-09-03,Monthly,2018-11-01,2018-11-30,Metro,"Providence, RI metro area",490,22.41,156,-5.44,5.84,0.65,1.89,-0.29
2026-09-03,Monthly,2018-11-01,2018-11-30,Metro,"Riverside, CA metro area",1147,28.21,472,6.19,4.63,0.52,1.9,-0.11
2026-09-03,Monthly,2018-11-01,2018-11-30,Metro,"Sacramento, CA metro area",592,28.48,242,10.41,6.65,0.86,2.79,-0.04
2026-09-03,Monthly,2018-11-01,2018-11-30,Metro,"San Antonio, TX metro area",617,10.32,199,-7.06,5.03,0.27,1.6,-0.18
2026-09-03,Monthly,2018-11-01,2018-11-30,Metro,"San Diego, CA metro area",742,90.99,254,21.75,6.5,2.39,2.12,-0.05
2026-09-03,Monthly,2018-11-01,2018-11-30,Metro,"San Francisco, CA metro area",172,79.53,81,40.85,6.71,2.09,2.96,0.3
2026-09-03,Monthly,2018-11-01,2018-11-30,Metro,"San Jose, CA metro area",263,297.88,77,47.59,6.66,3.86,1.97,-0.26
2026-09-03,Monthly,2018-11-01,2018-11-30,Metro,"Seattle, WA metro area",631,103.46,222,55.1,5.24,1.57,1.95,0.17
2026-09-03,Monthly,2018-11-01,2018-11-30,Metro,"St. Louis, MO metro area",834,-4.49,320,-12.5,6.25,0.58,2.12,-0.17
2026-09-03,Monthly,2018-11-01,2018-11-30,Metro,"Tampa, FL metro area",903,21.07,368,4.41,3.77,0.37,1.52,-0.09
2026-09-03,Monthly,2018-11-01,2018-11-30,Metro,"Virginia Beach, VA metro area",548,-5.9,228,-18.48,4.85,0.04,1.93,-0.28
2026-09-03,Monthly,2018-11-01,2018-11-30,Metro,"Warren, MI metro area",767,19.11,280,3.99,6.36,0.88,2.35,0.01
2026-09-03,Monthly,2018-11-01,2018-11-30,Metro,"Washington, DC metro area",599,-73.4,501,-17.97,2.85,-7.41,2.44,-0.37
2026-09-03,Monthly,2018-11-01,2018-11-30,Metro,"West Palm Beach, FL metro area",901,-3.66,438,-8.55,5.27,-0.19,2.5,-0.25
2026-09-03,Monthly,2018-10-01,2018-10-31,Metro,"Anaheim, CA metro area",573,37.53,198,17.96,5.09,0.81,1.79,0.03
2026-09-03,Monthly,2018-10-01,2018-10-31,Metro,"Atlanta, GA metro area",2788,-3.04,631,-11.22,6.81,0.01,1.55,-0.14
2026-09-03,Monthly,2018-10-01,2018-10-31,Metro,"Austin, TX metro area",554,7.46,251,22.91,4.83,0.16,2.22,0.32
2026-09-03,Monthly,2018-10-01,2018-10-31,Metro,"Baltimore, MD metro area",276,-81.1,389,-11.68,2.02,-7.68,2.82,-0.09
2026-09-03,Monthly,2018-10-01,2018-10-31,Metro,"Boston, MA metro area",817,16.58,367,2.49,6,0.24,2.72,-0.25
2026-09-03,Monthly,2018-10-01,2018-10-31,Metro,"Charlotte, NC metro area",637,12.46,230,16.99,4.92,0.84,1.44,0.3
2026-09-03,Monthly,2018-10-01,2018-10-31,Metro,"Chicago, IL metro area",2386,8.33,1153,10.24,5.81,0.48,2.81,0.28
2026-09-03,Monthly,2018-10-01,2018-10-31,Metro,"Cincinnati, OH metro area",480,-0.81,175,-10.84,4.04,0.13,1.51,-0.06
2026-09-03,Monthly,2018-10-01,2018-10-31,Metro,"Cleveland, OH metro area",525,-3.75,206,-5.65,4.8,-0.04,1.93,-0.03
2026-09-03,Monthly,2018-10-01,2018-10-31,Metro,"Columbus, OH metro area",387,7.88,129,-11.88,4.17,0.34,1.4,-0.18
2026-09-03,Monthly,2018-10-01,2018-10-31,Metro,"Dallas, TX metro area",1265,31.94,576,20.38,5.34,0.8,2.43,0.15
2026-09-03,Monthly,2018-10-01,2018-10-31,Metro,"Denver, CO metro area",538,25.36,246,20.51,4.32,0.53,2.04,0.13
2026-09-03,Monthly,2018-10-01,2018-10-31,Metro,"Detroit, MI metro area",617,62.31,166,-4.75,8.13,2.62,2.28,-0.27
2026-09-03,Monthly,2018-10-01,2018-10-31,Metro,"Fort Lauderdale, FL metro area",1069,1.25,384,-7.59,5.61,-0.27,2.01,-0.29
2026-09-03,Monthly,2018-10-01,2018-10-31,Metro,"Fort Worth, TX metro area",476,13.49,218,1.66,4.66,0.2,2.14,-0.11
2026-09-03,Monthly,2018-10-01,2018-10-31,Metro,"Houston, TX metro area",2032,4.97,792,-8.31,5.64,0.08,2.23,-0.28
2026-09-03,Monthly,2018-10-01,2018-10-31,Metro,"Indianapolis, IN metro area",530,-9.56,193,-3.88,5.72,-0.14,2.05,0.03
2026-09-03,Monthly,2018-10-01,2018-10-31,Metro,"Jacksonville, FL metro area",514,38.46,199,5.63,3.99,0.57,1.58,-0.14
2026-09-03,Monthly,2018-10-01,2018-10-31,Metro,"Kansas City, MO metro area",432,16.83,148,-21.68,3.73,0.38,1.29,-0.38
2026-09-03,Monthly,2018-10-01,2018-10-31,Metro,"Las Vegas, NV metro area",642,43.63,210,-9.21,4.63,1.42,1.55,-0.16
2026-09-03,Monthly,2018-10-01,2018-10-31,Metro,"Los Angeles, CA metro area",1492,25.73,543,4.17,5.86,0.71,2.15,-0.13
2026-09-03,Monthly,2018-10-01,2018-10-31,Metro,"Miami, FL metro area",1395,-6.62,594,-7.28,6.14,-0.8,2.67,-0.36
2026-09-03,Monthly,2018-10-01,2018-10-31,Metro,"Milwaukee, WI metro area",252,-11.74,113,3.89,4.62,-0.19,1.73,0.29
2026-09-03,Monthly,2018-10-01,2018-10-31,Metro,"Minneapolis, MN metro area",634,-4.03,300,6.58,3.96,-0.17,1.94,0.12
2026-09-03,Monthly,2018-10-01,2018-10-31,Metro,"Montgomery County, PA metro area",185,-80.1,235,-11.26,2.04,-6.62,2.55,0.15
2026-09-03,Monthly,2018-10-01,2018-10-31,Metro,"Nashville, TN metro area",843,16.85,308,10.99,5.52,0.22,2.03,0.03
2026-09-03,Monthly,2018-10-01,2018-10-31,Metro,"Nassau County, NY metro area",917,9.23,320,-12.31,6.43,0.13,2.23,-0.44
2026-09-03,Monthly,2018-10-01,2018-10-31,Metro,"New Brunswick, NJ metro area",1208,-7.37,446,0.7,6.89,-0.84,2.56,-0.12
2026-09-03,Monthly,2018-10-01,2018-10-31,Metro,"New York, NY metro area",2789,14.06,1043,29.87,6.25,0.4,2.32,0.45
2026-09-03,Monthly,2018-10-01,2018-10-31,Metro,"Newark, NJ metro area",906,-2.07,435,-7.51,6.41,-0.38,2.93,-0.23
2026-09-03,Monthly,2018-10-01,2018-10-31,Metro,"Oakland, CA metro area",335,47.58,141,30.1,5.64,1.11,2.42,0.21
2026-09-03,Monthly,2018-10-01,2018-10-31,Metro,"Orlando, FL metro area",708,1.3,282,-3.81,4.35,-0.22,1.77,-0.09
2026-09-03,Monthly,2018-10-01,2018-10-31,Metro,"Philadelphia, PA metro area",199,-81.8,293,-10.3,2.3,-8.59,3.3,0.12
2026-09-03,Monthly,2018-10-01,2018-10-31,Metro,"Phoenix, AZ metro area",1152,-7.92,559,-15.84,4.14,-0.12,1.99,-0.27
2026-09-03,Monthly,2018-10-01,2018-10-31,Metro,"Pittsburgh, PA metro area",534,-5.33,167,-8.45,4.3,0.23,1.54,0.22
2026-09-03,Monthly,2018-10-01,2018-10-31,Metro,"Portland, OR metro area",467,52.97,165,16.79,4.11,0.85,1.49,-0.04
2026-09-03,Monthly,2018-10-01,2018-10-31,Metro,"Providence, RI metro area",414,21.25,165,-10.06,4.97,0.51,2,-0.39
2026-09-03,Monthly,2018-10-01,2018-10-31,Metro,"Riverside, CA metro area",1136,35.93,436,-2.51,4.71,0.88,1.79,-0.19
2026-09-03,Monthly,2018-10-01,2018-10-31,Metro,"Sacramento, CA metro area",548,15.39,246,3.21,6.25,0.38,2.91,-0.13
2026-09-03,Monthly,2018-10-01,2018-10-31,Metro,"San Antonio, TX metro area",666,21.48,246,21.57,5.22,0.66,1.97,0.3
2026-09-03,Monthly,2018-10-01,2018-10-31,Metro,"San Diego, CA metro area",632,70.59,206,3.28,5.09,1.28,1.8,-0.27
2026-09-03,Monthly,2018-10-01,2018-10-31,Metro,"San Francisco, CA metro area",162,52.75,65,6.16,6.51,1.53,2.45,-0.3
2026-09-03,Monthly,2018-10-01,2018-10-31,Metro,"San Jose, CA metro area",197,158.96,88,68.96,5.35,2.11,2.4,0.2
2026-09-03,Monthly,2018-10-01,2018-10-31,Metro,"Seattle, WA metro area",580,83.89,219,65.99,5,1.4,2,0.44
2026-09-03,Monthly,2018-10-01,2018-10-31,Metro,"St. Louis, MO metro area",791,-10.51,349,3.03,5.48,-0.24,2.29,0.15
2026-09-03,Monthly,2018-10-01,2018-10-31,Metro,"Tampa, FL metro area",829,-1.08,367,0.22,3.55,-0.24,1.55,-0.11
2026-09-03,Monthly,2018-10-01,2018-10-31,Metro,"Virginia Beach, VA metro area",549,-12.8,240,-4.9,4.8,-0.31,2.02,0.09
2026-09-03,Monthly,2018-10-01,2018-10-31,Metro,"Warren, MI metro area",812,30.85,275,-3.73,6.68,1.54,2.29,-0.1
2026-09-03,Monthly,2018-10-01,2018-10-31,Metro,"Washington, DC metro area",459,-80.12,537,-16.53,2.22,-8.2,2.6,-0.37
2026-09-03,Monthly,2018-10-01,2018-10-31,Metro,"West Palm Beach, FL metro area",901,-5.19,465,-11.11,5.19,-0.35,2.67,-0.37
2026-09-03,Monthly,2018-09-01,2018-09-30,Metro,"Anaheim, CA metro area",481,16.52,199,1.78,4.33,0.21,1.86,-0.18
2026-09-03,Monthly,2018-09-01,2018-09-30,Metro,"Atlanta, GA metro area",2853,2.6,620,7.55,7.05,0.62,1.56,0.2
2026-09-03,Monthly,2018-09-01,2018-09-30,Metro,"Austin, TX metro area",466,-7.72,224,-1.97,4.08,-0.51,2.03,-0.11
2026-09-03,Monthly,2018-09-01,2018-09-30,Metro,"Baltimore, MD metro area",967,-41.66,364,-17.67,7.12,-3.96,2.7,-0.27
2026-09-03,Monthly,2018-09-01,2018-09-30,Metro,"Boston, MA metro area",709,-4.15,357,-0.18,5.37,-0.45,2.74,-0.12
2026-09-03,Monthly,2018-09-01,2018-09-30,Metro,"Charlotte, NC metro area",590,0.96,222,7.12,3.84,0.38,1.4,0.2
2026-09-03,Monthly,2018-09-01,2018-09-30,Metro,"Chicago, IL metro area",2269,2.39,1141,2.45,5.55,0.2,2.82,0.12
2026-09-03,Monthly,2018-09-01,2018-09-30,Metro,"Cincinnati, OH metro area",431,-20.38,172,-9.99,3.57,-0.68,1.47,-0.12
2026-09-03,Monthly,2018-09-01,2018-09-30,Metro,"Cleveland, OH metro area",505,-6.33,221,-5.9,4.62,-0.11,2.03,-0.07
2026-09-03,Monthly,2018-09-01,2018-09-30,Metro,"Columbus, OH metro area",368,-5.28,116,-20.45,3.99,-0.1,1.25,-0.26
2026-09-03,Monthly,2018-09-01,2018-09-30,Metro,"Dallas, TX metro area",1192,20.06,581,18.26,5.14,0.39,2.51,0.17
2026-09-03,Monthly,2018-09-01,2018-09-30,Metro,"Denver, CO metro area",490,-6.68,234,2.51,4.06,-0.44,2.01,-0.05
2026-09-03,Monthly,2018-09-01,2018-09-30,Metro,"Detroit, MI metro area",505,-3.95,168,11.61,6.75,-0.84,2.25,0.05
2026-09-03,Monthly,2018-09-01,2018-09-30,Metro,"Fort Lauderdale, FL metro area",974,2.41,403,55.94,5.2,-0.36,2.13,0.61
2026-09-03,Monthly,2018-09-01,2018-09-30,Metro,"Fort Worth, TX metro area",484,11.67,208,9.99,4.75,0.18,2.05,0.03
2026-09-03,Monthly,2018-09-01,2018-09-30,Metro,"Houston, TX metro area",1968,-37.74,731,-5.63,5.59,-3.28,2.1,-0.12
2026-09-03,Monthly,2018-09-01,2018-09-30,Metro,"Indianapolis, IN metro area",520,-11.3,192,-18.98,5.68,0,2.08,-0.22
2026-09-03,Monthly,2018-09-01,2018-09-30,Metro,"Jacksonville, FL metro area",508,13.96,193,24.56,4.02,-0.22,1.56,0.12
2026-09-03,Monthly,2018-09-01,2018-09-30,Metro,"Kansas City, MO metro area",390,8.38,215,31.85,3.56,0.3,1.85,0.39
2026-09-03,Monthly,2018-09-01,2018-09-30,Metro,"Las Vegas, NV metro area",547,6.15,249,-1.12,4.17,0.47,1.95,0.12
2026-09-03,Monthly,2018-09-01,2018-09-30,Metro,"Los Angeles, CA metro area",1339,11.91,547,-0.95,5.41,0.27,2.19,-0.18
2026-09-03,Monthly,2018-09-01,2018-09-30,Metro,"Miami, FL metro area",1451,5.85,579,52.03,6.42,-0.01,2.64,0.74
2026-09-03,Monthly,2018-09-01,2018-09-30,Metro,"Milwaukee, WI metro area",242,-15.89,84,-32.05,3.37,-0.14,1.24,-0.38
2026-09-03,Monthly,2018-09-01,2018-09-30,Metro,"Minneapolis, MN metro area",596,-7.49,281,-12.94,3.7,-0.29,1.82,-0.23
2026-09-03,Monthly,2018-09-01,2018-09-30,Metro,"Montgomery County, PA metro area",539,-47.18,289,5.08,5.88,-3.43,3.1,0.56
2026-09-03,Monthly,2018-09-01,2018-09-30,Metro,"Nashville, TN metro area",805,6.64,302,8.99,5.36,-0.19,2.03,0
2026-09-03,Monthly,2018-09-01,2018-09-30,Metro,"Nassau County, NY metro area",815,-10.36,352,-1.9,5.79,-0.93,2.51,-0.14
2026-09-03,Monthly,2018-09-01,2018-09-30,Metro,"New Brunswick, NJ metro area",1166,-1.74,432,-2.75,6.86,-0.33,2.5,-0.14
2026-09-03,Monthly,2018-09-01,2018-09-30,Metro,"New York, NY metro area",2773,21.5,1010,24.69,6.37,1.02,2.28,0.38
2026-09-03,Monthly,2018-09-01,2018-09-30,Metro,"Newark, NJ metro area",906,-12.17,447,0.35,6.16,-0.91,3.17,0.25
2026-09-03,Monthly,2018-09-01,2018-09-30,Metro,"Oakland, CA metro area",314,35.29,143,21.13,5.44,0.85,2.49,0.11
2026-09-03,Monthly,2018-09-01,2018-09-30,Metro,"Orlando, FL metro area",643,-8.49,287,33.81,3.99,-0.72,1.88,0.3
2026-09-03,Monthly,2018-09-01,2018-09-30,Metro,"Philadelphia, PA metro area",658,-58.12,278,-17.45,7.65,-8.09,3.21,-0.15
2026-09-03,Monthly,2018-09-01,2018-09-30,Metro,"Phoenix, AZ metro area",1148,-5.4,535,-16.27,4.08,-0.02,1.91,-0.25
2026-09-03,Monthly,2018-09-01,2018-09-30,Metro,"Pittsburgh, PA metro area",518,-6.13,176,23.53,4.13,0.23,1.49,0.38
2026-09-03,Monthly,2018-09-01,2018-09-30,Metro,"Portland, OR metro area",457,32.8,183,29.85,4.04,0.4,1.66,0.13
2026-09-03,Monthly,2018-09-01,2018-09-30,Metro,"Providence, RI metro area",359,0.43,176,-2.61,4.4,-0.15,2.16,-0.21
2026-09-03,Monthly,2018-09-01,2018-09-30,Metro,"Riverside, CA metro area",1091,27.15,436,-5.33,4.57,0.65,1.87,-0.23
2026-09-03,Monthly,2018-09-01,2018-09-30,Metro,"Sacramento, CA metro area",526,9.67,241,-0.58,6.07,0.12,2.85,-0.24
2026-09-03,Monthly,2018-09-01,2018-09-30,Metro,"San Antonio, TX metro area",580,5.9,196,-14.73,4.94,0.32,1.63,-0.23
2026-09-03,Monthly,2018-09-01,2018-09-30,Metro,"San Diego, CA metro area",591,56.97,212,17.1,5.44,1.62,1.89,-0.03
2026-09-03,Monthly,2018-09-01,2018-09-30,Metro,"San Francisco, CA metro area",141,30.73,74,18.16,5.75,0.78,2.98,0.19
2026-09-03,Monthly,2018-09-01,2018-09-30,Metro,"San Jose, CA metro area",220,183.05,89,81.26,6.39,3.21,2.58,0.57
2026-09-03,Monthly,2018-09-01,2018-09-30,Metro,"Seattle, WA metro area",551,103.07,193,10.5,5.01,1.92,1.8,-0.26
2026-09-03,Monthly,2018-09-01,2018-09-30,Metro,"St. Louis, MO metro area",750,-18.69,342,-13.46,4.83,-1.16,2.24,-0.18
2026-09-03,Monthly,2018-09-01,2018-09-30,Metro,"Tampa, FL metro area",796,-4.12,338,16.65,3.35,-0.68,1.44,0.05
2026-09-03,Monthly,2018-09-01,2018-09-30,Metro,"Virginia Beach, VA metro area",551,-9.49,215,-14.65,4.85,-0.15,1.76,-0.17
2026-09-03,Monthly,2018-09-01,2018-09-30,Metro,"Warren, MI metro area",737,13.5,289,3.38,6.09,0.8,2.42,0.12
2026-09-03,Monthly,2018-09-01,2018-09-30,Metro,"Washington, DC metro area",1437,-37.56,575,-11.31,7.32,-3.15,2.88,-0.03
2026-09-03,Monthly,2018-09-01,2018-09-30,Metro,"West Palm Beach, FL metro area",966,16.37,485,54.08,5.49,0.4,2.79,0.82
2026-09-03,Monthly,2018-08-01,2018-08-31,Metro,"Anaheim, CA metro area",453,8.78,209,-4.13,4.26,0.2,2.02,-0.19
2026-09-03,Monthly,2018-08-01,2018-08-31,Metro,"Atlanta, GA metro area",2706,-8.93,537,-11.33,6.77,0.07,1.37,-0.01
2026-09-03,Monthly,2018-08-01,2018-08-31,Metro,"Austin, TX metro area",513,2.51,238,15.99,4.7,0.09,2.13,0.23
2026-09-03,Monthly,2018-08-01,2018-08-31,Metro,"Baltimore, MD metro area",871,-55.22,405,-2.67,6.34,-6.74,2.96,0.16
2026-09-03,Monthly,2018-08-01,2018-08-31,Metro,"Boston, MA metro area",742,-0.81,303,-5.31,5.91,-0.11,2.5,-0.18
2026-09-03,Monthly,2018-08-01,2018-08-31,Metro,"Charlotte, NC metro area",588,4.17,216,4.05,3.7,0.42,1.35,0.16
2026-09-03,Monthly,2018-08-01,2018-08-31,Metro,"Chicago, IL metro area",2227,0.42,1101,-2.13,5.46,0.14,2.74,0.02
2026-09-03,Monthly,2018-08-01,2018-08-31,Metro,"Cincinnati, OH metro area",407,-12.65,187,-6.93,3.34,-0.36,1.55,-0.02
2026-09-03,Monthly,2018-08-01,2018-08-31,Metro,"Cleveland, OH metro area",479,-10.04,202,-13.15,4.37,-0.31,1.91,-0.17
2026-09-03,Monthly,2018-08-01,2018-08-31,Metro,"Columbus, OH metro area",379,6.46,134,-15.31,4.1,0.46,1.45,-0.21
2026-09-03,Monthly,2018-08-01,2018-08-31,Metro,"Dallas, TX metro area",1174,22.15,498,12.04,5.15,0.48,2.15,0
2026-09-03,Monthly,2018-08-01,2018-08-31,Metro,"Denver, CO metro area",486,5.16,209,-5.83,4.16,0.16,1.86,-0.15
2026-09-03,Monthly,2018-08-01,2018-08-31,Metro,"Detroit, MI metro area",477,-12.29,160,0.91,6.37,-1.36,2.19,-0.15
2026-09-03,Monthly,2018-08-01,2018-08-31,Metro,"Fort Lauderdale, FL metro area",1000,-11.83,377,-7,5.42,-0.69,2.04,-0.12
2026-09-03,Monthly,2018-08-01,2018-08-31,Metro,"Fort Worth, TX metro area",468,14.38,204,3.63,4.62,0.29,2,-0.08
2026-09-03,Monthly,2018-08-01,2018-08-31,Metro,"Houston, TX metro area",1911,-16.19,750,15.81,5.42,-0.98,2.15,0.29
2026-09-03,Monthly,2018-08-01,2018-08-31,Metro,"Indianapolis, IN metro area",485,-21.84,182,-19.66,5.29,-0.67,1.97,-0.21
2026-09-03,Monthly,2018-08-01,2018-08-31,Metro,"Jacksonville, FL metro area",508,30.58,171,-14.55,4.04,0.49,1.42,-0.37
2026-09-03,Monthly,2018-08-01,2018-08-31,Metro,"Kansas City, MO metro area",358,-10.93,186,14.08,3.3,-0.24,1.59,0.14
2026-09-03,Monthly,2018-08-01,2018-08-31,Metro,"Las Vegas, NV metro area",492,-5.35,260,-5.96,3.87,0.33,2.13,0.19
2026-09-03,Monthly,2018-08-01,2018-08-31,Metro,"Los Angeles, CA metro area",1314,11.74,508,-1.08,5.44,0.47,2.09,-0.06
2026-09-03,Monthly,2018-08-01,2018-08-31,Metro,"Miami, FL metro area",1416,-10.4,583,-5.24,6.56,-1.14,2.71,-0.12
2026-09-03,Monthly,2018-08-01,2018-08-31,Metro,"Milwaukee, WI metro area",243,-18.67,104,-30.45,3.08,-0.3,1.55,-0.33
2026-09-03,Monthly,2018-08-01,2018-08-31,Metro,"Minneapolis, MN metro area",582,-12.75,298,-8.62,3.62,-0.44,1.93,-0.12
2026-09-03,Monthly,2018-08-01,2018-08-31,Metro,"Montgomery County, PA metro area",524,-49.78,237,-28.48,5.79,-4.05,2.47,-0.53
2026-09-03,Monthly,2018-08-01,2018-08-31,Metro,"Nashville, TN metro area",788,2.18,296,17.63,5.25,-0.44,1.97,0.1
2026-09-03,Monthly,2018-08-01,2018-08-31,Metro,"Nassau County, NY metro area",846,-1.61,354,3.26,6.01,-0.33,2.52,-0.02
2026-09-03,Monthly,2018-08-01,2018-08-31,Metro,"New Brunswick, NJ metro area",1170,-9.14,463,-0.41,6.82,-0.85,2.67,-0.08
2026-09-03,Monthly,2018-08-01,2018-08-31,Metro,"New York, NY metro area",2655,7.72,946,25.85,6,0.12,2.15,0.39
2026-09-03,Monthly,2018-08-01,2018-08-31,Metro,"Newark, NJ metro area",1011,3.96,407,-10.6,6.92,0.38,2.78,-0.33
2026-09-03,Monthly,2018-08-01,2018-08-31,Metro,"Oakland, CA metro area",301,31.65,115,4.27,5.51,1,2.14,-0.07
2026-09-03,Monthly,2018-08-01,2018-08-31,Metro,"Orlando, FL metro area",633,-10.74,298,-7.89,3.95,-0.42,1.89,-0.06
2026-09-03,Monthly,2018-08-01,2018-08-31,Metro,"Philadelphia, PA metro area",658,-70.48,295,-6.41,7.66,-14.69,3.37,0.27
2026-09-03,Monthly,2018-08-01,2018-08-31,Metro,"Phoenix, AZ metro area",1135,-6.1,540,-18.05,4.03,-0.02,1.93,-0.27
2026-09-03,Monthly,2018-08-01,2018-08-31,Metro,"Pittsburgh, PA metro area",556,-2.24,171,-20.67,4.32,0.21,1.36,-0.2
2026-09-03,Monthly,2018-08-01,2018-08-31,Metro,"Portland, OR metro area",402,20.05,168,40.68,3.68,0.11,1.57,0.27
2026-09-03,Monthly,2018-08-01,2018-08-31,Metro,"Providence, RI metro area",363,5.79,168,2.61,4.48,-0.07,2.07,-0.08
2026-09-03,Monthly,2018-08-01,2018-08-31,Metro,"Riverside, CA metro area",1007,12.42,406,-15.98,4.28,0.24,1.77,-0.39
2026-09-03,Monthly,2018-08-01,2018-08-31,Metro,"Sacramento, CA metro area",480,14.13,257,6.74,5.62,0.46,3.01,0.11
2026-09-03,Monthly,2018-08-01,2018-08-31,Metro,"San Antonio, TX metro area",603,10.05,178,-0.71,4.79,0.23,1.47,-0.04
2026-09-03,Monthly,2018-08-01,2018-08-31,Metro,"San Diego, CA metro area",490,24.17,175,-1.08,4.45,0.2,1.63,-0.23
2026-09-03,Monthly,2018-08-01,2018-08-31,Metro,"San Francisco, CA metro area",126,2.77,77,45.87,5.76,-0.12,3.29,0.88
2026-09-03,Monthly,2018-08-01,2018-08-31,Metro,"San Jose, CA metro area",188,197.07,71,32.89,5.97,3.51,2.26,0.17
2026-09-03,Monthly,2018-08-01,2018-08-31,Metro,"Seattle, WA metro area",475,52.17,171,16.04,4.6,1.08,1.74,0.03
2026-09-03,Monthly,2018-08-01,2018-08-31,Metro,"St. Louis, MO metro area",811,-10.95,300,-16.75,5.28,-0.63,1.96,-0.32
2026-09-03,Monthly,2018-08-01,2018-08-31,Metro,"Tampa, FL metro area",813,-4.12,343,1.15,3.49,-0.24,1.5,0
2026-09-03,Monthly,2018-08-01,2018-08-31,Metro,"Virginia Beach, VA metro area",581,5.05,208,-17.85,4.97,0.42,1.73,-0.26
2026-09-03,Monthly,2018-08-01,2018-08-31,Metro,"Warren, MI metro area",634,-6.37,267,-2.05,5.24,-0.23,2.24,0
2026-09-03,Monthly,2018-08-01,2018-08-31,Metro,"Washington, DC metro area",1321,-45.85,591,-11.29,6.72,-4.32,2.97,-0.04
2026-09-03,Monthly,2018-08-01,2018-08-31,Metro,"West Palm Beach, FL metro area",929,-5.9,448,-1.78,5.3,-0.23,2.6,-0.01
2026-09-03,Monthly,2018-07-01,2018-07-31,Metro,"Anaheim, CA metro area",512,13.07,163,-25.74,4.8,0.45,1.59,-0.58
2026-09-03,Monthly,2018-07-01,2018-07-31,Metro,"Atlanta, GA metro area",2785,-3.19,600,-3.07,7.04,0.63,1.53,0.14
2026-09-03,Monthly,2018-07-01,2018-07-31,Metro,"Austin, TX metro area",460,-1.13,228,14.66,4.24,-0.08,2.12,0.27
2026-09-03,Monthly,2018-07-01,2018-07-31,Metro,"Baltimore, MD metro area",867,-57.24,453,3.13,6.19,-6.99,3.31,0.41
2026-09-03,Monthly,2018-07-01,2018-07-31,Metro,"Boston, MA metro area",744,4.97,311,-8.64,5.91,0.26,2.61,-0.25
2026-09-03,Monthly,2018-07-01,2018-07-31,Metro,"Charlotte, NC metro area",592,-4.57,204,0.45,3.35,0.14,1.27,0.12
2026-09-03,Monthly,2018-07-01,2018-07-31,Metro,"Chicago, IL metro area",2282,3.81,1110,0.34,5.58,0.34,2.76,0.09
2026-09-03,Monthly,2018-07-01,2018-07-31,Metro,"Cincinnati, OH metro area",390,-20.29,203,10.86,3.15,-0.57,1.64,0.21
2026-09-03,Monthly,2018-07-01,2018-07-31,Metro,"Cleveland, OH metro area",490,6.99,201,-4.51,4.43,0.44,1.89,-0.03
2026-09-03,Monthly,2018-07-01,2018-07-31,Metro,"Columbus, OH metro area",354,-3.04,127,-19.08,3.73,0.04,1.39,-0.23
2026-09-03,Monthly,2018-07-01,2018-07-31,Metro,"Dallas, TX metro area",1178,31.78,501,20.99,5.16,0.75,2.21,0.16
2026-09-03,Monthly,2018-07-01,2018-07-31,Metro,"Denver, CO metro area",469,-5.77,207,-2.06,3.98,-0.34,1.89,-0.02
2026-09-03,Monthly,2018-07-01,2018-07-31,Metro,"Detroit, MI metro area",465,4.44,153,-10.34,6.37,0.16,2.12,-0.26
2026-09-03,Monthly,2018-07-01,2018-07-31,Metro,"Fort Lauderdale, FL metro area",1068,-8.36,395,-1.51,5.74,-0.4,2.14,0.02
2026-09-03,Monthly,2018-07-01,2018-07-31,Metro,"Fort Worth, TX metro area",461,24.74,194,-4.44,4.53,0.62,1.9,-0.26
2026-09-03,Monthly,2018-07-01,2018-07-31,Metro,"Houston, TX metro area",1886,-5.94,785,9.83,5.42,-0.16,2.27,0.26
2026-09-03,Monthly,2018-07-01,2018-07-31,Metro,"Indianapolis, IN metro area",560,-4.78,182,-24.61,6.15,0.53,2.01,-0.28
2026-09-03,Monthly,2018-07-01,2018-07-31,Metro,"Jacksonville, FL metro area",455,15.4,191,4.42,3.76,0.13,1.6,-0.06
2026-09-03,Monthly,2018-07-01,2018-07-31,Metro,"Kansas City, MO metro area",395,-6.77,154,-1.25,3.49,-0.13,1.34,-0.06
2026-09-03,Monthly,2018-07-01,2018-07-31,Metro,"Las Vegas, NV metro area",474,-11.7,226,-15.33,3.43,-0.33,1.62,-0.22
2026-09-03,Monthly,2018-07-01,2018-07-31,Metro,"Los Angeles, CA metro area",1372,10.48,550,1.61,5.7,0.53,2.27,0.03
2026-09-03,Monthly,2018-07-01,2018-07-31,Metro,"Miami, FL metro area",1426,-3.33,533,-11.51,6.85,-0.35,2.45,-0.31
2026-09-03,Monthly,2018-07-01,2018-07-31,Metro,"Milwaukee, WI metro area",219,-24.22,95,-29.04,2.45,-0.27,1.41,-0.32
2026-09-03,Monthly,2018-07-01,2018-07-31,Metro,"Minneapolis, MN metro area",549,-23.54,298,-2.78,3.42,-0.84,1.96,0.06
2026-09-03,Monthly,2018-07-01,2018-07-31,Metro,"Montgomery County, PA metro area",554,-49.57,252,-12.72,5.82,-4.46,2.59,0.02
2026-09-03,Monthly,2018-07-01,2018-07-31,Metro,"Nashville, TN metro area",833,18.02,288,6.29,5.66,0.46,1.93,-0.08
2026-09-03,Monthly,2018-07-01,2018-07-31,Metro,"Nassau County, NY metro area",830,-8.99,375,7.42,6.01,-0.64,2.69,0.11
2026-09-03,Monthly,2018-07-01,2018-07-31,Metro,"New Brunswick, NJ metro area",1143,-13.02,465,0.95,6.59,-1.14,2.68,0.01
2026-09-03,Monthly,2018-07-01,2018-07-31,Metro,"New York, NY metro area",2674,6.07,975,32.38,6.09,0.15,2.18,0.47
2026-09-03,Monthly,2018-07-01,2018-07-31,Metro,"Newark, NJ metro area",935,-5.5,416,-12.36,6.25,-0.05,2.86,-0.26
2026-09-03,Monthly,2018-07-01,2018-07-31,Metro,"Oakland, CA metro area",278,8.46,118,2.12,5.26,0.26,2.22,-0.03
2026-09-03,Monthly,2018-07-01,2018-07-31,Metro,"Orlando, FL metro area",645,-7.86,278,-10.99,4.13,-0.05,1.78,-0.11
2026-09-03,Monthly,2018-07-01,2018-07-31,Metro,"Philadelphia, PA metro area",598,-74.05,282,-17.22,6.91,-15.81,3.21,-0.13
2026-09-03,Monthly,2018-07-01,2018-07-31,Metro,"Phoenix, AZ metro area",1083,-14.91,582,-1.22,3.81,-0.45,2.08,0.1
2026-09-03,Monthly,2018-07-01,2018-07-31,Metro,"Pittsburgh, PA metro area",520,-12.08,213,18.75,4,-0.25,1.57,0.15
2026-09-03,Monthly,2018-07-01,2018-07-31,Metro,"Portland, OR metro area",385,14.04,162,21.28,3.49,-0.08,1.52,0.06
2026-09-03,Monthly,2018-07-01,2018-07-31,Metro,"Providence, RI metro area",355,-1.26,159,-12.35,4.46,-0.15,1.97,-0.36
2026-09-03,Monthly,2018-07-01,2018-07-31,Metro,"Riverside, CA metro area",969,-0.52,429,-11.15,4.13,-0.14,1.91,-0.28
2026-09-03,Monthly,2018-07-01,2018-07-31,Metro,"Sacramento, CA metro area",476,10.49,265,10.68,5.82,0.39,3.29,0.23
2026-09-03,Monthly,2018-07-01,2018-07-31,Metro,"San Antonio, TX metro area",574,0.85,203,-17.38,4.66,-0.03,1.62,-0.35
2026-09-03,Monthly,2018-07-01,2018-07-31,Metro,"San Diego, CA metro area",446,16.66,200,-6.22,4.21,0.36,1.91,-0.31
2026-09-03,Monthly,2018-07-01,2018-07-31,Metro,"San Francisco, CA metro area",150,17.04,70,8.67,6.95,0.81,3.03,0.14
2026-09-03,Monthly,2018-07-01,2018-07-31,Metro,"San Jose, CA metro area",163,81.27,61,0.96,5.51,2.09,2.02,-0.23
2026-09-03,Monthly,2018-07-01,2018-07-31,Metro,"Seattle, WA metro area",448,61.18,163,4.28,4.57,1.46,1.69,-0.1
2026-09-03,Monthly,2018-07-01,2018-07-31,Metro,"St. Louis, MO metro area",823,-7.98,357,-16.44,5.35,-0.04,2.4,-0.3
2026-09-03,Monthly,2018-07-01,2018-07-31,Metro,"Tampa, FL metro area",803,-5.52,350,-0.29,3.5,-0.25,1.53,0
2026-09-03,Monthly,2018-07-01,2018-07-31,Metro,"Virginia Beach, VA metro area",554,-9.45,225,-7.34,4.67,-0.29,1.93,-0.05
2026-09-03,Monthly,2018-07-01,2018-07-31,Metro,"Warren, MI metro area",643,-0.28,293,9.61,5.39,0.22,2.48,0.3
2026-09-03,Monthly,2018-07-01,2018-07-31,Metro,"Washington, DC metro area",1252,-50.48,611,-0.05,6.26,-5.19,3.05,0.31
2026-09-03,Monthly,2018-07-01,2018-07-31,Metro,"West Palm Beach, FL metro area",954,-5.11,424,1.84,5.4,-0.17,2.46,0.1
2026-09-03,Monthly,2018-06-01,2018-06-30,Metro,"Anaheim, CA metro area",458,13.33,187,-15.51,4.25,0.46,1.82,-0.3
2026-09-03,Monthly,2018-06-01,2018-06-30,Metro,"Atlanta, GA metro area",2574,-5.81,634,4.37,6.53,0.44,1.62,0.28
2026-09-03,Monthly,2018-06-01,2018-06-30,Metro,"Austin, TX metro area",461,-1.42,227,-2.96,4.25,-0.1,2.12,-0.04
2026-09-03,Monthly,2018-06-01,2018-06-30,Metro,"Baltimore, MD metro area",814,-60.74,421,-10.38,5.69,-7.69,3.08,-0.03
2026-09-03,Monthly,2018-06-01,2018-06-30,Metro,"Boston, MA metro area",712,-6.72,332,-13.19,5.44,-0.59,2.69,-0.5
2026-09-03,Monthly,2018-06-01,2018-06-30,Metro,"Charlotte, NC metro area",573,-1.61,215,8.43,2.99,0.19,1.35,0.22
2026-09-03,Monthly,2018-06-01,2018-06-30,Metro,"Chicago, IL metro area",2208,-6.73,1123,0.72,5.43,-0.12,2.84,0.19
2026-09-03,Monthly,2018-06-01,2018-06-30,Metro,"Cincinnati, OH metro area",402,-14.54,176,-22.36,3.21,-0.35,1.5,-0.24
2026-09-03,Monthly,2018-06-01,2018-06-30,Metro,"Cleveland, OH metro area",454,-10.18,232,-3.95,4.09,-0.26,2.11,-0.01
2026-09-03,Monthly,2018-06-01,2018-06-30,Metro,"Columbus, OH metro area",342,-0.29,131,-14.35,3.63,0.09,1.43,-0.18
2026-09-03,Monthly,2018-06-01,2018-06-30,Metro,"Dallas, TX metro area",1085,22.48,501,28.38,4.76,0.37,2.2,0.26
2026-09-03,Monthly,2018-06-01,2018-06-30,Metro,"Denver, CO metro area",442,-6.98,197,-11.85,3.8,-0.24,1.78,-0.24
2026-09-03,Monthly,2018-06-01,2018-06-30,Metro,"Detroit, MI metro area",413,-7.33,163,14.16,5.7,-0.61,2.17,0.2
2026-09-03,Monthly,2018-06-01,2018-06-30,Metro,"Fort Lauderdale, FL metro area",1106,0.14,374,-7.3,5.87,0.1,2.02,-0.12
2026-09-03,Monthly,2018-06-01,2018-06-30,Metro,"Fort Worth, TX metro area",461,20.52,200,17.91,4.42,0.31,1.96,0.15
2026-09-03,Monthly,2018-06-01,2018-06-30,Metro,"Houston, TX metro area",1829,-4.24,834,9.73,5.36,-0.04,2.44,0.3
2026-09-03,Monthly,2018-06-01,2018-06-30,Metro,"Indianapolis, IN metro area",485,-24.75,205,-14.27,5.3,-0.57,2.34,0.09
2026-09-03,Monthly,2018-06-01,2018-06-30,Metro,"Jacksonville, FL metro area",398,-1.08,166,-14.01,3.4,-0.31,1.46,-0.31
2026-09-03,Monthly,2018-06-01,2018-06-30,Metro,"Kansas City, MO metro area",400,9.49,179,-3.14,3.51,0.24,1.57,-0.09
2026-09-03,Monthly,2018-06-01,2018-06-30,Metro,"Las Vegas, NV metro area",453,-12.74,216,-24.17,3.29,-0.25,1.52,-0.36
2026-09-03,Monthly,2018-06-01,2018-06-30,Metro,"Los Angeles, CA metro area",1276,6.9,525,-11.12,5.32,0.4,2.16,-0.28
2026-09-03,Monthly,2018-06-01,2018-06-30,Metro,"Miami, FL metro area",1510,2.09,553,-8.06,7.41,0.39,2.55,-0.24
2026-09-03,Monthly,2018-06-01,2018-06-30,Metro,"Milwaukee, WI metro area",253,-7.4,117,-11.13,2.48,0.17,1.67,0.07
2026-09-03,Monthly,2018-06-01,2018-06-30,Metro,"Minneapolis, MN metro area",536,-14.69,284,-16.99,3.35,-0.31,1.86,-0.25
2026-09-03,Monthly,2018-06-01,2018-06-30,Metro,"Montgomery County, PA metro area",556,-51.56,278,4.62,5.83,-4.79,2.92,0.45
2026-09-03,Monthly,2018-06-01,2018-06-30,Metro,"Nashville, TN metro area",791,11.9,305,17.68,5.44,0.21,2.11,0.17
2026-09-03,Monthly,2018-06-01,2018-06-30,Metro,"Nassau County, NY metro area",806,-7.94,366,7.07,5.86,-0.48,2.63,0.21
2026-09-03,Monthly,2018-06-01,2018-06-30,Metro,"New Brunswick, NJ metro area",1096,-14.94,466,-1.71,6.38,-1.12,2.68,-0.07
2026-09-03,Monthly,2018-06-01,2018-06-30,Metro,"New York, NY metro area",2986,47.06,924,15.27,6.69,2.1,2.06,0.26
2026-09-03,Monthly,2018-06-01,2018-06-30,Metro,"Newark, NJ metro area",962,-6.97,417,-12.82,6.16,-0.57,2.88,-0.16
2026-09-03,Monthly,2018-06-01,2018-06-30,Metro,"Oakland, CA metro area",293,25.09,110,-14.69,5.45,0.97,2.01,-0.45
2026-09-03,Monthly,2018-06-01,2018-06-30,Metro,"Orlando, FL metro area",630,-4.87,275,-16.24,3.84,0.04,1.77,-0.15
2026-09-03,Monthly,2018-06-01,2018-06-30,Metro,"Philadelphia, PA metro area",652,-72.37,318,6.39,7.28,-15.81,3.51,0.64
2026-09-03,Monthly,2018-06-01,2018-06-30,Metro,"Phoenix, AZ metro area",1089,-18.96,584,-5.71,3.79,-0.61,2.07,0.02
2026-09-03,Monthly,2018-06-01,2018-06-30,Metro,"Pittsburgh, PA metro area",522,-9.94,187,5.74,3.98,-0.19,1.36,0.21
2026-09-03,Monthly,2018-06-01,2018-06-30,Metro,"Portland, OR metro area",377,15.45,158,9.48,3.46,-0.03,1.5,-0.08
2026-09-03,Monthly,2018-06-01,2018-06-30,Metro,"Providence, RI metro area",358,-11.96,184,4.38,4.36,-0.77,2.32,0.08
2026-09-03,Monthly,2018-06-01,2018-06-30,Metro,"Riverside, CA metro area",954,-1.08,414,-19.65,4.09,-0.09,1.85,-0.45
2026-09-03,Monthly,2018-06-01,2018-06-30,Metro,"Sacramento, CA metro area",496,9.13,228,-2.61,6.04,0.31,2.84,-0.15
2026-09-03,Monthly,2018-06-01,2018-06-30,Metro,"San Antonio, TX metro area",558,5.92,195,-19.16,4.55,0.08,1.61,-0.4
2026-09-03,Monthly,2018-06-01,2018-06-30,Metro,"San Diego, CA metro area",448,13.84,186,1.26,4.32,0.43,1.81,-0.07
2026-09-03,Monthly,2018-06-01,2018-06-30,Metro,"San Francisco, CA metro area",121,-21.62,56,4.93,5.41,-1.46,2.36,0.14
2026-09-03,Monthly,2018-06-01,2018-06-30,Metro,"San Jose, CA metro area",154,51,55,-9.12,5.36,1.8,1.92,-0.2
2026-09-03,Monthly,2018-06-01,2018-06-30,Metro,"Seattle, WA metro area",358,24.78,154,2.03,3.71,0.46,1.63,-0.11
2026-09-03,Monthly,2018-06-01,2018-06-30,Metro,"St. Louis, MO metro area",812,-8.65,324,-13.3,5.44,0.03,2.16,-0.16
2026-09-03,Monthly,2018-06-01,2018-06-30,Metro,"Tampa, FL metro area",783,-3.3,324,-12.79,3.5,-0.03,1.42,-0.2
2026-09-03,Monthly,2018-06-01,2018-06-30,Metro,"Virginia Beach, VA metro area",500,-14.96,255,2.46,4.24,-0.56,2.26,0.15
2026-09-03,Monthly,2018-06-01,2018-06-30,Metro,"Warren, MI metro area",637,-2.86,265,-11.32,5.36,0.09,2.24,-0.19
2026-09-03,Monthly,2018-06-01,2018-06-30,Metro,"Washington, DC metro area",1203,-54.08,616,-4,5.93,-5.76,2.94,0.1
2026-09-03,Monthly,2018-06-01,2018-06-30,Metro,"West Palm Beach, FL metro area",972,-6.46,424,6.72,5.38,-0.31,2.44,0.21
2026-09-03,Monthly,2018-05-01,2018-05-31,Metro,"Anaheim, CA metro area",442,-1.27,195,-14.03,4.09,0.03,1.9,-0.23
2026-09-03,Monthly,2018-05-01,2018-05-31,Metro,"Atlanta, GA metro area",2489,-10.21,591,-19.52,6.4,0.32,1.53,-0.08
2026-09-03,Monthly,2018-05-01,2018-05-31,Metro,"Austin, TX metro area",441,-10.52,208,-12.79,3.99,-0.51,1.93,-0.28
2026-09-03,Monthly,2018-05-01,2018-05-31,Metro,"Baltimore, MD metro area",797,-59.73,442,0.37,5.56,-7.19,3.2,0.32
2026-09-03,Monthly,2018-05-01,2018-05-31,Metro,"Boston, MA metro area",724,-5.22,337,-6.29,5.41,-0.3,2.76,-0.16
2026-09-03,Monthly,2018-05-01,2018-05-31,Metro,"Charlotte, NC metro area",578,-1.87,216,1.26,2.93,0.31,1.35,0.15
2026-09-03,Monthly,2018-05-01,2018-05-31,Metro,"Chicago, IL metro area",2200,-3.92,1095,-0.6,5.46,0.16,2.81,0.2
2026-09-03,Monthly,2018-05-01,2018-05-31,Metro,"Cincinnati, OH metro area",441,-9.33,195,0.73,3.58,-0.05,1.59,0.12
2026-09-03,Monthly,2018-05-01,2018-05-31,Metro,"Cleveland, OH metro area",495,-20.35,218,-6.36,4.53,-0.69,2.03,0.01
2026-09-03,Monthly,2018-05-01,2018-05-31,Metro,"Columbus, OH metro area",299,-13.37,154,-5.64,3.25,-0.31,1.73,0
2026-09-03,Monthly,2018-05-01,2018-05-31,Metro,"Dallas, TX metro area",989,6.43,483,18.69,4.46,-0.2,2.19,0.15
2026-09-03,Monthly,2018-05-01,2018-05-31,Metro,"Denver, CO metro area",446,5.64,194,-12.15,3.83,0.17,1.78,-0.19
2026-09-03,Monthly,2018-05-01,2018-05-31,Metro,"Detroit, MI metro area",462,19.36,189,21.68,6.4,0.83,2.53,0.32
2026-09-03,Monthly,2018-05-01,2018-05-31,Metro,"Fort Lauderdale, FL metro area",1040,-15.49,350,-15.69,5.47,-0.87,1.86,-0.31
2026-09-03,Monthly,2018-05-01,2018-05-31,Metro,"Fort Worth, TX metro area",407,-3.81,198,11.1,4.2,-0.31,1.98,0.11
2026-09-03,Monthly,2018-05-01,2018-05-31,Metro,"Houston, TX metro area",1782,0.82,805,3.41,5.22,0.15,2.35,0.13
2026-09-03,Monthly,2018-05-01,2018-05-31,Metro,"Indianapolis, IN metro area",474,-36.92,193,-15.36,5.35,-1.45,2.24,0.14
2026-09-03,Monthly,2018-05-01,2018-05-31,Metro,"Jacksonville, FL metro area",395,-4.79,161,-7.56,3.45,-0.28,1.46,-0.15
2026-09-03,Monthly,2018-05-01,2018-05-31,Metro,"Kansas City, MO metro area",388,13.38,182,-0.77,3.51,0.35,1.61,-0.04
2026-09-03,Monthly,2018-05-01,2018-05-31,Metro,"Las Vegas, NV metro area",453,-20.57,214,-33.17,3.39,-0.44,1.53,-0.52
2026-09-03,Monthly,2018-05-01,2018-05-31,Metro,"Los Angeles, CA metro area",1289,1.79,501,-13.25,5.48,0.34,2.08,-0.26
2026-09-03,Monthly,2018-05-01,2018-05-31,Metro,"Miami, FL metro area",1445,-1.23,561,-7.84,7.16,0.22,2.58,-0.21
2026-09-03,Monthly,2018-05-01,2018-05-31,Metro,"Milwaukee, WI metro area",226,-23.52,113,-6.98,2,-0.23,1.56,0.04
2026-09-03,Monthly,2018-05-01,2018-05-31,Metro,"Minneapolis, MN metro area",478,-19.45,307,-6.73,3.06,-0.39,2.02,0.03
2026-09-03,Monthly,2018-05-01,2018-05-31,Metro,"Montgomery County, PA metro area",582,-51.87,286,1.5,5.81,-5.22,2.95,0.34
2026-09-03,Monthly,2018-05-01,2018-05-31,Metro,"Nashville, TN metro area",837,18.83,273,18.07,5.84,0.52,1.92,0.18
2026-09-03,Monthly,2018-05-01,2018-05-31,Metro,"Nassau County, NY metro area",842,-9.21,361,6.07,6.05,-0.45,2.61,0.2
2026-09-03,Monthly,2018-05-01,2018-05-31,Metro,"New Brunswick, NJ metro area",1210,-12.31,474,-1.41,7.04,-0.91,2.7,-0.01
2026-09-03,Monthly,2018-05-01,2018-05-31,Metro,"New York, NY metro area",2518,10.1,915,29.27,5.66,0.39,2.1,0.42
2026-09-03,Monthly,2018-05-01,2018-05-31,Metro,"Newark, NJ metro area",876,-14.2,447,-8.82,5.74,-0.74,3.02,-0.21
2026-09-03,Monthly,2018-05-01,2018-05-31,Metro,"Oakland, CA metro area",270,-0.57,88,-32.92,5.13,0.06,1.64,-0.78
2026-09-03,Monthly,2018-05-01,2018-05-31,Metro,"Orlando, FL metro area",674,-3.8,298,0.63,4.23,0.08,1.86,0.06
2026-09-03,Monthly,2018-05-01,2018-05-31,Metro,"Philadelphia, PA metro area",642,-74.89,316,9.13,7.09,-17.3,3.53,0.76
2026-09-03,Monthly,2018-05-01,2018-05-31,Metro,"Phoenix, AZ metro area",1123,-14.58,525,-23.55,3.94,-0.33,1.87,-0.38
2026-09-03,Monthly,2018-05-01,2018-05-31,Metro,"Pittsburgh, PA metro area",536,17.28,171,15.44,4.18,0.73,1.29,0.19
2026-09-03,Monthly,2018-05-01,2018-05-31,Metro,"Portland, OR metro area",378,25.78,160,0.23,3.68,0.33,1.55,-0.25
2026-09-03,Monthly,2018-05-01,2018-05-31,Metro,"Providence, RI metro area",359,-0.69,166,-16.94,4.6,0.1,2.15,-0.39
2026-09-03,Monthly,2018-05-01,2018-05-31,Metro,"Riverside, CA metro area",920,-6.21,424,-23.77,4.12,-0.14,1.88,-0.57
2026-09-03,Monthly,2018-05-01,2018-05-31,Metro,"Sacramento, CA metro area",471,16.46,253,7.39,5.71,0.53,3.07,-0.02
2026-09-03,Monthly,2018-05-01,2018-05-31,Metro,"San Antonio, TX metro area",530,-6.9,218,1.79,4.32,-0.38,1.78,-0.03
2026-09-03,Monthly,2018-05-01,2018-05-31,Metro,"San Diego, CA metro area",450,2.34,163,-24.93,4.26,-0.26,1.6,-0.59
2026-09-03,Monthly,2018-05-01,2018-05-31,Metro,"San Francisco, CA metro area",123,-22.73,63,-7.25,5.44,-1.29,2.93,0.07
2026-09-03,Monthly,2018-05-01,2018-05-31,Metro,"San Jose, CA metro area",126,7.79,39,-49.15,4.6,0.7,1.41,-1.12
2026-09-03,Monthly,2018-05-01,2018-05-31,Metro,"Seattle, WA metro area",335,30.04,157,-8.94,3.66,0.7,1.69,-0.3
2026-09-03,Monthly,2018-05-01,2018-05-31,Metro,"St. Louis, MO metro area",870,-7.3,354,-7.99,5.91,-0.18,2.39,-0.13
2026-09-03,Monthly,2018-05-01,2018-05-31,Metro,"Tampa, FL metro area",816,5.5,330,-5.01,3.6,0.16,1.44,-0.07
2026-09-03,Monthly,2018-05-01,2018-05-31,Metro,"Virginia Beach, VA metro area",555,-20.61,242,-5.85,4.76,-0.87,2.05,-0.06
2026-09-03,Monthly,2018-05-01,2018-05-31,Metro,"Warren, MI metro area",551,-17.73,291,-6.67,4.68,-0.63,2.51,0.01
2026-09-03,Monthly,2018-05-01,2018-05-31,Metro,"Washington, DC metro area",1165,-53.75,660,0.45,5.63,-5.61,3.14,0.25
2026-09-03,Monthly,2018-05-01,2018-05-31,Metro,"West Palm Beach, FL metro area",951,-2.67,402,-3.06,5.3,-0.05,2.29,-0.02
2026-09-03,Monthly,2018-04-01,2018-04-30,Metro,"Anaheim, CA metro area",417,-12.08,227,-8.12,4.14,-0.21,2.15,-0.1
2026-09-03,Monthly,2018-04-01,2018-04-30,Metro,"Atlanta, GA metro area",2498,-15.77,643,-8.93,6.37,-0.15,1.63,0.09
2026-09-03,Monthly,2018-04-01,2018-04-30,Metro,"Austin, TX metro area",411,-12.87,237,7.71,3.97,-0.61,2.2,0.1
2026-09-03,Monthly,2018-04-01,2018-04-30,Metro,"Baltimore, MD metro area",799,-57.63,454,-1.92,5.63,-6.71,3.25,0.22
2026-09-03,Monthly,2018-04-01,2018-04-30,Metro,"Boston, MA metro area",657,-17.02,344,-6.36,5.29,-0.64,3.02,0.04
2026-09-03,Monthly,2018-04-01,2018-04-30,Metro,"Charlotte, NC metro area",563,-3.37,227,15.77,2.58,0.28,1.41,0.31
2026-09-03,Monthly,2018-04-01,2018-04-30,Metro,"Chicago, IL metro area",2156,-4.69,1142,9.1,5.46,0.17,2.91,0.41
2026-09-03,Monthly,2018-04-01,2018-04-30,Metro,"Cincinnati, OH metro area",504,23.14,196,-17.28,4.08,1.05,1.56,-0.19
2026-09-03,Monthly,2018-04-01,2018-04-30,Metro,"Cleveland, OH metro area",495,-14.71,218,-16.91,4.55,-0.3,1.92,-0.25
2026-09-03,Monthly,2018-04-01,2018-04-30,Metro,"Columbus, OH metro area",335,12.34,147,-9.51,3.83,0.71,1.67,-0.04
2026-09-03,Monthly,2018-04-01,2018-04-30,Metro,"Dallas, TX metro area",998,16.18,545,29.48,4.6,0.17,2.52,0.33
2026-09-03,Monthly,2018-04-01,2018-04-30,Metro,"Denver, CO metro area",490,12.05,200,-16.07,4.32,0.51,1.79,-0.31
2026-09-03,Monthly,2018-04-01,2018-04-30,Metro,"Detroit, MI metro area",419,0.45,171,3.53,5.83,-0.22,2.34,0.01
2026-09-03,Monthly,2018-04-01,2018-04-30,Metro,"Fort Lauderdale, FL metro area",1041,-10.05,360,-16.39,5.51,-0.44,1.91,-0.32
2026-09-03,Monthly,2018-04-01,2018-04-30,Metro,"Fort Worth, TX metro area",367,2.36,214,8.86,3.95,-0.01,2.23,0.08
2026-09-03,Monthly,2018-04-01,2018-04-30,Metro,"Houston, TX metro area",1723,-2.31,914,16.6,5.06,-0.09,2.66,0.39
2026-09-03,Monthly,2018-04-01,2018-04-30,Metro,"Indianapolis, IN metro area",500,-32.98,222,-9.06,5.27,-1.38,2.39,0.2
2026-09-03,Monthly,2018-04-01,2018-04-30,Metro,"Jacksonville, FL metro area",383,-12.25,202,7.93,3.39,-0.53,1.79,0.06
2026-09-03,Monthly,2018-04-01,2018-04-30,Metro,"Kansas City, MO metro area",360,-1.16,186,8.32,3.32,0,1.66,0.14
2026-09-03,Monthly,2018-04-01,2018-04-30,Metro,"Las Vegas, NV metro area",438,-24.05,206,-31.72,3.2,-0.52,1.49,-0.4
2026-09-03,Monthly,2018-04-01,2018-04-30,Metro,"Los Angeles, CA metro area",1274,3.03,517,-17.41,5.45,0.42,2.17,-0.33
2026-09-03,Monthly,2018-04-01,2018-04-30,Metro,"Miami, FL metro area",1467,-5.48,599,2.41,6.89,-0.54,2.74,0.05
2026-09-03,Monthly,2018-04-01,2018-04-30,Metro,"Milwaukee, WI metro area",225,-28.79,135,-8.84,1.94,-0.79,1.78,0.15
2026-09-03,Monthly,2018-04-01,2018-04-30,Metro,"Minneapolis, MN metro area",521,-14.49,295,-10.91,3.39,-0.11,1.96,-0.02
2026-09-03,Monthly,2018-04-01,2018-04-30,Metro,"Montgomery County, PA metro area",544,-57.68,302,-10.97,5.62,-6.12,3.03,-0.01
2026-09-03,Monthly,2018-04-01,2018-04-30,Metro,"Nashville, TN metro area",753,8.06,274,17.87,5.38,0.14,1.98,0.18
2026-09-03,Monthly,2018-04-01,2018-04-30,Metro,"Nassau County, NY metro area",910,9.68,347,2.05,6.54,0.71,2.55,0.13
2026-09-03,Monthly,2018-04-01,2018-04-30,Metro,"New Brunswick, NJ metro area",1224,-13.96,481,-7.93,7.09,-0.98,2.75,-0.15
2026-09-03,Monthly,2018-04-01,2018-04-30,Metro,"New York, NY metro area",2824,42.76,893,23.54,6.49,1.65,2.06,0.31
2026-09-03,Monthly,2018-04-01,2018-04-30,Metro,"Newark, NJ metro area",853,-19.51,441,-8.44,5.55,-0.78,3.07,-0.12
2026-09-03,Monthly,2018-04-01,2018-04-30,Metro,"Oakland, CA metro area",227,-8.48,98,-29.39,4.63,-0.13,1.99,-0.64
2026-09-03,Monthly,2018-04-01,2018-04-30,Metro,"Orlando, FL metro area",635,0.33,270,-23.26,3.88,0.18,1.69,-0.42
2026-09-03,Monthly,2018-04-01,2018-04-30,Metro,"Philadelphia, PA metro area",633,-73.71,308,11.56,6.83,-16.16,3.38,0.7
2026-09-03,Monthly,2018-04-01,2018-04-30,Metro,"Phoenix, AZ metro area",1085,-10.89,569,-17.69,3.87,-0.16,2.03,-0.24
2026-09-03,Monthly,2018-04-01,2018-04-30,Metro,"Pittsburgh, PA metro area",515,-6.97,201,6.19,3.78,-0.15,1.65,0.2
2026-09-03,Monthly,2018-04-01,2018-04-30,Metro,"Portland, OR metro area",230,-19.2,155,-8.88,2.41,-0.77,1.58,-0.29
2026-09-03,Monthly,2018-04-01,2018-04-30,Metro,"Providence, RI metro area",315,-10.44,185,-13.94,4.25,-0.18,2.47,-0.27
2026-09-03,Monthly,2018-04-01,2018-04-30,Metro,"Riverside, CA metro area",943,-5.49,428,-22.43,4.22,-0.11,1.88,-0.54
2026-09-03,Monthly,2018-04-01,2018-04-30,Metro,"Sacramento, CA metro area",445,10.57,239,-5.33,5.53,0.22,3,-0.34
2026-09-03,Monthly,2018-04-01,2018-04-30,Metro,"San Antonio, TX metro area",499,-4.36,213,-11.79,4.13,-0.32,1.67,-0.31
2026-09-03,Monthly,2018-04-01,2018-04-30,Metro,"San Diego, CA metro area",429,-2.69,184,-24.8,4.12,-0.04,1.77,-0.71
2026-09-03,Monthly,2018-04-01,2018-04-30,Metro,"San Francisco, CA metro area",133,6.35,37,-51.69,5.81,0.66,1.65,-1.6
2026-09-03,Monthly,2018-04-01,2018-04-30,Metro,"San Jose, CA metro area",115,3.93,36,-64.88,4.29,0.81,1.34,-2
2026-09-03,Monthly,2018-04-01,2018-04-30,Metro,"Seattle, WA metro area",272,3.83,147,-19.2,3.14,0.05,1.72,-0.45
2026-09-03,Monthly,2018-04-01,2018-04-30,Metro,"St. Louis, MO metro area",821,-11.01,373,-13.27,5.31,-0.63,2.46,-0.26
2026-09-03,Monthly,2018-04-01,2018-04-30,Metro,"Tampa, FL metro area",790,9.26,353,3.92,3.38,0.22,1.53,0.05
2026-09-03,Monthly,2018-04-01,2018-04-30,Metro,"Virginia Beach, VA metro area",545,-3.23,250,-8.14,4.65,0.15,2.11,-0.14
2026-09-03,Monthly,2018-04-01,2018-04-30,Metro,"Warren, MI metro area",615,-7.15,283,-11.46,5.16,-0.02,2.46,-0.1
2026-09-03,Monthly,2018-04-01,2018-04-30,Metro,"Washington, DC metro area",1172,-54.45,716,9.04,5.52,-5.76,3.36,0.52
2026-09-03,Monthly,2018-04-01,2018-04-30,Metro,"West Palm Beach, FL metro area",950,2.43,392,-4.32,5.35,0.11,2.22,-0.05
2026-09-03,Monthly,2018-03-01,2018-03-31,Metro,"Anaheim, CA metro area",384,-9.76,221,-15.05,3.79,-0.18,2.1,-0.2
2026-09-03,Monthly,2018-03-01,2018-03-31,Metro,"Atlanta, GA metro area",2670,-11.73,772,-6.3,6.79,0.26,1.9,0.19
2026-09-03,Monthly,2018-03-01,2018-03-31,Metro,"Austin, TX metro area",476,7.44,224,-3.92,4.54,0.26,2.12,-0.09
2026-09-03,Monthly,2018-03-01,2018-03-31,Metro,"Baltimore, MD metro area",902,-49.21,505,-0.36,6.39,-4.81,3.44,0.28
2026-09-03,Monthly,2018-03-01,2018-03-31,Metro,"Boston, MA metro area",681,-16.77,291,-22.06,5.59,-0.49,2.52,-0.41
2026-09-03,Monthly,2018-03-01,2018-03-31,Metro,"Charlotte, NC metro area",550,-12.45,224,10.72,2.73,-0.1,1.38,0.27
2026-09-03,Monthly,2018-03-01,2018-03-31,Metro,"Chicago, IL metro area",2156,-6.09,1056,-4.68,5.47,0.11,2.69,0.08
2026-09-03,Monthly,2018-03-01,2018-03-31,Metro,"Cincinnati, OH metro area",441,-11.54,197,-14.85,3.51,-0.1,1.6,-0.11
2026-09-03,Monthly,2018-03-01,2018-03-31,Metro,"Cleveland, OH metro area",474,-18.42,244,-13.18,4.3,-0.46,2.21,0.06
2026-09-03,Monthly,2018-03-01,2018-03-31,Metro,"Columbus, OH metro area",384,6.23,145,1.91,4.36,0.54,1.64,0.16
2026-09-03,Monthly,2018-03-01,2018-03-31,Metro,"Dallas, TX metro area",1014,19.21,535,31.21,4.8,0.5,2.59,0.52
2026-09-03,Monthly,2018-03-01,2018-03-31,Metro,"Denver, CO metro area",412,-2.68,209,-8.86,3.73,0.03,1.9,-0.11
2026-09-03,Monthly,2018-03-01,2018-03-31,Metro,"Detroit, MI metro area",440,-4.09,169,0.59,6.24,-0.28,2.37,-0.01
2026-09-03,Monthly,2018-03-01,2018-03-31,Metro,"Fort Lauderdale, FL metro area",955,-11.69,380,-10.71,5.14,-0.51,2.07,-0.16
2026-09-03,Monthly,2018-03-01,2018-03-31,Metro,"Fort Worth, TX metro area",437,26.1,206,-4.88,4.66,0.8,2.19,-0.19
2026-09-03,Monthly,2018-03-01,2018-03-31,Metro,"Houston, TX metro area",1760,1.38,930,4.33,5.23,0.19,2.73,0.2
2026-09-03,Monthly,2018-03-01,2018-03-31,Metro,"Indianapolis, IN metro area",495,-42.73,208,-21.62,5.14,-2.26,2.19,-0.13
2026-09-03,Monthly,2018-03-01,2018-03-31,Metro,"Jacksonville, FL metro area",377,-4.87,195,5.84,3.32,-0.27,1.7,0.04
2026-09-03,Monthly,2018-03-01,2018-03-31,Metro,"Kansas City, MO metro area",289,-20.82,185,-1,2.91,-0.39,1.7,0.09
2026-09-03,Monthly,2018-03-01,2018-03-31,Metro,"Las Vegas, NV metro area",468,-15.56,214,-36.89,3.56,0.1,1.56,-0.55
2026-09-03,Monthly,2018-03-01,2018-03-31,Metro,"Los Angeles, CA metro area",1222,0.62,491,-21.59,5.18,0.29,2.11,-0.43
2026-09-03,Monthly,2018-03-01,2018-03-31,Metro,"Miami, FL metro area",1414,-6.28,554,-10.96,6.34,-0.53,2.53,-0.31
2026-09-03,Monthly,2018-03-01,2018-03-31,Metro,"Milwaukee, WI metro area",228,-15,124,-27.81,2.46,0.15,1.58,-0.41
2026-09-03,Monthly,2018-03-01,2018-03-31,Metro,"Minneapolis, MN metro area",506,-9.13,303,-13.11,3.36,0.28,2.01,-0.04
2026-09-03,Monthly,2018-03-01,2018-03-31,Metro,"Montgomery County, PA metro area",606,-54.52,244,-13.66,5.98,-5.6,2.34,-0.11
2026-09-03,Monthly,2018-03-01,2018-03-31,Metro,"Nashville, TN metro area",784,12.52,291,20.92,5.62,0.34,2.1,0.35
2026-09-03,Monthly,2018-03-01,2018-03-31,Metro,"Nassau County, NY metro area",841,3.07,335,-9.05,6.34,0.64,2.49,-0.11
2026-09-03,Monthly,2018-03-01,2018-03-31,Metro,"New Brunswick, NJ metro area",1155,-18.43,462,-8.52,6.65,-1.13,2.67,-0.11
2026-09-03,Monthly,2018-03-01,2018-03-31,Metro,"New York, NY metro area",2617,25.38,795,7.5,6.17,1.35,1.82,0.12
2026-09-03,Monthly,2018-03-01,2018-03-31,Metro,"Newark, NJ metro area",936,-6.52,422,-9.18,6.39,-0.13,2.83,-0.63
2026-09-03,Monthly,2018-03-01,2018-03-31,Metro,"Oakland, CA metro area",222,-14.87,100,-35.55,4.47,-0.55,2.01,-1
2026-09-03,Monthly,2018-03-01,2018-03-31,Metro,"Orlando, FL metro area",635,-3.19,332,3.07,3.91,0.06,2.01,0.13
2026-09-03,Monthly,2018-03-01,2018-03-31,Metro,"Philadelphia, PA metro area",919,-58.58,285,-3.29,9.37,-11.2,2.99,0.2
2026-09-03,Monthly,2018-03-01,2018-03-31,Metro,"Phoenix, AZ metro area",1059,-14.18,557,-23.66,3.81,-0.23,1.96,-0.4
2026-09-03,Monthly,2018-03-01,2018-03-31,Metro,"Pittsburgh, PA metro area",541,3.67,201,3.66,4.11,0.54,1.54,0.07
2026-09-03,Monthly,2018-03-01,2018-03-31,Metro,"Portland, OR metro area",347,18.74,195,14.27,3.58,0.38,2.02,0.16
2026-09-03,Monthly,2018-03-01,2018-03-31,Metro,"Providence, RI metro area",305,-23.8,170,-21.27,4.13,-0.88,2.31,-0.36
2026-09-03,Monthly,2018-03-01,2018-03-31,Metro,"Riverside, CA metro area",909,-4.1,402,-32.51,4.04,-0.07,1.71,-0.85
2026-09-03,Monthly,2018-03-01,2018-03-31,Metro,"Sacramento, CA metro area",480,15.64,214,-11.93,6.08,0.71,2.72,-0.47
2026-09-03,Monthly,2018-03-01,2018-03-31,Metro,"San Antonio, TX metro area",530,0.04,233,7.23,4.22,-0.14,1.93,0.12
2026-09-03,Monthly,2018-03-01,2018-03-31,Metro,"San Diego, CA metro area",402,-17.3,167,-30.23,3.99,-1.05,1.61,-0.69
2026-09-03,Monthly,2018-03-01,2018-03-31,Metro,"San Francisco, CA metro area",123,-9.58,52,-19.56,5.52,-0.18,2.25,-0.48
2026-09-03,Monthly,2018-03-01,2018-03-31,Metro,"San Jose, CA metro area",89,-44.5,38,-60.8,3.33,-1.78,1.45,-1.71
2026-09-03,Monthly,2018-03-01,2018-03-31,Metro,"Seattle, WA metro area",249,-27.15,161,-3.32,2.95,-0.97,1.92,-0.05
2026-09-03,Monthly,2018-03-01,2018-03-31,Metro,"St. Louis, MO metro area",895,-8.3,411,-2.81,5.97,-0.36,2.73,0.13
2026-09-03,Monthly,2018-03-01,2018-03-31,Metro,"Tampa, FL metro area",757,-3.27,372,0.38,3.4,0.06,1.62,0.02
2026-09-03,Monthly,2018-03-01,2018-03-31,Metro,"Virginia Beach, VA metro area",649,6.77,263,-6.5,5.37,0.6,2.3,0.06
2026-09-03,Monthly,2018-03-01,2018-03-31,Metro,"Warren, MI metro area",613,-0.81,301,-7,5.19,0.51,2.57,0.08
2026-09-03,Monthly,2018-03-01,2018-03-31,Metro,"Washington, DC metro area",1468,-39.73,648,-5.25,6.84,-3.43,3.07,0.19
2026-09-03,Monthly,2018-03-01,2018-03-31,Metro,"West Palm Beach, FL metro area",882,-3.18,406,3.08,5.25,0.07,2.3,0.08
2026-09-03,Monthly,2018-02-01,2018-02-28,Metro,"Anaheim, CA metro area",433,2.58,215,-22.41,4.3,0.33,2.06,-0.47
2026-09-03,Monthly,2018-02-01,2018-02-28,Metro,"Atlanta, GA metro area",2534,-17.44,766,-7.51,6.46,-0.21,1.91,0.14
2026-09-03,Monthly,2018-02-01,2018-02-28,Metro,"Austin, TX metro area",474,0.03,251,16.29,4.45,-0.15,2.4,0.27
2026-09-03,Monthly,2018-02-01,2018-02-28,Metro,"Baltimore, MD metro area",2102,42.96,472,-8.91,14.23,5.22,3.21,-0.02
2026-09-03,Monthly,2018-02-01,2018-02-28,Metro,"Boston, MA metro area",624,-23.02,422,5.88,5.08,-1.07,3.31,0.36
2026-09-03,Monthly,2018-02-01,2018-02-28,Metro,"Charlotte, NC metro area",539,-7.56,209,-33,2.44,-0.16,1.26,-0.55
2026-09-03,Monthly,2018-02-01,2018-02-28,Metro,"Chicago, IL metro area",2204,0.15,1052,-13.95,5.69,0.41,2.68,-0.26
2026-09-03,Monthly,2018-02-01,2018-02-28,Metro,"Cincinnati, OH metro area",425,-19.76,222,-22.96,3.42,-0.37,1.79,-0.3
2026-09-03,Monthly,2018-02-01,2018-02-28,Metro,"Cleveland, OH metro area",464,-15.17,236,-15.67,4.11,-0.27,2.03,-0.15
2026-09-03,Monthly,2018-02-01,2018-02-28,Metro,"Columbus, OH metro area",297,-11.54,160,-6.02,3.49,0.07,1.84,0.15
2026-09-03,Monthly,2018-02-01,2018-02-28,Metro,"Dallas, TX metro area",951,16.85,522,25.45,4.58,0.35,2.64,0.38
2026-09-03,Monthly,2018-02-01,2018-02-28,Metro,"Denver, CO metro area",406,-1.65,217,-9.01,3.76,0.08,1.99,-0.13
2026-09-03,Monthly,2018-02-01,2018-02-28,Metro,"Detroit, MI metro area",475,-4.68,147,-31.07,6.93,-0.03,2.13,-0.84
2026-09-03,Monthly,2018-02-01,2018-02-28,Metro,"Fort Lauderdale, FL metro area",966,-5.94,393,-12.01,5.29,-0.13,2.13,-0.21
2026-09-03,Monthly,2018-02-01,2018-02-28,Metro,"Fort Worth, TX metro area",387,6.26,200,-3.34,4.2,0.21,2.19,-0.09
2026-09-03,Monthly,2018-02-01,2018-02-28,Metro,"Houston, TX metro area",1814,3.87,890,4.85,5.41,0.29,2.66,0.18
2026-09-03,Monthly,2018-02-01,2018-02-28,Metro,"Indianapolis, IN metro area",592,-20.3,232,-22.8,6.23,-0.25,2.42,-0.18
2026-09-03,Monthly,2018-02-01,2018-02-28,Metro,"Jacksonville, FL metro area",395,-9.4,198,15.6,3.53,-0.35,1.81,0.26
2026-09-03,Monthly,2018-02-01,2018-02-28,Metro,"Kansas City, MO metro area",334,-11.08,168,-19.16,3.22,-0.04,1.56,-0.23
2026-09-03,Monthly,2018-02-01,2018-02-28,Metro,"Las Vegas, NV metro area",450,-31.12,213,-36.36,3.41,-0.79,1.61,-0.52
2026-09-03,Monthly,2018-02-01,2018-02-28,Metro,"Los Angeles, CA metro area",1148,-9.93,597,6.89,4.86,-0.35,2.55,0.26
2026-09-03,Monthly,2018-02-01,2018-02-28,Metro,"Miami, FL metro area",1460,-1.3,617,6.59,6.51,-0.1,2.86,0.18
2026-09-03,Monthly,2018-02-01,2018-02-28,Metro,"Milwaukee, WI metro area",244,-18.35,142,-14.86,2.74,-0.39,1.8,-0.13
2026-09-03,Monthly,2018-02-01,2018-02-28,Metro,"Minneapolis, MN metro area",532,5.09,326,-7.44,3.58,0.61,2.15,0.06
2026-09-03,Monthly,2018-02-01,2018-02-28,Metro,"Montgomery County, PA metro area",790,-40.57,321,-15.42,6.72,-4.53,2.89,-0.27
2026-09-03,Monthly,2018-02-01,2018-02-28,Metro,"Nashville, TN metro area",767,10.01,292,24.88,5.57,0.32,2.16,0.45
2026-09-03,Monthly,2018-02-01,2018-02-28,Metro,"Nassau County, NY metro area",857,-5.51,385,-2.59,6.29,0.02,2.88,0.1
2026-09-03,Monthly,2018-02-01,2018-02-28,Metro,"New Brunswick, NJ metro area",1272,-9.73,574,0.3,7.2,-0.26,3.27,0.23
2026-09-03,Monthly,2018-02-01,2018-02-28,Metro,"New York, NY metro area",2508,14.31,947,24.87,5.81,0.86,2.18,0.48
2026-09-03,Monthly,2018-02-01,2018-02-28,Metro,"Newark, NJ metro area",891,-9.35,431,-3.77,6.14,-0.38,3.25,0.04
2026-09-03,Monthly,2018-02-01,2018-02-28,Metro,"Oakland, CA metro area",236,-6.73,101,-19.46,4.67,-0.23,2.06,-0.42
2026-09-03,Monthly,2018-02-01,2018-02-28,Metro,"Orlando, FL metro area",633,-11.38,332,2.22,4.07,-0.24,2.05,0.14
2026-09-03,Monthly,2018-02-01,2018-02-28,Metro,"Philadelphia, PA metro area",878,-56.14,340,7.37,8.71,-9.48,3.46,0.52
2026-09-03,Monthly,2018-02-01,2018-02-28,Metro,"Phoenix, AZ metro area",1011,-27.11,632,-13.26,3.6,-0.96,2.21,-0.16
2026-09-03,Monthly,2018-02-01,2018-02-28,Metro,"Pittsburgh, PA metro area",547,-2.72,200,-19.42,4.21,0.16,1.47,-0.27
2026-09-03,Monthly,2018-02-01,2018-02-28,Metro,"Portland, OR metro area",290,-13.05,202,22.39,3.2,-0.39,2.24,0.45
2026-09-03,Monthly,2018-02-01,2018-02-28,Metro,"Providence, RI metro area",352,-35.67,234,11.83,4.5,-1.95,3.05,0.54
2026-09-03,Monthly,2018-02-01,2018-02-28,Metro,"Riverside, CA metro area",928,-3.77,411,-28.83,4.1,-0.06,1.79,-0.7
2026-09-03,Monthly,2018-02-01,2018-02-28,Metro,"Sacramento, CA metro area",459,15.74,266,27.89,5.71,0.31,3.31,0.46
2026-09-03,Monthly,2018-02-01,2018-02-28,Metro,"San Antonio, TX metro area",504,13.46,234,11.62,4.25,0.22,1.99,0.15
2026-09-03,Monthly,2018-02-01,2018-02-28,Metro,"San Diego, CA metro area",355,-26.44,200,-12.26,3.51,-1.22,1.98,-0.26
2026-09-03,Monthly,2018-02-01,2018-02-28,Metro,"San Francisco, CA metro area",122,7.3,57,-18.26,5.67,0.51,2.53,-0.44
2026-09-03,Monthly,2018-02-01,2018-02-28,Metro,"San Jose, CA metro area",95,-43.26,39,-56.62,3.59,-1.87,1.47,-1.41
2026-09-03,Monthly,2018-02-01,2018-02-28,Metro,"Seattle, WA metro area",197,-41.96,154,-3.54,2.49,-1.48,1.94,0.05
2026-09-03,Monthly,2018-02-01,2018-02-28,Metro,"St. Louis, MO metro area",815,-17.01,449,-1.44,5.22,-0.85,2.99,0.15
2026-09-03,Monthly,2018-02-01,2018-02-28,Metro,"Tampa, FL metro area",805,0.88,371,2.01,3.56,0.13,1.64,0.08
2026-09-03,Monthly,2018-02-01,2018-02-28,Metro,"Virginia Beach, VA metro area",608,3.32,245,-13.66,5.2,0.47,2.12,-0.19
2026-09-03,Monthly,2018-02-01,2018-02-28,Metro,"Warren, MI metro area",548,-18.52,261,-37.43,4.85,-0.24,2.34,-0.86
2026-09-03,Monthly,2018-02-01,2018-02-28,Metro,"Washington, DC metro area",3335,51.69,685,-0.74,15.63,6.25,3.22,0.29
2026-09-03,Monthly,2018-02-01,2018-02-28,Metro,"West Palm Beach, FL metro area",906,2.72,436,16.71,5.24,0.23,2.47,0.39
2026-09-03,Monthly,2018-01-01,2018-01-31,Metro,"Anaheim, CA metro area",339,-26.51,195,-25.42,3.5,-0.76,1.99,-0.4
2026-09-03,Monthly,2018-01-01,2018-01-31,Metro,"Atlanta, GA metro area",2509,-9.77,575,-16.96,6.39,0.28,1.47,-0.06
2026-09-03,Monthly,2018-01-01,2018-01-31,Metro,"Austin, TX metro area",461,0.21,226,2.15,4.37,-0.15,2.2,-0.04
2026-09-03,Monthly,2018-01-01,2018-01-31,Metro,"Baltimore, MD metro area",1810,29.37,466,-2.87,12.45,3.81,3.15,0.2
2026-09-03,Monthly,2018-01-01,2018-01-31,Metro,"Boston, MA metro area",664,-21.42,323,-25.35,5.61,-0.6,2.69,-0.44
2026-09-03,Monthly,2018-01-01,2018-01-31,Metro,"Charlotte, NC metro area",537,-17.88,205,-2.77,3.73,-0.54,1.21,0.04
2026-09-03,Monthly,2018-01-01,2018-01-31,Metro,"Chicago, IL metro area",2202,-1.96,1090,-5.18,5.85,0.19,2.79,-0.02
2026-09-03,Monthly,2018-01-01,2018-01-31,Metro,"Cincinnati, OH metro area",405,-22.51,181,-33.59,3.39,-0.48,1.49,-0.46
2026-09-03,Monthly,2018-01-01,2018-01-31,Metro,"Cleveland, OH metro area",521,-15.16,214,-22.3,4.67,-0.34,1.88,-0.33
2026-09-03,Monthly,2018-01-01,2018-01-31,Metro,"Columbus, OH metro area",284,-24.19,123,-25.88,3.35,-0.53,1.43,-0.26
2026-09-03,Monthly,2018-01-01,2018-01-31,Metro,"Dallas, TX metro area",1013,23.38,561,36.36,4.97,0.54,2.79,0.53
2026-09-03,Monthly,2018-01-01,2018-01-31,Metro,"Denver, CO metro area",376,-4.13,219,-10.08,3.57,0.09,2.01,-0.14
2026-09-03,Monthly,2018-01-01,2018-01-31,Metro,"Detroit, MI metro area",468,16.34,130,-34.47,6.76,0.89,1.95,-0.99
2026-09-03,Monthly,2018-01-01,2018-01-31,Metro,"Fort Lauderdale, FL metro area",936,-15.57,382,-9.51,5.21,-0.6,2.12,-0.06
2026-09-03,Monthly,2018-01-01,2018-01-31,Metro,"Fort Worth, TX metro area",410,11.04,198,7.94,4.37,0.26,2.18,0.12
2026-09-03,Monthly,2018-01-01,2018-01-31,Metro,"Houston, TX metro area",1789,3.38,807,-0.81,5.37,0.28,2.42,0.01
2026-09-03,Monthly,2018-01-01,2018-01-31,Metro,"Indianapolis, IN metro area",583,-13.62,209,-17.57,6.18,0.26,2.23,-0.04
2026-09-03,Monthly,2018-01-01,2018-01-31,Metro,"Jacksonville, FL metro area",378,-17.16,162,-17.78,3.47,-0.61,1.51,-0.24
2026-09-03,Monthly,2018-01-01,2018-01-31,Metro,"Kansas City, MO metro area",421,11.22,180,-12.22,3.65,0.35,1.66,-0.18
2026-09-03,Monthly,2018-01-01,2018-01-31,Metro,"Las Vegas, NV metro area",469,-23.1,236,-27.04,3.59,-0.25,1.82,-0.25
2026-09-03,Monthly,2018-01-01,2018-01-31,Metro,"Los Angeles, CA metro area",1120,-15.1,517,-11.34,4.94,-0.29,2.31,-0.03
2026-09-03,Monthly,2018-01-01,2018-01-31,Metro,"Miami, FL metro area",1445,-5.97,600,-0.98,6.45,-0.44,2.81,0.03
2026-09-03,Monthly,2018-01-01,2018-01-31,Metro,"Milwaukee, WI metro area",253,-13.62,137,-7.08,4.64,-0.67,1.82,0.02
2026-09-03,Monthly,2018-01-01,2018-01-31,Metro,"Minneapolis, MN metro area",412,-27.88,296,-18.59,2.93,-0.55,1.98,-0.16
2026-09-03,Monthly,2018-01-01,2018-01-31,Metro,"Montgomery County, PA metro area",724,-47.24,275,-11.14,6.73,-4.46,2.47,-0.18
2026-09-03,Monthly,2018-01-01,2018-01-31,Metro,"Nashville, TN metro area",765,15.41,243,-4.46,5.71,0.81,1.77,-0.08
2026-09-03,Monthly,2018-01-01,2018-01-31,Metro,"Nassau County, NY metro area",829,-14.11,351,-3.79,6.22,-0.54,2.67,0.14
2026-09-03,Monthly,2018-01-01,2018-01-31,Metro,"New Brunswick, NJ metro area",1337,-14.24,453,-16.47,7.84,-0.54,2.69,-0.3
2026-09-03,Monthly,2018-01-01,2018-01-31,Metro,"New York, NY metro area",2493,18.33,883,26.03,5.84,1.18,2.1,0.55
2026-09-03,Monthly,2018-01-01,2018-01-31,Metro,"Newark, NJ metro area",862,-21.99,437,0.1,6.07,-1.55,3.27,0.17
2026-09-03,Monthly,2018-01-01,2018-01-31,Metro,"Oakland, CA metro area",225,-14.67,102,-22.96,4.67,-0.25,2.2,-0.33
2026-09-03,Monthly,2018-01-01,2018-01-31,Metro,"Orlando, FL metro area",631,-8.74,322,-5.79,4.03,-0.14,2.05,0.05
2026-09-03,Monthly,2018-01-01,2018-01-31,Metro,"Philadelphia, PA metro area",933,-52.52,316,2.96,9.75,-9.03,3.26,0.36
2026-09-03,Monthly,2018-01-01,2018-01-31,Metro,"Phoenix, AZ metro area",1066,-20.41,603,-14.52,3.78,-0.57,2.1,-0.18
2026-09-03,Monthly,2018-01-01,2018-01-31,Metro,"Pittsburgh, PA metro area",555,1.59,164,-24.29,4.34,0.32,1.34,-0.1
2026-09-03,Monthly,2018-01-01,2018-01-31,Metro,"Portland, OR metro area",308,-11.13,167,31.42,3.36,-0.44,1.88,0.45
2026-09-03,Monthly,2018-01-01,2018-01-31,Metro,"Providence, RI metro area",383,-14.66,178,-10.8,5.08,-0.28,2.42,0.05
2026-09-03,Monthly,2018-01-01,2018-01-31,Metro,"Riverside, CA metro area",812,-23.95,432,-25.53,3.7,-0.85,1.88,-0.59
2026-09-03,Monthly,2018-01-01,2018-01-31,Metro,"Sacramento, CA metro area",427,3.13,254,21.4,5.45,-0.02,3.3,0.48
2026-09-03,Monthly,2018-01-01,2018-01-31,Metro,"San Antonio, TX metro area",516,2.38,216,6.87,4.49,0.03,1.91,0.06
2026-09-03,Monthly,2018-01-01,2018-01-31,Metro,"San Diego, CA metro area",369,-28.46,182,-11.74,3.93,-1.19,1.86,-0.16
2026-09-03,Monthly,2018-01-01,2018-01-31,Metro,"San Francisco, CA metro area",96,-6.6,65,-2.16,4.53,0.17,3.11,0.25
2026-09-03,Monthly,2018-01-01,2018-01-31,Metro,"San Jose, CA metro area",88,-34.41,33,-64.31,3.61,-0.68,1.37,-1.56
2026-09-03,Monthly,2018-01-01,2018-01-31,Metro,"Seattle, WA metro area",264,-8.73,138,-21.28,3.36,0.06,1.79,-0.22
2026-09-03,Monthly,2018-01-01,2018-01-31,Metro,"St. Louis, MO metro area",919,-1.24,342,-10.27,6.31,0.56,2.3,-0.14
2026-09-03,Monthly,2018-01-01,2018-01-31,Metro,"Tampa, FL metro area",778,-0.9,369,2.53,3.54,0.2,1.65,0.12
2026-09-03,Monthly,2018-01-01,2018-01-31,Metro,"Virginia Beach, VA metro area",582,-21.56,242,-12.3,5.01,-0.94,2.06,-0.25
2026-09-03,Monthly,2018-01-01,2018-01-31,Metro,"Warren, MI metro area",643,-2.45,235,-29.12,5.68,0.41,2.1,-0.57
2026-09-03,Monthly,2018-01-01,2018-01-31,Metro,"Washington, DC metro area",2932,33.88,593,-14.15,13.62,4.08,2.8,-0.3
2026-09-03,Monthly,2018-01-01,2018-01-31,Metro,"West Palm Beach, FL metro area",922,11.02,484,11.04,5.37,0.67,2.78,0.36
2026-09-03,Monthly,2017-12-01,2017-12-31,Metro,"Anaheim, CA metro area",428,-17.35,178,-25.28,4.4,-0.3,1.86,-0.34
2026-09-03,Monthly,2017-12-01,2017-12-31,Metro,"Atlanta, GA metro area",2823,-14.65,657,7.64,6.97,-0.13,1.66,0.31
2026-09-03,Monthly,2017-12-01,2017-12-31,Metro,"Austin, TX metro area",493,13.21,241,8.33,4.52,0.13,2.23,-0.02
2026-09-03,Monthly,2017-12-01,2017-12-31,Metro,"Baltimore, MD metro area",1598,0.5,433,-17.21,10.84,0.93,2.94,-0.36
2026-09-03,Monthly,2017-12-01,2017-12-31,Metro,"Boston, MA metro area",676,-13.41,333,-23.71,5.66,-0.27,2.73,-0.57
2026-09-03,Monthly,2017-12-01,2017-12-31,Metro,"Charlotte, NC metro area",576,-12.5,202,-11.31,4.28,-0.44,1.2,-0.07
2026-09-03,Monthly,2017-12-01,2017-12-31,Metro,"Chicago, IL metro area",2247,-6.31,1116,-0.72,5.61,-0.53,2.74,-0.09
2026-09-03,Monthly,2017-12-01,2017-12-31,Metro,"Cincinnati, OH metro area",479,-18.22,159,-26.48,3.91,-0.39,1.32,-0.31
2026-09-03,Monthly,2017-12-01,2017-12-31,Metro,"Cleveland, OH metro area",548,-9.41,252,0.67,4.96,0.02,2.26,0.15
2026-09-03,Monthly,2017-12-01,2017-12-31,Metro,"Columbus, OH metro area",343,-19.81,180,9.91,4,-0.46,2.05,0.36
2026-09-03,Monthly,2017-12-01,2017-12-31,Metro,"Dallas, TX metro area",1075,28.86,485,35.22,5.22,0.63,2.29,0.34
2026-09-03,Monthly,2017-12-01,2017-12-31,Metro,"Denver, CO metro area",407,-17.57,222,2.39,3.82,-0.4,2.14,0.21
2026-09-03,Monthly,2017-12-01,2017-12-31,Metro,"Detroit, MI metro area",386,-5.88,153,-23.59,5.6,-0.49,2.32,-0.75
2026-09-03,Monthly,2017-12-01,2017-12-31,Metro,"Fort Lauderdale, FL metro area",980,-6.67,411,-2.72,5.5,-0.05,2.25,0.05
2026-09-03,Monthly,2017-12-01,2017-12-31,Metro,"Fort Worth, TX metro area",397,-5.39,209,33.89,4.28,-0.38,2.3,0.53
2026-09-03,Monthly,2017-12-01,2017-12-31,Metro,"Houston, TX metro area",1996,4.24,832,20.4,5.87,0.06,2.45,0.35
2026-09-03,Monthly,2017-12-01,2017-12-31,Metro,"Indianapolis, IN metro area",517,-31.08,250,22.21,5.34,-1.2,2.63,0.84
2026-09-03,Monthly,2017-12-01,2017-12-31,Metro,"Jacksonville, FL metro area",381,-18.37,186,5.52,3.52,-0.7,1.67,0.13
2026-09-03,Monthly,2017-12-01,2017-12-31,Metro,"Kansas City, MO metro area",371,-9.69,169,-0.88,3.25,-0.32,1.51,0.03
2026-09-03,Monthly,2017-12-01,2017-12-31,Metro,"Las Vegas, NV metro area",453,-32.43,256,-5.19,3.37,-0.74,1.98,0.28
2026-09-03,Monthly,2017-12-01,2017-12-31,Metro,"Los Angeles, CA metro area",1146,-16.31,547,-3.77,5.11,-0.25,2.47,0.23
2026-09-03,Monthly,2017-12-01,2017-12-31,Metro,"Miami, FL metro area",1483,0.58,569,-2.63,6.72,0.28,2.65,-0.03
2026-09-03,Monthly,2017-12-01,2017-12-31,Metro,"Milwaukee, WI metro area",304,-14.07,93,-18.07,7.52,0.03,1.33,-0.17
2026-09-03,Monthly,2017-12-01,2017-12-31,Metro,"Minneapolis, MN metro area",560,-24.75,297,-12.51,3.89,-0.62,1.97,-0.02
2026-09-03,Monthly,2017-12-01,2017-12-31,Metro,"Montgomery County, PA metro area",839,-23.88,250,1.17,7.42,-2.43,2.23,0.11
2026-09-03,Monthly,2017-12-01,2017-12-31,Metro,"Nashville, TN metro area",787,22.31,269,9.1,5.8,0.99,1.96,0.12
2026-09-03,Monthly,2017-12-01,2017-12-31,Metro,"Nassau County, NY metro area",885,-12.45,344,-10.68,6.56,-0.37,2.51,-0.08
2026-09-03,Monthly,2017-12-01,2017-12-31,Metro,"New Brunswick, NJ metro area",1386,-8.3,477,-8.59,8.13,-0.19,2.82,-0.08
2026-09-03,Monthly,2017-12-01,2017-12-31,Metro,"New York, NY metro area",2318,7.89,922,25.45,5.4,0.75,2.21,0.6
2026-09-03,Monthly,2017-12-01,2017-12-31,Metro,"Newark, NJ metro area",995,-2.26,467,1.01,7.22,0.03,2.91,0.06
2026-09-03,Monthly,2017-12-01,2017-12-31,Metro,"Oakland, CA metro area",229,-22.62,109,-15.5,4.87,-0.53,2.41,0.01
2026-09-03,Monthly,2017-12-01,2017-12-31,Metro,"Orlando, FL metro area",693,-4.08,322,17.15,4.58,0.2,2.09,0.43
2026-09-03,Monthly,2017-12-01,2017-12-31,Metro,"Philadelphia, PA metro area",962,-14.77,304,10.84,9.69,-1.18,3.07,0.44
2026-09-03,Monthly,2017-12-01,2017-12-31,Metro,"Phoenix, AZ metro area",1159,-17.95,625,-10.09,4.03,-0.49,2.15,-0.05
2026-09-03,Monthly,2017-12-01,2017-12-31,Metro,"Pittsburgh, PA metro area",530,-2.43,181,48.26,3.93,-0.08,1.32,0.44
2026-09-03,Monthly,2017-12-01,2017-12-31,Metro,"Portland, OR metro area",311,-8.82,117,-33.32,3.45,-0.11,1.32,-0.56
2026-09-03,Monthly,2017-12-01,2017-12-31,Metro,"Providence, RI metro area",404,-1.04,119,-37.66,5.13,0.31,1.55,-0.74
2026-09-03,Monthly,2017-12-01,2017-12-31,Metro,"Riverside, CA metro area",832,-27.78,453,-23.97,3.82,-0.93,2.11,-0.32
2026-09-03,Monthly,2017-12-01,2017-12-31,Metro,"Sacramento, CA metro area",457,2.04,224,-13.06,5.8,0.05,2.91,-0.41
2026-09-03,Monthly,2017-12-01,2017-12-31,Metro,"San Antonio, TX metro area",573,3.82,201,-1.04,4.78,0.1,1.73,-0.06
2026-09-03,Monthly,2017-12-01,2017-12-31,Metro,"San Diego, CA metro area",367,-28.52,181,-25.66,3.76,-1.4,1.89,-0.47
2026-09-03,Monthly,2017-12-01,2017-12-31,Metro,"San Francisco, CA metro area",114,-26.99,52,-10.78,5.78,-1.02,2.55,0.15
2026-09-03,Monthly,2017-12-01,2017-12-31,Metro,"San Jose, CA metro area",87,-52.68,51,-31.25,3.71,-1.89,2.16,-0.06
2026-09-03,Monthly,2017-12-01,2017-12-31,Metro,"Seattle, WA metro area",266,-12.89,151,-30.21,3.46,0.1,2.06,-0.4
2026-09-03,Monthly,2017-12-01,2017-12-31,Metro,"St. Louis, MO metro area",843,-12.77,371,-16.07,5.54,-0.37,2.46,-0.34
2026-09-03,Monthly,2017-12-01,2017-12-31,Metro,"Tampa, FL metro area",782,0.88,315,-22.51,3.55,0.24,1.45,-0.27
2026-09-03,Monthly,2017-12-01,2017-12-31,Metro,"Virginia Beach, VA metro area",677,19.08,277,6.66,5.52,0.91,2.3,0.29
2026-09-03,Monthly,2017-12-01,2017-12-31,Metro,"Warren, MI metro area",655,-11.87,251,-23.8,5.77,-0.15,2.25,-0.42
2026-09-03,Monthly,2017-12-01,2017-12-31,Metro,"Washington, DC metro area",2465,11.74,608,-17.53,11.49,1.72,2.86,-0.42
2026-09-03,Monthly,2017-12-01,2017-12-31,Metro,"West Palm Beach, FL metro area",897,-3.28,468,7.82,5.26,-0.07,2.69,0.24
2026-09-03,Monthly,2017-11-01,2017-11-30,Metro,"Anaheim, CA metro area",408,-22.61,190,-22.71,4.27,-0.47,2,-0.27
2026-09-03,Monthly,2017-11-01,2017-11-30,Metro,"Atlanta, GA metro area",2773,-4.94,675,6.69,6.71,0.44,1.67,0.29
2026-09-03,Monthly,2017-11-01,2017-11-30,Metro,"Austin, TX metro area",511,10.12,237,16.66,4.69,0.12,2.16,0.12
2026-09-03,Monthly,2017-11-01,2017-11-30,Metro,"Baltimore, MD metro area",1474,-1.9,461,3.58,9.96,0.66,3.07,0.32
2026-09-03,Monthly,2017-11-01,2017-11-30,Metro,"Boston, MA metro area",723,-10.82,369,1.95,5.84,-0.25,3.03,0.28
2026-09-03,Monthly,2017-11-01,2017-11-30,Metro,"Charlotte, NC metro area",626,-6.06,214,-0.75,4.87,0.03,1.24,0.04
2026-09-03,Monthly,2017-11-01,2017-11-30,Metro,"Chicago, IL metro area",2267,-2.58,1105,-8.1,5.49,-0.45,2.67,-0.37
2026-09-03,Monthly,2017-11-01,2017-11-30,Metro,"Cincinnati, OH metro area",477,-9.21,214,-5.56,3.83,-0.03,1.71,0.03
2026-09-03,Monthly,2017-11-01,2017-11-30,Metro,"Cleveland, OH metro area",501,-20.02,212,-17.96,4.47,-0.66,1.97,-0.16
2026-09-03,Monthly,2017-11-01,2017-11-30,Metro,"Columbus, OH metro area",330,-20.02,155,2.73,3.68,-0.51,1.7,0.18
2026-09-03,Monthly,2017-11-01,2017-11-30,Metro,"Dallas, TX metro area",1056,29.61,479,27.29,5.01,0.64,2.26,0.25
2026-09-03,Monthly,2017-11-01,2017-11-30,Metro,"Denver, CO metro area",409,-14.41,236,4.7,3.81,-0.13,2.23,0.29
2026-09-03,Monthly,2017-11-01,2017-11-30,Metro,"Detroit, MI metro area",432,-30.6,156,-12.13,6.18,-2.77,2.29,-0.31
2026-09-03,Monthly,2017-11-01,2017-11-30,Metro,"Fort Lauderdale, FL metro area",1072,-3.19,428,2.15,5.95,0.16,2.36,0.2
2026-09-03,Monthly,2017-11-01,2017-11-30,Metro,"Fort Worth, TX metro area",399,0.67,180,-10.42,4.25,-0.05,1.93,-0.28
2026-09-03,Monthly,2017-11-01,2017-11-30,Metro,"Houston, TX metro area",1906,2.31,909,32.29,5.52,-0.12,2.65,0.57
2026-09-03,Monthly,2017-11-01,2017-11-30,Metro,"Indianapolis, IN metro area",564,-18.48,205,-20.72,5.89,-0.15,2.1,-0.18
2026-09-03,Monthly,2017-11-01,2017-11-30,Metro,"Jacksonville, FL metro area",355,-23.15,174,-0.19,3.37,-0.74,1.61,0.1
2026-09-03,Monthly,2017-11-01,2017-11-30,Metro,"Kansas City, MO metro area",379,-7.75,203,-2.69,3.34,-0.11,1.75,0.04
2026-09-03,Monthly,2017-11-01,2017-11-30,Metro,"Las Vegas, NV metro area",465,-35.73,229,-31.04,3.43,-0.92,1.73,-0.31
2026-09-03,Monthly,2017-11-01,2017-11-30,Metro,"Los Angeles, CA metro area",1123,-16.37,543,-10.33,4.96,-0.27,2.4,0.04
2026-09-03,Monthly,2017-11-01,2017-11-30,Metro,"Miami, FL metro area",1444,-1.08,674,20.3,6.66,0.11,3.16,0.57
2026-09-03,Monthly,2017-11-01,2017-11-30,Metro,"Milwaukee, WI metro area",322,-13.77,124,-9.25,6.64,-0.35,1.59,-0.07
2026-09-03,Monthly,2017-11-01,2017-11-30,Metro,"Minneapolis, MN metro area",669,-7.75,333,-11,4.4,0.14,2.16,-0.01
2026-09-03,Monthly,2017-11-01,2017-11-30,Metro,"Montgomery County, PA metro area",942,-10.93,277,5.81,8.4,-0.91,2.41,0.13
2026-09-03,Monthly,2017-11-01,2017-11-30,Metro,"Nashville, TN metro area",752,12.84,287,6.96,5.39,0.42,2.09,0.13
2026-09-03,Monthly,2017-11-01,2017-11-30,Metro,"Nassau County, NY metro area",808,-16.29,369,0.81,6.02,-0.54,2.74,0.29
2026-09-03,Monthly,2017-11-01,2017-11-30,Metro,"New Brunswick, NJ metro area",1330,-13.6,494,-7.08,7.9,-0.7,2.95,-0.04
2026-09-03,Monthly,2017-11-01,2017-11-30,Metro,"New York, NY metro area",2529,19.39,846,9.18,6.21,1.49,2.03,0.32
2026-09-03,Monthly,2017-11-01,2017-11-30,Metro,"Newark, NJ metro area",934,-11.11,483,3.82,6.7,-0.65,3.1,0.23
2026-09-03,Monthly,2017-11-01,2017-11-30,Metro,"Oakland, CA metro area",239,-19.58,118,-12.4,4.89,-0.4,2.49,0.03
2026-09-03,Monthly,2017-11-01,2017-11-30,Metro,"Orlando, FL metro area",683,-6.46,322,-1.06,4.4,0.02,2.02,0.13
2026-09-03,Monthly,2017-11-01,2017-11-30,Metro,"Philadelphia, PA metro area",1056,-0.73,306,16.62,10.68,0.43,3.06,0.54
2026-09-03,Monthly,2017-11-01,2017-11-30,Metro,"Phoenix, AZ metro area",1233,-9.91,679,-6.26,4.27,-0.08,2.31,0.03
2026-09-03,Monthly,2017-11-01,2017-11-30,Metro,"Pittsburgh, PA metro area",551,-13.39,159,-1.36,4.08,-0.34,1.23,0.16
2026-09-03,Monthly,2017-11-01,2017-11-30,Metro,"Portland, OR metro area",348,1.71,130,-5.48,3.65,0.18,1.42,-0.02
2026-09-03,Monthly,2017-11-01,2017-11-30,Metro,"Providence, RI metro area",400,-1.88,165,-21.71,5.18,0.31,2.17,-0.41
2026-09-03,Monthly,2017-11-01,2017-11-30,Metro,"Riverside, CA metro area",894,-20.16,444,-29.12,4.11,-0.51,2.01,-0.49
2026-09-03,Monthly,2017-11-01,2017-11-30,Metro,"Sacramento, CA metro area",461,0.91,219,-15.1,5.79,0.15,2.83,-0.45
2026-09-03,Monthly,2017-11-01,2017-11-30,Metro,"San Antonio, TX metro area",560,16.51,214,4.92,4.76,0.25,1.78,-0.02
2026-09-03,Monthly,2017-11-01,2017-11-30,Metro,"San Diego, CA metro area",388,-15.85,208,-15.22,4.11,-0.12,2.16,-0.21
2026-09-03,Monthly,2017-11-01,2017-11-30,Metro,"San Francisco, CA metro area",96,-38.94,58,-5.73,4.63,-1.89,2.66,0.21
2026-09-03,Monthly,2017-11-01,2017-11-30,Metro,"San Jose, CA metro area",66,-61.27,52,-35.74,2.8,-2.19,2.24,-0.19
2026-09-03,Monthly,2017-11-01,2017-11-30,Metro,"Seattle, WA metro area",310,-7.03,143,-25.53,3.67,0.1,1.78,-0.36
2026-09-03,Monthly,2017-11-01,2017-11-30,Metro,"St. Louis, MO metro area",874,-7.46,366,-5.87,5.67,-0.25,2.29,-0.09
2026-09-03,Monthly,2017-11-01,2017-11-30,Metro,"Tampa, FL metro area",746,-9.43,353,-8.68,3.4,0.04,1.61,0.05
2026-09-03,Monthly,2017-11-01,2017-11-30,Metro,"Virginia Beach, VA metro area",582,-19.12,280,8.82,4.81,-0.97,2.21,0.27
2026-09-03,Monthly,2017-11-01,2017-11-30,Metro,"Warren, MI metro area",644,-20.54,269,-18.55,5.48,-0.8,2.34,-0.26
2026-09-03,Monthly,2017-11-01,2017-11-30,Metro,"Washington, DC metro area",2251,-2.03,610,-12.04,10.26,-0.02,2.81,-0.32
2026-09-03,Monthly,2017-11-01,2017-11-30,Metro,"West Palm Beach, FL metro area",935,4.19,479,13.6,5.46,0.33,2.74,0.35
2026-09-03,Monthly,2017-10-01,2017-10-31,Metro,"Anaheim, CA metro area",417,-24.1,168,-34.15,4.28,-0.62,1.76,-0.56
2026-09-03,Monthly,2017-10-01,2017-10-31,Metro,"Atlanta, GA metro area",2876,-6.1,710,19.89,6.8,0.29,1.69,0.4
2026-09-03,Monthly,2017-10-01,2017-10-31,Metro,"Austin, TX metro area",516,3.13,204,-4.63,4.67,-0.31,1.9,-0.27
2026-09-03,Monthly,2017-10-01,2017-10-31,Metro,"Baltimore, MD metro area",1458,-9.42,440,-1.03,9.7,-0.22,2.91,0.18
2026-09-03,Monthly,2017-10-01,2017-10-31,Metro,"Boston, MA metro area",701,-13.73,359,5,5.75,-0.16,2.97,0.45
2026-09-03,Monthly,2017-10-01,2017-10-31,Metro,"Charlotte, NC metro area",567,-7.34,196,-11.92,4.08,-0.17,1.14,-0.08
2026-09-03,Monthly,2017-10-01,2017-10-31,Metro,"Chicago, IL metro area",2202,-7.92,1046,-9.72,5.33,-0.72,2.52,-0.39
2026-09-03,Monthly,2017-10-01,2017-10-31,Metro,"Cincinnati, OH metro area",484,-7.96,196,-14.66,3.91,0.14,1.57,-0.1
2026-09-03,Monthly,2017-10-01,2017-10-31,Metro,"Cleveland, OH metro area",546,-12.15,218,-9.66,4.84,-0.29,1.96,-0.07
2026-09-03,Monthly,2017-10-01,2017-10-31,Metro,"Columbus, OH metro area",359,-12.65,146,-34.29,3.83,-0.26,1.58,-0.66
2026-09-03,Monthly,2017-10-01,2017-10-31,Metro,"Dallas, TX metro area",959,28.19,479,11.75,4.54,0.48,2.28,-0.05
2026-09-03,Monthly,2017-10-01,2017-10-31,Metro,"Denver, CO metro area",429,-5.24,204,-10.72,3.79,0,1.91,-0.07
2026-09-03,Monthly,2017-10-01,2017-10-31,Metro,"Detroit, MI metro area",380,-40.59,174,-7.68,5.51,-3.27,2.55,-0.06
2026-09-03,Monthly,2017-10-01,2017-10-31,Metro,"Fort Lauderdale, FL metro area",1056,-1.09,416,2.36,5.88,0.34,2.3,0.23
2026-09-03,Monthly,2017-10-01,2017-10-31,Metro,"Fort Worth, TX metro area",419,15.49,215,6.79,4.47,0.49,2.25,0.04
2026-09-03,Monthly,2017-10-01,2017-10-31,Metro,"Houston, TX metro area",1936,7.66,863,28.6,5.56,0.16,2.51,0.47
2026-09-03,Monthly,2017-10-01,2017-10-31,Metro,"Indianapolis, IN metro area",586,-18.23,201,-20.52,5.86,-0.44,2.02,-0.2
2026-09-03,Monthly,2017-10-01,2017-10-31,Metro,"Jacksonville, FL metro area",371,-20.51,188,13.47,3.43,-0.59,1.71,0.27
2026-09-03,Monthly,2017-10-01,2017-10-31,Metro,"Kansas City, MO metro area",370,2.77,189,-6.46,3.35,0.2,1.67,0
2026-09-03,Monthly,2017-10-01,2017-10-31,Metro,"Las Vegas, NV metro area",447,-40.74,231,-33.32,3.21,-1.25,1.71,-0.39
2026-09-03,Monthly,2017-10-01,2017-10-31,Metro,"Los Angeles, CA metro area",1187,-12.2,521,-22.17,5.15,-0.11,2.28,-0.32
2026-09-03,Monthly,2017-10-01,2017-10-31,Metro,"Miami, FL metro area",1494,4.93,640,29.44,6.94,0.4,3.03,0.75
2026-09-03,Monthly,2017-10-01,2017-10-31,Metro,"Milwaukee, WI metro area",285,-21.83,109,-14.74,4.81,-0.53,1.44,-0.11
2026-09-03,Monthly,2017-10-01,2017-10-31,Metro,"Minneapolis, MN metro area",661,-13.9,282,-22.61,4.13,-0.33,1.82,-0.28
2026-09-03,Monthly,2017-10-01,2017-10-31,Metro,"Montgomery County, PA metro area",929,-16,265,-10.44,8.66,-0.83,2.4,-0.14
2026-09-03,Monthly,2017-10-01,2017-10-31,Metro,"Nashville, TN metro area",721,5.98,278,4.74,5.3,0.28,2,0.03
2026-09-03,Monthly,2017-10-01,2017-10-31,Metro,"Nassau County, NY metro area",840,-9.76,365,-8.49,6.3,0.05,2.68,0.01
2026-09-03,Monthly,2017-10-01,2017-10-31,Metro,"New Brunswick, NJ metro area",1304,-19.16,443,-4.89,7.73,-1.18,2.68,0.09
2026-09-03,Monthly,2017-10-01,2017-10-31,Metro,"New York, NY metro area",2445,17.54,803,13.14,5.85,1.18,1.88,0.33
2026-09-03,Monthly,2017-10-01,2017-10-31,Metro,"Newark, NJ metro area",925,-13.04,471,-3.05,6.79,-0.45,3.17,0.32
2026-09-03,Monthly,2017-10-01,2017-10-31,Metro,"Oakland, CA metro area",227,-31.16,109,-17.76,4.53,-1.25,2.22,-0.14
2026-09-03,Monthly,2017-10-01,2017-10-31,Metro,"Orlando, FL metro area",699,1.32,293,-15.41,4.57,0.58,1.85,-0.12
2026-09-03,Monthly,2017-10-01,2017-10-31,Metro,"Philadelphia, PA metro area",1092,6.47,327,7.46,10.88,1.12,3.18,0.32
2026-09-03,Monthly,2017-10-01,2017-10-31,Metro,"Phoenix, AZ metro area",1252,-4.13,664,-11.69,4.26,0.14,2.26,-0.09
2026-09-03,Monthly,2017-10-01,2017-10-31,Metro,"Pittsburgh, PA metro area",564,-9.5,182,25.47,4.07,-0.28,1.32,0.19
2026-09-03,Monthly,2017-10-01,2017-10-31,Metro,"Portland, OR metro area",305,-11.8,141,-17.78,3.27,-0.14,1.53,-0.19
2026-09-03,Monthly,2017-10-01,2017-10-31,Metro,"Providence, RI metro area",341,-25.64,184,-11.75,4.46,-1,2.39,-0.13
2026-09-03,Monthly,2017-10-01,2017-10-31,Metro,"Riverside, CA metro area",836,-26.71,447,-34.81,3.83,-0.8,1.98,-0.76
2026-09-03,Monthly,2017-10-01,2017-10-31,Metro,"Sacramento, CA metro area",475,-3.82,238,3.66,5.88,-0.08,3.03,0.18
2026-09-03,Monthly,2017-10-01,2017-10-31,Metro,"San Antonio, TX metro area",548,11.06,202,4.36,4.56,0.17,1.67,-0.06
2026-09-03,Monthly,2017-10-01,2017-10-31,Metro,"San Diego, CA metro area",371,-25.27,199,-6.84,3.81,-1.03,2.07,0.01
2026-09-03,Monthly,2017-10-01,2017-10-31,Metro,"San Francisco, CA metro area",106,-19.8,61,4.54,4.98,-0.48,2.76,0.44
2026-09-03,Monthly,2017-10-01,2017-10-31,Metro,"San Jose, CA metro area",76,-50.43,52,-18.74,3.24,-1.17,2.2,0.39
2026-09-03,Monthly,2017-10-01,2017-10-31,Metro,"Seattle, WA metro area",316,-12.82,132,-31.9,3.61,-0.13,1.57,-0.5
2026-09-03,Monthly,2017-10-01,2017-10-31,Metro,"St. Louis, MO metro area",884,-11.34,338,-14.14,5.72,-0.39,2.14,-0.23
2026-09-03,Monthly,2017-10-01,2017-10-31,Metro,"Tampa, FL metro area",838,6.44,366,8.71,3.79,0.67,1.67,0.34
2026-09-03,Monthly,2017-10-01,2017-10-31,Metro,"Virginia Beach, VA metro area",630,-13.17,252,-2.03,5.12,-0.71,1.93,-0.02
2026-09-03,Monthly,2017-10-01,2017-10-31,Metro,"Warren, MI metro area",621,-16.98,285,-14.24,5.14,-0.54,2.39,-0.19
2026-09-03,Monthly,2017-10-01,2017-10-31,Metro,"Washington, DC metro area",2312,-5.74,644,-0.68,10.42,-0.53,2.97,0.05
2026-09-03,Monthly,2017-10-01,2017-10-31,Metro,"West Palm Beach, FL metro area",950,8.05,523,29.98,5.54,0.46,3.04,0.73
2026-09-03,Monthly,2017-09-01,2017-09-30,Metro,"Anaheim, CA metro area",413,-32.91,196,-1.9,4.12,-1.19,2.05,0.28
2026-09-03,Monthly,2017-09-01,2017-09-30,Metro,"Atlanta, GA metro area",2780,-8.68,577,-14.53,6.43,-0.07,1.36,-0.11
2026-09-03,Monthly,2017-09-01,2017-09-30,Metro,"Austin, TX metro area",505,14.95,229,0.1,4.6,0.2,2.14,-0.17
2026-09-03,Monthly,2017-09-01,2017-09-30,Metro,"Baltimore, MD metro area",1658,10.79,442,-9.13,11.09,1.97,2.98,0.02
2026-09-03,Monthly,2017-09-01,2017-09-30,Metro,"Boston, MA metro area",740,-4.62,358,-11.1,5.82,0.15,2.86,-0.13
2026-09-03,Monthly,2017-09-01,2017-09-30,Metro,"Charlotte, NC metro area",584,-6.61,207,-11.59,3.46,-0.34,1.2,-0.09
2026-09-03,Monthly,2017-09-01,2017-09-30,Metro,"Chicago, IL metro area",2216,-8.26,1114,-3.33,5.35,-0.76,2.7,-0.19
2026-09-03,Monthly,2017-09-01,2017-09-30,Metro,"Cincinnati, OH metro area",542,2.28,191,-13.88,4.25,0.48,1.59,-0.01
2026-09-03,Monthly,2017-09-01,2017-09-30,Metro,"Cleveland, OH metro area",540,-10.79,235,-2.06,4.73,-0.2,2.1,0.07
2026-09-03,Monthly,2017-09-01,2017-09-30,Metro,"Columbus, OH metro area",389,-0.94,146,-1.58,4.09,0.19,1.52,0.07
2026-09-03,Monthly,2017-09-01,2017-09-30,Metro,"Dallas, TX metro area",993,24.96,491,14.47,4.74,0.42,2.34,0.01
2026-09-03,Monthly,2017-09-01,2017-09-30,Metro,"Denver, CO metro area",525,16.44,229,0.86,4.5,0.83,2.06,0.08
2026-09-03,Monthly,2017-09-01,2017-09-30,Metro,"Detroit, MI metro area",526,-10.27,150,-11.11,7.6,-0.26,2.2,-0.12
2026-09-03,Monthly,2017-09-01,2017-09-30,Metro,"Fort Lauderdale, FL metro area",951,-16.73,258,-38.15,5.56,-0.24,1.51,-0.62
2026-09-03,Monthly,2017-09-01,2017-09-30,Metro,"Fort Worth, TX metro area",433,28.53,189,-9.28,4.57,0.8,2.02,-0.28
2026-09-03,Monthly,2017-09-01,2017-09-30,Metro,"Houston, TX metro area",3161,69.95,775,14.27,8.88,3.17,2.22,0.14
2026-09-03,Monthly,2017-09-01,2017-09-30,Metro,"Indianapolis, IN metro area",586,-16.19,237,6.69,5.67,-0.36,2.3,0.38
2026-09-03,Monthly,2017-09-01,2017-09-30,Metro,"Jacksonville, FL metro area",446,0.26,155,-13.91,4.24,0.55,1.44,-0.08
2026-09-03,Monthly,2017-09-01,2017-09-30,Metro,"Kansas City, MO metro area",360,-8.09,163,-6.1,3.27,-0.07,1.45,0.03
2026-09-03,Monthly,2017-09-01,2017-09-30,Metro,"Las Vegas, NV metro area",515,-30.61,252,-21.36,3.7,-0.63,1.83,-0.07
2026-09-03,Monthly,2017-09-01,2017-09-30,Metro,"Los Angeles, CA metro area",1196,-16.08,552,-11.03,5.14,-0.31,2.37,0
2026-09-03,Monthly,2017-09-01,2017-09-30,Metro,"Miami, FL metro area",1371,-7.59,381,-31.8,6.44,-0.35,1.9,-0.65
2026-09-03,Monthly,2017-09-01,2017-09-30,Metro,"Milwaukee, WI metro area",288,-20.22,124,-20.64,3.51,-0.64,1.61,-0.19
2026-09-03,Monthly,2017-09-01,2017-09-30,Metro,"Minneapolis, MN metro area",644,-13.6,323,-14.97,3.99,-0.22,2.05,-0.12
2026-09-03,Monthly,2017-09-01,2017-09-30,Metro,"Montgomery County, PA metro area",1020,-5.88,275,6.99,9.3,-0.49,2.53,0.38
2026-09-03,Monthly,2017-09-01,2017-09-30,Metro,"Nashville, TN metro area",755,15.47,277,17.86,5.55,0.6,2.04,0.23
2026-09-03,Monthly,2017-09-01,2017-09-30,Metro,"Nassau County, NY metro area",909,-7.17,359,-5.48,6.72,0.21,2.65,0.17
2026-09-03,Monthly,2017-09-01,2017-09-30,Metro,"New Brunswick, NJ metro area",1187,-22.52,444,-5.48,7.19,-1.24,2.65,0.07
2026-09-03,Monthly,2017-09-01,2017-09-30,Metro,"New York, NY metro area",2283,16.11,810,13.99,5.35,1.11,1.9,0.39
2026-09-03,Monthly,2017-09-01,2017-09-30,Metro,"Newark, NJ metro area",1032,1.85,446,-1.06,7.07,0.23,2.92,-0.06
2026-09-03,Monthly,2017-09-01,2017-09-30,Metro,"Oakland, CA metro area",232,-25.95,118,-9.49,4.59,-0.72,2.37,0.1
2026-09-03,Monthly,2017-09-01,2017-09-30,Metro,"Orlando, FL metro area",703,-7.16,215,-30.45,4.71,0.48,1.58,-0.21
2026-09-03,Monthly,2017-09-01,2017-09-30,Metro,"Philadelphia, PA metro area",1572,53.49,337,23.13,15.74,5.98,3.36,0.78
2026-09-03,Monthly,2017-09-01,2017-09-30,Metro,"Phoenix, AZ metro area",1214,-11.63,640,-18.62,4.1,-0.22,2.16,-0.3
2026-09-03,Monthly,2017-09-01,2017-09-30,Metro,"Pittsburgh, PA metro area",552,-10.37,143,-6.01,3.9,-0.31,1.1,0.05
2026-09-03,Monthly,2017-09-01,2017-09-30,Metro,"Portland, OR metro area",344,-4.64,141,-17.28,3.64,0.11,1.53,-0.17
2026-09-03,Monthly,2017-09-01,2017-09-30,Metro,"Providence, RI metro area",357,-17.33,181,-16.82,4.55,-0.51,2.37,-0.21
2026-09-03,Monthly,2017-09-01,2017-09-30,Metro,"Riverside, CA metro area",858,-30.46,460,-22,3.92,-0.99,2.1,-0.22
2026-09-03,Monthly,2017-09-01,2017-09-30,Metro,"Sacramento, CA metro area",480,1.73,243,9.86,5.95,0.48,3.1,0.46
2026-09-03,Monthly,2017-09-01,2017-09-30,Metro,"San Antonio, TX metro area",548,6.54,230,22.19,4.62,0.21,1.86,0.23
2026-09-03,Monthly,2017-09-01,2017-09-30,Metro,"San Diego, CA metro area",377,-28.9,181,-20.76,3.82,-0.99,1.91,-0.21
2026-09-03,Monthly,2017-09-01,2017-09-30,Metro,"San Francisco, CA metro area",107,-26.22,63,-15.52,4.97,-0.87,2.8,-0.05
2026-09-03,Monthly,2017-09-01,2017-09-30,Metro,"San Jose, CA metro area",78,-52.92,49,-39.36,3.18,-1.45,2.02,-0.24
2026-09-03,Monthly,2017-09-01,2017-09-30,Metro,"Seattle, WA metro area",271,-29.02,174,-5.53,3.08,-0.74,2.06,0.16
2026-09-03,Monthly,2017-09-01,2017-09-30,Metro,"St. Louis, MO metro area",923,-3.11,395,11.22,5.99,0.21,2.42,0.38
2026-09-03,Monthly,2017-09-01,2017-09-30,Metro,"Tampa, FL metro area",830,4.68,290,-16.67,4.03,0.98,1.38,0.04
2026-09-03,Monthly,2017-09-01,2017-09-30,Metro,"Virginia Beach, VA metro area",609,-16.3,252,-2.74,5,-0.8,1.93,0.03
2026-09-03,Monthly,2017-09-01,2017-09-30,Metro,"Warren, MI metro area",649,-17.88,280,-17.24,5.29,-0.61,2.31,-0.26
2026-09-03,Monthly,2017-09-01,2017-09-30,Metro,"Washington, DC metro area",2302,-10.19,648,2.48,10.47,-0.83,2.92,0.09
2026-09-03,Monthly,2017-09-01,2017-09-30,Metro,"West Palm Beach, FL metro area",830,-12.04,315,-25.55,5.09,-0.07,1.97,-0.37
2026-09-03,Monthly,2017-08-01,2017-08-31,Metro,"Anaheim, CA metro area",416,-25.83,218,3.03,4.06,-0.82,2.21,0.32
2026-09-03,Monthly,2017-08-01,2017-08-31,Metro,"Atlanta, GA metro area",2971,-4.38,606,-12.78,6.7,0.11,1.38,-0.11
2026-09-03,Monthly,2017-08-01,2017-08-31,Metro,"Austin, TX metro area",501,20.88,205,6,4.61,0.33,1.89,-0.1
2026-09-03,Monthly,2017-08-01,2017-08-31,Metro,"Baltimore, MD metro area",1946,27.5,416,-9.98,13.08,3.96,2.8,0.06
2026-09-03,Monthly,2017-08-01,2017-08-31,Metro,"Boston, MA metro area",749,-5.26,320,-27.91,6.02,0.21,2.68,-0.67
2026-09-03,Monthly,2017-08-01,2017-08-31,Metro,"Charlotte, NC metro area",564,-5.82,207,-9.14,3.28,-0.14,1.19,-0.06
2026-09-03,Monthly,2017-08-01,2017-08-31,Metro,"Chicago, IL metro area",2217,-10.67,1125,-1.24,5.32,-0.92,2.71,-0.15
2026-09-03,Monthly,2017-08-01,2017-08-31,Metro,"Cincinnati, OH metro area",466,-22.19,200,-16.55,3.7,-0.47,1.57,-0.11
2026-09-03,Monthly,2017-08-01,2017-08-31,Metro,"Cleveland, OH metro area",533,-18.11,232,-13.83,4.68,-0.51,2.07,-0.13
2026-09-03,Monthly,2017-08-01,2017-08-31,Metro,"Columbus, OH metro area",356,-6.35,158,-6.74,3.65,0.04,1.66,0.02
2026-09-03,Monthly,2017-08-01,2017-08-31,Metro,"Dallas, TX metro area",961,17.17,445,21.29,4.67,0.21,2.15,0.18
2026-09-03,Monthly,2017-08-01,2017-08-31,Metro,"Denver, CO metro area",462,0,222,-13.63,4,0.25,2.01,-0.14
2026-09-03,Monthly,2017-08-01,2017-08-31,Metro,"Detroit, MI metro area",544,-18.6,159,-13.77,7.73,-0.93,2.34,-0.22
2026-09-03,Monthly,2017-08-01,2017-08-31,Metro,"Fort Lauderdale, FL metro area",1134,0.58,405,-3.35,6.11,0.41,2.16,0.05
2026-09-03,Monthly,2017-08-01,2017-08-31,Metro,"Fort Worth, TX metro area",409,2.4,197,12.63,4.33,0.02,2.08,0.18
2026-09-03,Monthly,2017-08-01,2017-08-31,Metro,"Houston, TX metro area",2280,21.43,648,-14.51,6.39,0.59,1.86,-0.48
2026-09-03,Monthly,2017-08-01,2017-08-31,Metro,"Indianapolis, IN metro area",621,-14.69,227,-12.59,5.97,-0.11,2.17,-0.01
2026-09-03,Monthly,2017-08-01,2017-08-31,Metro,"Jacksonville, FL metro area",389,-16.12,200,11.72,3.54,-0.23,1.79,0.29
2026-09-03,Monthly,2017-08-01,2017-08-31,Metro,"Kansas City, MO metro area",402,-0.11,163,-1.62,3.54,0.29,1.45,0.11
2026-09-03,Monthly,2017-08-01,2017-08-31,Metro,"Las Vegas, NV metro area",520,-29.42,276,-24.88,3.55,-0.65,1.93,-0.19
2026-09-03,Monthly,2017-08-01,2017-08-31,Metro,"Los Angeles, CA metro area",1176,-18.63,514,-22.71,4.97,-0.69,2.15,-0.43
2026-09-03,Monthly,2017-08-01,2017-08-31,Metro,"Miami, FL metro area",1581,8.71,615,13.05,7.7,0.82,2.83,0.35
2026-09-03,Monthly,2017-08-01,2017-08-31,Metro,"Milwaukee, WI metro area",298,-6.2,149,14.48,3.38,0.09,1.87,0.3
2026-09-03,Monthly,2017-08-01,2017-08-31,Metro,"Minneapolis, MN metro area",667,-11.26,326,-11.69,4.06,-0.1,2.06,-0.02
2026-09-03,Monthly,2017-08-01,2017-08-31,Metro,"Montgomery County, PA metro area",1043,-19.75,332,26.58,9.83,-0.25,3,0.85
2026-09-03,Monthly,2017-08-01,2017-08-31,Metro,"Nashville, TN metro area",772,21.36,251,0.03,5.69,0.83,1.88,-0.01
2026-09-03,Monthly,2017-08-01,2017-08-31,Metro,"Nassau County, NY metro area",859,-26.12,342,-14.61,6.34,-1.12,2.54,-0.05
2026-09-03,Monthly,2017-08-01,2017-08-31,Metro,"New Brunswick, NJ metro area",1287,-20.61,465,-5.43,7.67,-1.02,2.75,0.14
2026-09-03,Monthly,2017-08-01,2017-08-31,Metro,"New York, NY metro area",2465,17.32,752,-6.28,5.88,1.51,1.76,0.08
2026-09-03,Monthly,2017-08-01,2017-08-31,Metro,"Newark, NJ metro area",972,-15.07,455,-2.71,6.55,-0.61,3.12,0.19
2026-09-03,Monthly,2017-08-01,2017-08-31,Metro,"Oakland, CA metro area",229,-32.41,111,-20.13,4.51,-1.18,2.21,-0.16
2026-09-03,Monthly,2017-08-01,2017-08-31,Metro,"Orlando, FL metro area",710,-6.38,324,2.52,4.37,0.14,1.95,0.21
2026-09-03,Monthly,2017-08-01,2017-08-31,Metro,"Philadelphia, PA metro area",2228,47.41,316,7.64,22.35,8.5,3.1,0.45
2026-09-03,Monthly,2017-08-01,2017-08-31,Metro,"Phoenix, AZ metro area",1209,-21.26,659,-8.18,4.05,-0.76,2.19,-0.05
2026-09-03,Monthly,2017-08-01,2017-08-31,Metro,"Pittsburgh, PA metro area",569,-4.39,216,35.22,4.1,0.12,1.57,0.38
2026-09-03,Monthly,2017-08-01,2017-08-31,Metro,"Portland, OR metro area",335,-4.66,120,-19.31,3.57,0.19,1.3,-0.15
2026-09-03,Monthly,2017-08-01,2017-08-31,Metro,"Providence, RI metro area",343,-26.43,164,-31.86,4.55,-0.87,2.14,-0.66
2026-09-03,Monthly,2017-08-01,2017-08-31,Metro,"Riverside, CA metro area",896,-26.61,483,-16.35,4.04,-0.91,2.16,-0.16
2026-09-03,Monthly,2017-08-01,2017-08-31,Metro,"Sacramento, CA metro area",421,-17.27,241,-10.56,5.17,-0.63,2.9,-0.13
2026-09-03,Monthly,2017-08-01,2017-08-31,Metro,"San Antonio, TX metro area",548,20.34,179,-14.17,4.57,0.5,1.5,-0.28
2026-09-03,Monthly,2017-08-01,2017-08-31,Metro,"San Diego, CA metro area",394,-26.2,177,-27.72,4.26,-0.53,1.86,-0.37
2026-09-03,Monthly,2017-08-01,2017-08-31,Metro,"San Francisco, CA metro area",123,-22.53,53,-18.19,5.89,-0.38,2.41,0.02
2026-09-03,Monthly,2017-08-01,2017-08-31,Metro,"San Jose, CA metro area",63,-62.62,54,-32.32,2.46,-2.31,2.08,-0.13
2026-09-03,Monthly,2017-08-01,2017-08-31,Metro,"Seattle, WA metro area",312,-25.76,147,-28.38,3.52,-0.58,1.71,-0.37
2026-09-03,Monthly,2017-08-01,2017-08-31,Metro,"St. Louis, MO metro area",910,-8.15,360,-6.13,5.91,-0.08,2.29,-0.02
2026-09-03,Monthly,2017-08-01,2017-08-31,Metro,"Tampa, FL metro area",848,8.11,339,5.46,3.73,0.67,1.5,0.26
2026-09-03,Monthly,2017-08-01,2017-08-31,Metro,"Virginia Beach, VA metro area",553,-23.31,253,-10.94,4.54,-1.1,1.99,-0.17
2026-09-03,Monthly,2017-08-01,2017-08-31,Metro,"Warren, MI metro area",677,-20.66,272,-25.68,5.47,-0.74,2.24,-0.47
2026-09-03,Monthly,2017-08-01,2017-08-31,Metro,"Washington, DC metro area",2439,-0.93,666,-2.47,11.05,0.34,3.01,0.04
2026-09-03,Monthly,2017-08-01,2017-08-31,Metro,"West Palm Beach, FL metro area",987,6.62,457,13.9,5.53,0.46,2.61,0.36
2026-09-03,Monthly,2017-07-01,2017-07-31,Metro,"Anaheim, CA metro area",453,-15.06,220,-14.21,4.35,-0.28,2.18,-0.13
2026-09-03,Monthly,2017-07-01,2017-07-31,Metro,"Atlanta, GA metro area",2877,-2.02,619,-7.56,6.4,0.19,1.39,-0.02
2026-09-03,Monthly,2017-07-01,2017-07-31,Metro,"Austin, TX metro area",465,13.97,199,-2.39,4.33,0.07,1.85,-0.29
2026-09-03,Monthly,2017-07-01,2017-07-31,Metro,"Baltimore, MD metro area",2029,27.13,439,-1.72,13.18,3.79,2.9,0.23
2026-09-03,Monthly,2017-07-01,2017-07-31,Metro,"Boston, MA metro area",709,-17.63,340,-17.16,5.66,-0.6,2.85,-0.23
2026-09-03,Monthly,2017-07-01,2017-07-31,Metro,"Charlotte, NC metro area",620,4.8,203,-13.78,3.21,0.31,1.16,-0.15
2026-09-03,Monthly,2017-07-01,2017-07-31,Metro,"Chicago, IL metro area",2198,-11.07,1106,-4.94,5.24,-0.91,2.67,-0.24
2026-09-03,Monthly,2017-07-01,2017-07-31,Metro,"Cincinnati, OH metro area",489,-18.1,183,-26.85,3.72,-0.3,1.42,-0.29
2026-09-03,Monthly,2017-07-01,2017-07-31,Metro,"Cleveland, OH metro area",458,-30.58,211,-27.67,3.99,-1.23,1.92,-0.39
2026-09-03,Monthly,2017-07-01,2017-07-31,Metro,"Columbus, OH metro area",365,-11.66,157,-0.46,3.69,-0.22,1.62,0.12
2026-09-03,Monthly,2017-07-01,2017-07-31,Metro,"Dallas, TX metro area",894,12.82,414,12.53,4.4,0.04,2.04,0.02
2026-09-03,Monthly,2017-07-01,2017-07-31,Metro,"Denver, CO metro area",497,11.69,212,-13.27,4.31,0.64,1.91,-0.17
2026-09-03,Monthly,2017-07-01,2017-07-31,Metro,"Detroit, MI metro area",445,-12.56,171,-9.54,6.21,-0.4,2.38,0.03
2026-09-03,Monthly,2017-07-01,2017-07-31,Metro,"Fort Lauderdale, FL metro area",1165,-5.04,401,-2.74,6.15,0.06,2.11,0.06
2026-09-03,Monthly,2017-07-01,2017-07-31,Metro,"Fort Worth, TX metro area",370,-7.05,203,18.52,3.91,-0.44,2.16,0.28
2026-09-03,Monthly,2017-07-01,2017-07-31,Metro,"Houston, TX metro area",2005,14.09,714,0.37,5.58,0.14,2,-0.2
2026-09-03,Monthly,2017-07-01,2017-07-31,Metro,"Indianapolis, IN metro area",588,-16.96,241,-12.08,5.61,-0.21,2.29,0.01
2026-09-03,Monthly,2017-07-01,2017-07-31,Metro,"Jacksonville, FL metro area",395,-15.73,183,8.91,3.63,-0.29,1.65,0.23
2026-09-03,Monthly,2017-07-01,2017-07-31,Metro,"Kansas City, MO metro area",423,0,156,-4.57,3.62,0.31,1.4,0.09
2026-09-03,Monthly,2017-07-01,2017-07-31,Metro,"Las Vegas, NV metro area",537,-31.26,267,-22.74,3.77,-0.75,1.84,-0.14
2026-09-03,Monthly,2017-07-01,2017-07-31,Metro,"Los Angeles, CA metro area",1242,-11.96,541,-9.6,5.17,-0.47,2.24,-0.14
2026-09-03,Monthly,2017-07-01,2017-07-31,Metro,"Miami, FL metro area",1476,1.16,602,22.06,7.2,0.31,2.76,0.54
2026-09-03,Monthly,2017-07-01,2017-07-31,Metro,"Milwaukee, WI metro area",290,-7.68,133,-7.17,2.72,-0.12,1.73,-0.02
2026-09-03,Monthly,2017-07-01,2017-07-31,Metro,"Minneapolis, MN metro area",718,-0.11,306,-24.82,4.27,0.35,1.89,-0.38
2026-09-03,Monthly,2017-07-01,2017-07-31,Metro,"Montgomery County, PA metro area",1099,13.36,289,-4.6,10.28,1.44,2.57,0.1
2026-09-03,Monthly,2017-07-01,2017-07-31,Metro,"Nashville, TN metro area",706,9.27,271,12.37,5.2,0.28,2.01,0.14
2026-09-03,Monthly,2017-07-01,2017-07-31,Metro,"Nassau County, NY metro area",912,-6.62,349,-16.79,6.66,0.47,2.58,-0.07
2026-09-03,Monthly,2017-07-01,2017-07-31,Metro,"New Brunswick, NJ metro area",1314,-2.02,461,-3.67,7.73,0.56,2.67,0.15
2026-09-03,Monthly,2017-07-01,2017-07-31,Metro,"New York, NY metro area",2521,34.4,737,-3.54,5.94,2.05,1.71,0.11
2026-09-03,Monthly,2017-07-01,2017-07-31,Metro,"Newark, NJ metro area",990,-14.41,475,0.66,6.3,-0.58,3.12,0.25
2026-09-03,Monthly,2017-07-01,2017-07-31,Metro,"Oakland, CA metro area",257,-16.47,116,-19.7,5,-0.1,2.24,-0.17
2026-09-03,Monthly,2017-07-01,2017-07-31,Metro,"Orlando, FL metro area",700,-6.84,313,-0.19,4.18,0.03,1.89,0.17
2026-09-03,Monthly,2017-07-01,2017-07-31,Metro,"Philadelphia, PA metro area",2304,195.77,341,23.05,22.72,15.67,3.33,0.82
2026-09-03,Monthly,2017-07-01,2017-07-31,Metro,"Phoenix, AZ metro area",1272,-20.99,589,-18.59,4.26,-0.65,1.98,-0.25
2026-09-03,Monthly,2017-07-01,2017-07-31,Metro,"Pittsburgh, PA metro area",592,4.47,179,-1.9,4.25,0.52,1.42,0.08
2026-09-03,Monthly,2017-07-01,2017-07-31,Metro,"Portland, OR metro area",338,-2.44,134,-18.23,3.57,0.09,1.45,-0.19
2026-09-03,Monthly,2017-07-01,2017-07-31,Metro,"Providence, RI metro area",359,-20.86,181,-4.55,4.62,-0.6,2.33,0.13
2026-09-03,Monthly,2017-07-01,2017-07-31,Metro,"Riverside, CA metro area",974,-18.29,483,-10.35,4.28,-0.65,2.19,-0.08
2026-09-03,Monthly,2017-07-01,2017-07-31,Metro,"Sacramento, CA metro area",431,-6.58,239,-6.75,5.42,0.21,3.06,0.12
2026-09-03,Monthly,2017-07-01,2017-07-31,Metro,"San Antonio, TX metro area",569,15.54,246,17.78,4.7,0.55,1.97,0.23
2026-09-03,Monthly,2017-07-01,2017-07-31,Metro,"San Diego, CA metro area",382,-27.83,213,-12.64,3.86,-1,2.21,0.01
2026-09-03,Monthly,2017-07-01,2017-07-31,Metro,"San Francisco, CA metro area",128,-17.65,65,12.25,6.14,0.01,2.89,0.68
2026-09-03,Monthly,2017-07-01,2017-07-31,Metro,"San Jose, CA metro area",90,-50.48,61,-36.25,3.42,-1.68,2.26,-0.43
2026-09-03,Monthly,2017-07-01,2017-07-31,Metro,"Seattle, WA metro area",278,-33.13,157,-9.87,3.12,-0.94,1.8,0.05
2026-09-03,Monthly,2017-07-01,2017-07-31,Metro,"St. Louis, MO metro area",894,-4.34,428,13.72,5.39,-0.11,2.7,0.48
2026-09-03,Monthly,2017-07-01,2017-07-31,Metro,"Tampa, FL metro area",850,8.44,351,5.18,3.75,0.72,1.53,0.25
2026-09-03,Monthly,2017-07-01,2017-07-31,Metro,"Virginia Beach, VA metro area",611,-20.15,243,-12.99,4.96,-1.06,1.98,-0.3
2026-09-03,Monthly,2017-07-01,2017-07-31,Metro,"Warren, MI metro area",645,-20.04,267,-33.4,5.17,-0.66,2.18,-0.76
2026-09-03,Monthly,2017-07-01,2017-07-31,Metro,"Washington, DC metro area",2528,-2.51,612,-18.66,11.46,0.33,2.74,-0.46
2026-09-03,Monthly,2017-07-01,2017-07-31,Metro,"West Palm Beach, FL metro area",1005,5.52,416,6.37,5.57,0.32,2.36,0.18
2026-09-03,Monthly,2017-06-01,2017-06-30,Metro,"Anaheim, CA metro area",404,-28.09,221,-13.41,3.79,-1.28,2.12,-0.2
2026-09-03,Monthly,2017-06-01,2017-06-30,Metro,"Atlanta, GA metro area",2732,-18.08,608,-21.92,6.1,-0.77,1.35,-0.25
2026-09-03,Monthly,2017-06-01,2017-06-30,Metro,"Austin, TX metro area",468,25.19,234,19.35,4.35,0.38,2.16,0.11
2026-09-03,Monthly,2017-06-01,2017-06-30,Metro,"Baltimore, MD metro area",2074,28.17,470,2.15,13.39,3.87,3.1,0.39
2026-09-03,Monthly,2017-06-01,2017-06-30,Metro,"Boston, MA metro area",764,-13.91,382,-2.44,6.04,-0.37,3.19,0.2
2026-09-03,Monthly,2017-06-01,2017-06-30,Metro,"Charlotte, NC metro area",582,-3.58,199,-20.28,2.79,-0.05,1.13,-0.22
2026-09-03,Monthly,2017-06-01,2017-06-30,Metro,"Chicago, IL metro area",2367,0.27,1115,-4.34,5.56,-0.27,2.65,-0.25
2026-09-03,Monthly,2017-06-01,2017-06-30,Metro,"Cincinnati, OH metro area",471,-24.56,226,-12.1,3.56,-0.59,1.73,0.04
2026-09-03,Monthly,2017-06-01,2017-06-30,Metro,"Cleveland, OH metro area",506,-17.35,241,-13.12,4.35,-0.39,2.11,-0.08
2026-09-03,Monthly,2017-06-01,2017-06-30,Metro,"Columbus, OH metro area",343,-34.11,153,-13.63,3.55,-1.36,1.61,-0.09
2026-09-03,Monthly,2017-06-01,2017-06-30,Metro,"Dallas, TX metro area",885,20.27,390,-2.48,4.39,0.28,1.94,-0.29
2026-09-03,Monthly,2017-06-01,2017-06-30,Metro,"Denver, CO metro area",476,-1.02,224,-8.79,4.05,-0.03,2.02,-0.08
2026-09-03,Monthly,2017-06-01,2017-06-30,Metro,"Detroit, MI metro area",446,-15.81,143,-29.81,6.31,-0.44,1.96,-0.59
2026-09-03,Monthly,2017-06-01,2017-06-30,Metro,"Fort Lauderdale, FL metro area",1104,-9.76,403,1.09,5.77,-0.18,2.14,0.2
2026-09-03,Monthly,2017-06-01,2017-06-30,Metro,"Fort Worth, TX metro area",383,-0.15,170,-11.28,4.11,-0.14,1.8,-0.31
2026-09-03,Monthly,2017-06-01,2017-06-30,Metro,"Houston, TX metro area",1910,3.63,760,8.75,5.4,-0.33,2.14,-0.05
2026-09-03,Monthly,2017-06-01,2017-06-30,Metro,"Indianapolis, IN metro area",645,-12.98,240,-13.53,5.87,-0.12,2.25,0
2026-09-03,Monthly,2017-06-01,2017-06-30,Metro,"Jacksonville, FL metro area",402,-10.11,193,9.14,3.71,-0.03,1.77,0.29
2026-09-03,Monthly,2017-06-01,2017-06-30,Metro,"Kansas City, MO metro area",365,-6.72,185,11.87,3.28,0.17,1.65,0.36
2026-09-03,Monthly,2017-06-01,2017-06-30,Metro,"Las Vegas, NV metro area",519,-41.67,285,-10.78,3.54,-1.58,1.89,0.11
2026-09-03,Monthly,2017-06-01,2017-06-30,Metro,"Los Angeles, CA metro area",1194,-15.33,590,-0.98,4.92,-0.85,2.44,-0.02
2026-09-03,Monthly,2017-06-01,2017-06-30,Metro,"Miami, FL metro area",1479,3.05,602,12.51,7.02,0.34,2.79,0.39
2026-09-03,Monthly,2017-06-01,2017-06-30,Metro,"Milwaukee, WI metro area",273,-17.88,132,-23.18,2.31,-0.25,1.6,-0.31
2026-09-03,Monthly,2017-06-01,2017-06-30,Metro,"Minneapolis, MN metro area",629,-9.27,343,-8.88,3.66,-0.1,2.1,0.03
2026-09-03,Monthly,2017-06-01,2017-06-30,Metro,"Montgomery County, PA metro area",1148,-4.9,266,-21.22,10.62,1.16,2.47,-0.27
2026-09-03,Monthly,2017-06-01,2017-06-30,Metro,"Nashville, TN metro area",707,3.01,259,8.19,5.23,0.05,1.94,0.07
2026-09-03,Monthly,2017-06-01,2017-06-30,Metro,"Nassau County, NY metro area",876,-23.46,342,-15.49,6.34,-0.69,2.42,-0.12
2026-09-03,Monthly,2017-06-01,2017-06-30,Metro,"New Brunswick, NJ metro area",1288,-2.7,474,-8.27,7.49,0.5,2.75,0.06
2026-09-03,Monthly,2017-06-01,2017-06-30,Metro,"New York, NY metro area",2030,1.38,802,9.28,4.6,0.34,1.8,0.26
2026-09-03,Monthly,2017-06-01,2017-06-30,Metro,"Newark, NJ metro area",1034,-10.32,478,-5.07,6.72,0.06,3.04,0.17
2026-09-03,Monthly,2017-06-01,2017-06-30,Metro,"Oakland, CA metro area",234,-28.89,129,11.61,4.48,-1.25,2.46,0.46
2026-09-03,Monthly,2017-06-01,2017-06-30,Metro,"Orlando, FL metro area",663,-20.04,328,-2.64,3.8,-0.49,1.92,0.13
2026-09-03,Monthly,2017-06-01,2017-06-30,Metro,"Philadelphia, PA metro area",2359,100.17,299,-4.39,23.09,12.52,2.87,0.11
2026-09-03,Monthly,2017-06-01,2017-06-30,Metro,"Phoenix, AZ metro area",1344,-16.97,619,-14.96,4.41,-0.55,2.06,-0.16
2026-09-03,Monthly,2017-06-01,2017-06-30,Metro,"Pittsburgh, PA metro area",579,6.78,177,5.21,4.17,0.54,1.16,0.04
2026-09-03,Monthly,2017-06-01,2017-06-30,Metro,"Portland, OR metro area",327,-1.53,144,2.64,3.49,0.17,1.58,0.14
2026-09-03,Monthly,2017-06-01,2017-06-30,Metro,"Providence, RI metro area",407,-13.06,176,-19.27,5.13,-0.2,2.24,-0.28
2026-09-03,Monthly,2017-06-01,2017-06-30,Metro,"Riverside, CA metro area",965,-25,515,-6.84,4.18,-1.13,2.3,-0.09
2026-09-03,Monthly,2017-06-01,2017-06-30,Metro,"Sacramento, CA metro area",454,-8.69,234,-10.53,5.72,0.07,2.99,-0.02
2026-09-03,Monthly,2017-06-01,2017-06-30,Metro,"San Antonio, TX metro area",527,16.29,241,3.39,4.48,0.55,2.01,0.05
2026-09-03,Monthly,2017-06-01,2017-06-30,Metro,"San Diego, CA metro area",393,-25.75,184,-24.32,3.89,-0.72,1.88,-0.34
2026-09-03,Monthly,2017-06-01,2017-06-30,Metro,"San Francisco, CA metro area",154,7.13,54,-6.92,6.87,1.1,2.22,0.01
2026-09-03,Monthly,2017-06-01,2017-06-30,Metro,"San Jose, CA metro area",102,-45.83,61,-28.34,3.56,-1.87,2.12,-0.34
2026-09-03,Monthly,2017-06-01,2017-06-30,Metro,"Seattle, WA metro area",287,-28.93,151,-20.5,3.24,-0.76,1.74,-0.19
2026-09-03,Monthly,2017-06-01,2017-06-30,Metro,"St. Louis, MO metro area",889,-11.15,374,-11.22,5.41,-0.52,2.32,0.03
2026-09-03,Monthly,2017-06-01,2017-06-30,Metro,"Tampa, FL metro area",809,0.57,371,15.83,3.53,0.47,1.61,0.39
2026-09-03,Monthly,2017-06-01,2017-06-30,Metro,"Virginia Beach, VA metro area",588,-23.95,249,-3.92,4.8,-1.36,2.11,0.01
2026-09-03,Monthly,2017-06-01,2017-06-30,Metro,"Warren, MI metro area",655,-26.49,299,-24.81,5.26,-0.99,2.43,-0.43
2026-09-03,Monthly,2017-06-01,2017-06-30,Metro,"Washington, DC metro area",2620,-2.34,642,-14.56,11.7,0.41,2.85,-0.27
2026-09-03,Monthly,2017-06-01,2017-06-30,Metro,"West Palm Beach, FL metro area",1039,10.99,397,15.27,5.69,0.63,2.23,0.33
2026-09-03,Monthly,2017-05-01,2017-05-31,Metro,"Anaheim, CA metro area",448,-11.25,227,-14.08,4.05,-0.45,2.13,-0.29
2026-09-03,Monthly,2017-05-01,2017-05-31,Metro,"Atlanta, GA metro area",2772,-14.91,735,2.07,6.08,-0.66,1.61,0.13
2026-09-03,Monthly,2017-05-01,2017-05-31,Metro,"Austin, TX metro area",492,31.55,239,18.83,4.51,0.62,2.21,0.09
2026-09-03,Monthly,2017-05-01,2017-05-31,Metro,"Baltimore, MD metro area",1980,25.63,440,-8.37,12.75,3.56,2.89,0.06
2026-09-03,Monthly,2017-05-01,2017-05-31,Metro,"Boston, MA metro area",764,-15.37,360,-12.94,5.71,-0.48,2.92,-0.17
2026-09-03,Monthly,2017-05-01,2017-05-31,Metro,"Charlotte, NC metro area",589,-4.05,213,-4.33,2.62,0.02,1.19,-0.03
2026-09-03,Monthly,2017-05-01,2017-05-31,Metro,"Chicago, IL metro area",2290,-2.95,1101,-8.42,5.3,-0.48,2.61,-0.36
2026-09-03,Monthly,2017-05-01,2017-05-31,Metro,"Cincinnati, OH metro area",486,-19.48,193,-25.06,3.63,-0.33,1.47,-0.18
2026-09-03,Monthly,2017-05-01,2017-05-31,Metro,"Cleveland, OH metro area",622,-9.32,232,-16.73,5.22,0.01,2.02,-0.15
2026-09-03,Monthly,2017-05-01,2017-05-31,Metro,"Columbus, OH metro area",345,-12.08,163,-9.13,3.56,-0.06,1.73,0.03
2026-09-03,Monthly,2017-05-01,2017-05-31,Metro,"Dallas, TX metro area",929,21.54,407,15.46,4.66,0.42,2.04,0.06
2026-09-03,Monthly,2017-05-01,2017-05-31,Metro,"Denver, CO metro area",422,-5.79,220,-8.78,3.65,-0.12,1.97,-0.14
2026-09-03,Monthly,2017-05-01,2017-05-31,Metro,"Detroit, MI metro area",387,-36.1,155,-40.77,5.57,-2.11,2.21,-1
2026-09-03,Monthly,2017-05-01,2017-05-31,Metro,"Fort Lauderdale, FL metro area",1231,-7.49,415,-7.06,6.33,0.03,2.17,0.02
2026-09-03,Monthly,2017-05-01,2017-05-31,Metro,"Fort Worth, TX metro area",423,8.18,178,-16.15,4.51,0.09,1.87,-0.46
2026-09-03,Monthly,2017-05-01,2017-05-31,Metro,"Houston, TX metro area",1768,-2.5,779,13.34,5.07,-0.53,2.22,0.08
2026-09-03,Monthly,2017-05-01,2017-05-31,Metro,"Indianapolis, IN metro area",752,5.24,228,-20.15,6.81,1.24,2.11,-0.16
2026-09-03,Monthly,2017-05-01,2017-05-31,Metro,"Jacksonville, FL metro area",414,-7.25,174,-16.66,3.73,0.04,1.61,-0.08
2026-09-03,Monthly,2017-05-01,2017-05-31,Metro,"Kansas City, MO metro area",342,-16.31,183,-4.82,3.16,-0.01,1.65,0.16
2026-09-03,Monthly,2017-05-01,2017-05-31,Metro,"Las Vegas, NV metro area",571,-25.26,320,-3.47,3.83,-0.51,2.04,0.23
2026-09-03,Monthly,2017-05-01,2017-05-31,Metro,"Los Angeles, CA metro area",1266,-7.82,578,-14.84,5.14,-0.47,2.34,-0.46
2026-09-03,Monthly,2017-05-01,2017-05-31,Metro,"Miami, FL metro area",1463,0.62,608,10.35,6.94,0.09,2.79,0.32
2026-09-03,Monthly,2017-05-01,2017-05-31,Metro,"Milwaukee, WI metro area",296,-15,122,-31.5,2.23,-0.35,1.52,-0.49
2026-09-03,Monthly,2017-05-01,2017-05-31,Metro,"Minneapolis, MN metro area",593,-18.92,329,-19.84,3.44,-0.42,1.99,-0.27
2026-09-03,Monthly,2017-05-01,2017-05-31,Metro,"Montgomery County, PA metro area",1210,4.6,282,-10.35,11.03,1.79,2.61,0.02
2026-09-03,Monthly,2017-05-01,2017-05-31,Metro,"Nashville, TN metro area",704,8.07,231,-6.51,5.32,0.28,1.74,-0.15
2026-09-03,Monthly,2017-05-01,2017-05-31,Metro,"Nassau County, NY metro area",927,-12.99,340,-19.35,6.5,0.08,2.41,-0.13
2026-09-03,Monthly,2017-05-01,2017-05-31,Metro,"New Brunswick, NJ metro area",1379,6.77,481,-10.38,7.95,1.33,2.71,-0.02
2026-09-03,Monthly,2017-05-01,2017-05-31,Metro,"New York, NY metro area",2287,7.04,708,-1.79,5.26,0.94,1.68,0.2
2026-09-03,Monthly,2017-05-01,2017-05-31,Metro,"Newark, NJ metro area",1021,-5.49,490,2.98,6.48,-0.02,3.23,0.45
2026-09-03,Monthly,2017-05-01,2017-05-31,Metro,"Oakland, CA metro area",272,6.36,131,2.75,5.07,0.56,2.42,0.17
2026-09-03,Monthly,2017-05-01,2017-05-31,Metro,"Orlando, FL metro area",701,-8.58,296,-10.25,4.15,0.03,1.79,0.03
2026-09-03,Monthly,2017-05-01,2017-05-31,Metro,"Philadelphia, PA metro area",2558,117.97,290,-19.97,24.39,14.2,2.78,-0.35
2026-09-03,Monthly,2017-05-01,2017-05-31,Metro,"Phoenix, AZ metro area",1315,-21.85,687,-11.11,4.27,-0.83,2.24,-0.12
2026-09-03,Monthly,2017-05-01,2017-05-31,Metro,"Pittsburgh, PA metro area",457,-20.21,149,-2.47,3.45,-0.45,1.1,0.22
2026-09-03,Monthly,2017-05-01,2017-05-31,Metro,"Portland, OR metro area",300,-10.82,160,23.44,3.35,-0.11,1.8,0.46
2026-09-03,Monthly,2017-05-01,2017-05-31,Metro,"Providence, RI metro area",362,-15.54,200,-24.38,4.5,-0.31,2.54,-0.43
2026-09-03,Monthly,2017-05-01,2017-05-31,Metro,"Riverside, CA metro area",981,-26.91,557,-0.15,4.27,-1.24,2.45,0.07
2026-09-03,Monthly,2017-05-01,2017-05-31,Metro,"Sacramento, CA metro area",404,-21.02,236,-7.93,5.18,-0.65,3.09,0.11
2026-09-03,Monthly,2017-05-01,2017-05-31,Metro,"San Antonio, TX metro area",569,22.06,214,7.89,4.7,0.71,1.81,0.12
2026-09-03,Monthly,2017-05-01,2017-05-31,Metro,"San Diego, CA metro area",440,-23.6,217,-22.49,4.52,-0.76,2.19,-0.33
2026-09-03,Monthly,2017-05-01,2017-05-31,Metro,"San Francisco, CA metro area",159,9.88,68,64.39,6.73,0.73,2.86,1.16
2026-09-03,Monthly,2017-05-01,2017-05-31,Metro,"San Jose, CA metro area",117,-30.18,76,-8.76,3.9,-1.07,2.53,0.07
2026-09-03,Monthly,2017-05-01,2017-05-31,Metro,"Seattle, WA metro area",258,-32.84,173,-6.49,2.95,-0.87,1.99,0.15
2026-09-03,Monthly,2017-05-01,2017-05-31,Metro,"St. Louis, MO metro area",939,-6.28,384,-12.09,6.09,0.24,2.53,0.01
2026-09-03,Monthly,2017-05-01,2017-05-31,Metro,"Tampa, FL metro area",773,-1.05,348,2.74,3.44,0.43,1.51,0.22
2026-09-03,Monthly,2017-05-01,2017-05-31,Metro,"Virginia Beach, VA metro area",700,-7.24,257,-5.35,5.63,-0.29,2.11,-0.11
2026-09-03,Monthly,2017-05-01,2017-05-31,Metro,"Warren, MI metro area",670,-33.8,312,-25.03,5.31,-1.67,2.5,-0.39
2026-09-03,Monthly,2017-05-01,2017-05-31,Metro,"Washington, DC metro area",2519,-4.42,657,-10.67,11.24,0.29,2.89,-0.18
2026-09-03,Monthly,2017-05-01,2017-05-31,Metro,"West Palm Beach, FL metro area",977,2.13,415,9.67,5.35,0.12,2.32,0.24
2026-09-03,Monthly,2017-04-01,2017-04-30,Metro,"Anaheim, CA metro area",474,-9.04,247,-9.35,4.36,-0.4,2.25,-0.24
2026-09-03,Monthly,2017-04-01,2017-04-30,Metro,"Atlanta, GA metro area",2965,1.04,706,-12.64,6.52,0.48,1.54,-0.09
2026-09-03,Monthly,2017-04-01,2017-04-30,Metro,"Austin, TX metro area",471,10.57,220,10.1,4.59,0.03,2.1,-0.02
2026-09-03,Monthly,2017-04-01,2017-04-30,Metro,"Baltimore, MD metro area",1887,19.34,463,-13.26,12.34,3.24,3.03,-0.12
2026-09-03,Monthly,2017-04-01,2017-04-30,Metro,"Boston, MA metro area",792,-14.17,368,-8.99,5.93,-0.04,2.98,0.14
2026-09-03,Monthly,2017-04-01,2017-04-30,Metro,"Charlotte, NC metro area",583,-2.97,196,-20.6,2.3,0.05,1.1,-0.24
2026-09-03,Monthly,2017-04-01,2017-04-30,Metro,"Chicago, IL metro area",2262,-1.89,1047,-17.39,5.29,-0.32,2.51,-0.59
2026-09-03,Monthly,2017-04-01,2017-04-30,Metro,"Cincinnati, OH metro area",410,-34.45,237,-16.56,3.03,-0.93,1.76,-0.14
2026-09-03,Monthly,2017-04-01,2017-04-30,Metro,"Cleveland, OH metro area",580,-22.08,262,-13.68,4.85,-0.59,2.17,0.05
2026-09-03,Monthly,2017-04-01,2017-04-30,Metro,"Columbus, OH metro area",298,-32.01,162,-17.4,3.13,-0.84,1.72,-0.09
2026-09-03,Monthly,2017-04-01,2017-04-30,Metro,"Dallas, TX metro area",859,7.08,421,13.9,4.43,0.01,2.19,0.13
2026-09-03,Monthly,2017-04-01,2017-04-30,Metro,"Denver, CO metro area",437,10.08,238,8.36,3.81,0.45,2.11,0.24
2026-09-03,Monthly,2017-04-01,2017-04-30,Metro,"Detroit, MI metro area",417,-41.73,165,-37.96,6.05,-2.66,2.34,-0.76
2026-09-03,Monthly,2017-04-01,2017-04-30,Metro,"Fort Lauderdale, FL metro area",1157,-3.4,430,-2.37,5.95,0.26,2.23,0.1
2026-09-03,Monthly,2017-04-01,2017-04-30,Metro,"Fort Worth, TX metro area",359,-11.27,197,12.09,3.96,-0.48,2.15,0.22
2026-09-03,Monthly,2017-04-01,2017-04-30,Metro,"Houston, TX metro area",1764,-2.71,784,14.62,5.14,-0.46,2.26,0.16
2026-09-03,Monthly,2017-04-01,2017-04-30,Metro,"Indianapolis, IN metro area",745,2.59,244,-14.44,6.66,1.16,2.19,0.01
2026-09-03,Monthly,2017-04-01,2017-04-30,Metro,"Jacksonville, FL metro area",436,-4.04,187,-0.86,3.92,0.18,1.73,0.19
2026-09-03,Monthly,2017-04-01,2017-04-30,Metro,"Kansas City, MO metro area",365,-12.19,172,6.39,3.31,0.22,1.52,0.3
2026-09-03,Monthly,2017-04-01,2017-04-30,Metro,"Las Vegas, NV metro area",577,-25.56,302,-17.39,3.72,-0.57,1.9,-0.06
2026-09-03,Monthly,2017-04-01,2017-04-30,Metro,"Los Angeles, CA metro area",1237,-12.96,626,-3.73,5.03,-0.75,2.51,-0.15
2026-09-03,Monthly,2017-04-01,2017-04-30,Metro,"Miami, FL metro area",1552,10.32,584,12.17,7.43,1.08,2.69,0.32
2026-09-03,Monthly,2017-04-01,2017-04-30,Metro,"Milwaukee, WI metro area",316,-21.08,149,-33.94,2.73,-0.14,1.62,-0.75
2026-09-03,Monthly,2017-04-01,2017-04-30,Metro,"Minneapolis, MN metro area",610,-15.7,331,-24.14,3.5,-0.18,1.98,-0.36
2026-09-03,Monthly,2017-04-01,2017-04-30,Metro,"Montgomery County, PA metro area",1286,23.48,339,-8.86,11.74,3.57,3.04,0.09
2026-09-03,Monthly,2017-04-01,2017-04-30,Metro,"Nashville, TN metro area",697,3.14,233,-4.01,5.24,0.09,1.8,-0.04
2026-09-03,Monthly,2017-04-01,2017-04-30,Metro,"Nassau County, NY metro area",830,-24.19,340,-19.46,5.84,-0.53,2.41,-0.08
2026-09-03,Monthly,2017-04-01,2017-04-30,Metro,"New Brunswick, NJ metro area",1423,10.37,523,-10.59,8.07,1.55,2.9,0
2026-09-03,Monthly,2017-04-01,2017-04-30,Metro,"New York, NY metro area",1978,-10.52,723,-1.8,4.85,0.36,1.75,0.25
2026-09-03,Monthly,2017-04-01,2017-04-30,Metro,"Newark, NJ metro area",1060,-8.73,482,4.84,6.33,-0.11,3.19,0.23
2026-09-03,Monthly,2017-04-01,2017-04-30,Metro,"Oakland, CA metro area",248,-12.65,139,19.31,4.76,-0.32,2.63,0.53
2026-09-03,Monthly,2017-04-01,2017-04-30,Metro,"Orlando, FL metro area",633,-19.37,352,5.84,3.7,-0.33,2.11,0.36
2026-09-03,Monthly,2017-04-01,2017-04-30,Metro,"Philadelphia, PA metro area",2406,111.62,277,-15.36,23,13.38,2.69,-0.09
2026-09-03,Monthly,2017-04-01,2017-04-30,Metro,"Phoenix, AZ metro area",1217,-27.82,691,-5.05,4.03,-1.07,2.26,0.04
2026-09-03,Monthly,2017-04-01,2017-04-30,Metro,"Pittsburgh, PA metro area",554,0.65,189,23.19,3.93,0.32,1.45,0.34
2026-09-03,Monthly,2017-04-01,2017-04-30,Metro,"Portland, OR metro area",285,-22.94,170,3.96,3.18,-0.69,1.88,0.18
2026-09-03,Monthly,2017-04-01,2017-04-30,Metro,"Providence, RI metro area",351,-29.48,215,-17.37,4.43,-0.84,2.74,-0.07
2026-09-03,Monthly,2017-04-01,2017-04-30,Metro,"Riverside, CA metro area",997,-20.37,552,-4.66,4.33,-0.91,2.42,-0.02
2026-09-03,Monthly,2017-04-01,2017-04-30,Metro,"Sacramento, CA metro area",402,-14.16,252,1.63,5.32,0.04,3.34,0.51
2026-09-03,Monthly,2017-04-01,2017-04-30,Metro,"San Antonio, TX metro area",522,6.72,242,15.12,4.45,0.3,1.99,0.31
2026-09-03,Monthly,2017-04-01,2017-04-30,Metro,"San Diego, CA metro area",441,-20.94,245,-11.58,4.16,-0.81,2.48,0.04
2026-09-03,Monthly,2017-04-01,2017-04-30,Metro,"San Francisco, CA metro area",125,-0.67,76,7.88,5.15,-0.13,3.25,0.2
2026-09-03,Monthly,2017-04-01,2017-04-30,Metro,"San Jose, CA metro area",111,-26.4,102,29.1,3.49,-0.71,3.34,1.05
2026-09-03,Monthly,2017-04-01,2017-04-30,Metro,"Seattle, WA metro area",262,-35.3,182,-9.38,3.1,-0.7,2.17,0.23
2026-09-03,Monthly,2017-04-01,2017-04-30,Metro,"St. Louis, MO metro area",923,0.24,430,-1.9,5.95,0.78,2.71,0.35
2026-09-03,Monthly,2017-04-01,2017-04-30,Metro,"Tampa, FL metro area",723,-13.4,340,-8.9,3.17,-0.05,1.49,0.06
2026-09-03,Monthly,2017-04-01,2017-04-30,Metro,"Virginia Beach, VA metro area",564,-29.64,272,-7.01,4.5,-1.88,2.25,-0.08
2026-09-03,Monthly,2017-04-01,2017-04-30,Metro,"Warren, MI metro area",662,-38.95,320,-31.75,5.18,-1.87,2.57,-0.52
2026-09-03,Monthly,2017-04-01,2017-04-30,Metro,"Washington, DC metro area",2573,-8.29,656,-21.53,11.28,0.06,2.84,-0.42
2026-09-03,Monthly,2017-04-01,2017-04-30,Metro,"West Palm Beach, FL metro area",927,2.31,410,1.71,5.24,0.31,2.26,0.02
2026-09-03,Monthly,2017-03-01,2017-03-31,Metro,"Anaheim, CA metro area",425,-16.7,260,-13.49,3.97,-0.82,2.3,-0.45
2026-09-03,Monthly,2017-03-01,2017-03-31,Metro,"Atlanta, GA metro area",3024,-0.43,824,-0.19,6.54,0.2,1.71,0.03
2026-09-03,Monthly,2017-03-01,2017-03-31,Metro,"Austin, TX metro area",443,-0.18,233,9.56,4.29,-0.36,2.22,0
2026-09-03,Monthly,2017-03-01,2017-03-31,Metro,"Baltimore, MD metro area",1776,32.53,507,-9.88,11.19,3.53,3.16,0.04
2026-09-03,Monthly,2017-03-01,2017-03-31,Metro,"Boston, MA metro area",819,-7.94,373,-34.69,6.09,0.55,2.92,-0.9
2026-09-03,Monthly,2017-03-01,2017-03-31,Metro,"Charlotte, NC metro area",628,-5.51,202,-20.33,2.83,-0.15,1.11,-0.27
2026-09-03,Monthly,2017-03-01,2017-03-31,Metro,"Chicago, IL metro area",2296,-6.1,1108,-7.68,5.36,-0.53,2.61,-0.34
2026-09-03,Monthly,2017-03-01,2017-03-31,Metro,"Cincinnati, OH metro area",499,-22.34,231,-23.12,3.61,-0.44,1.71,-0.21
2026-09-03,Monthly,2017-03-01,2017-03-31,Metro,"Cleveland, OH metro area",581,-16.76,281,-23.6,4.77,-0.33,2.16,-0.45
2026-09-03,Monthly,2017-03-01,2017-03-31,Metro,"Columbus, OH metro area",362,-17.93,142,-31.62,3.82,-0.15,1.48,-0.42
2026-09-03,Monthly,2017-03-01,2017-03-31,Metro,"Dallas, TX metro area",850,8.8,408,-1.68,4.3,0.08,2.07,-0.21
2026-09-03,Monthly,2017-03-01,2017-03-31,Metro,"Denver, CO metro area",423,-39.07,229,-4.95,3.7,-1.8,2.01,0.07
2026-09-03,Monthly,2017-03-01,2017-03-31,Metro,"Detroit, MI metro area",459,-30.29,168,-32.89,6.52,-1.24,2.38,-0.63
2026-09-03,Monthly,2017-03-01,2017-03-31,Metro,"Fort Lauderdale, FL metro area",1081,-13.85,425,-7.29,5.65,-0.35,2.22,0.03
2026-09-03,Monthly,2017-03-01,2017-03-31,Metro,"Fort Worth, TX metro area",346,-8.57,217,13.42,3.86,-0.28,2.39,0.32
2026-09-03,Monthly,2017-03-01,2017-03-31,Metro,"Houston, TX metro area",1736,-6.84,892,25.26,5.04,-0.6,2.54,0.4
2026-09-03,Monthly,2017-03-01,2017-03-31,Metro,"Indianapolis, IN metro area",864,19.7,265,-10.59,7.4,2.09,2.32,0.06
2026-09-03,Monthly,2017-03-01,2017-03-31,Metro,"Jacksonville, FL metro area",396,-20.49,185,-14.26,3.59,-0.46,1.67,-0.04
2026-09-03,Monthly,2017-03-01,2017-03-31,Metro,"Kansas City, MO metro area",365,-17.93,187,20.02,3.31,0.18,1.62,0.46
2026-09-03,Monthly,2017-03-01,2017-03-31,Metro,"Las Vegas, NV metro area",554,-22.41,339,-1.39,3.46,-0.46,2.11,0.25
2026-09-03,Monthly,2017-03-01,2017-03-31,Metro,"Los Angeles, CA metro area",1214,-16.29,627,-8.92,4.89,-1.02,2.54,-0.27
2026-09-03,Monthly,2017-03-01,2017-03-31,Metro,"Miami, FL metro area",1508,5.82,622,24.4,6.87,0.43,2.85,0.57
2026-09-03,Monthly,2017-03-01,2017-03-31,Metro,"Milwaukee, WI metro area",268,-27.17,172,-12.49,2.3,-1.24,1.99,-0.11
2026-09-03,Monthly,2017-03-01,2017-03-31,Metro,"Minneapolis, MN metro area",557,-21.9,349,-21.51,3.08,-0.56,2.05,-0.33
2026-09-03,Monthly,2017-03-01,2017-03-31,Metro,"Montgomery County, PA metro area",1332,37.84,283,-36.49,11.58,3.86,2.45,-0.97
2026-09-03,Monthly,2017-03-01,2017-03-31,Metro,"Nashville, TN metro area",696,7.64,240,-16.21,5.29,0.28,1.75,-0.38
2026-09-03,Monthly,2017-03-01,2017-03-31,Metro,"Nassau County, NY metro area",816,-32.41,368,-26.94,5.7,-1.19,2.6,-0.36
2026-09-03,Monthly,2017-03-01,2017-03-31,Metro,"New Brunswick, NJ metro area",1416,16.74,505,-30.55,7.78,1.96,2.77,-0.73
2026-09-03,Monthly,2017-03-01,2017-03-31,Metro,"New York, NY metro area",2087,-3.05,740,-12.53,4.82,0.37,1.7,-0.01
2026-09-03,Monthly,2017-03-01,2017-03-31,Metro,"Newark, NJ metro area",1001,-8.29,465,0.6,6.51,0.12,3.46,-0.06
2026-09-03,Monthly,2017-03-01,2017-03-31,Metro,"Oakland, CA metro area",260,3.1,154,22.07,5.02,0.31,3.01,0.64
2026-09-03,Monthly,2017-03-01,2017-03-31,Metro,"Orlando, FL metro area",656,-11.91,322,-1.43,3.85,0,1.88,0.2
2026-09-03,Monthly,2017-03-01,2017-03-31,Metro,"Philadelphia, PA metro area",2218,102.39,295,-22.36,20.57,11.54,2.78,-0.35
2026-09-03,Monthly,2017-03-01,2017-03-31,Metro,"Phoenix, AZ metro area",1234,-23.98,729,-6.01,4.03,-1.04,2.36,-0.02
2026-09-03,Monthly,2017-03-01,2017-03-31,Metro,"Pittsburgh, PA metro area",522,-0.38,194,-6.05,3.57,0.14,1.47,0.04
2026-09-03,Monthly,2017-03-01,2017-03-31,Metro,"Portland, OR metro area",292,-10.49,170,16.84,3.2,-0.19,1.86,0.31
2026-09-03,Monthly,2017-03-01,2017-03-31,Metro,"Providence, RI metro area",400,-11.33,216,-31.46,5,0.23,2.67,-0.62
2026-09-03,Monthly,2017-03-01,2017-03-31,Metro,"Riverside, CA metro area",948,-27.51,596,0.05,4.11,-1.36,2.56,0.05
2026-09-03,Monthly,2017-03-01,2017-03-31,Metro,"Sacramento, CA metro area",415,-14.64,243,-12.05,5.37,-0.25,3.19,0
2026-09-03,Monthly,2017-03-01,2017-03-31,Metro,"San Antonio, TX metro area",530,-2.83,217,0.51,4.36,-0.08,1.82,0.07
2026-09-03,Monthly,2017-03-01,2017-03-31,Metro,"San Diego, CA metro area",486,-4.3,239,-14.77,5.04,0.67,2.3,-0.17
2026-09-03,Monthly,2017-03-01,2017-03-31,Metro,"San Francisco, CA metro area",136,-1.11,65,27.85,5.69,-0.26,2.73,0.53
2026-09-03,Monthly,2017-03-01,2017-03-31,Metro,"San Jose, CA metro area",161,2.97,97,29.62,5.11,0.67,3.16,0.92
2026-09-03,Monthly,2017-03-01,2017-03-31,Metro,"Seattle, WA metro area",341,-17.43,166,-5.24,3.92,-0.12,1.97,0.21
2026-09-03,Monthly,2017-03-01,2017-03-31,Metro,"St. Louis, MO metro area",976,5.53,423,-7.5,6.33,1.38,2.6,0.05
2026-09-03,Monthly,2017-03-01,2017-03-31,Metro,"Tampa, FL metro area",783,-0.52,371,3.06,3.34,0.31,1.6,0.22
2026-09-03,Monthly,2017-03-01,2017-03-31,Metro,"Virginia Beach, VA metro area",608,-16.87,281,2.06,4.77,-0.78,2.24,0.11
2026-09-03,Monthly,2017-03-01,2017-03-31,Metro,"Warren, MI metro area",618,-44.09,323,-28.39,4.68,-2.32,2.49,-0.4
2026-09-03,Monthly,2017-03-01,2017-03-31,Metro,"Washington, DC metro area",2436,-3.77,683,-31.32,10.27,0.26,2.87,-1.07
2026-09-03,Monthly,2017-03-01,2017-03-31,Metro,"West Palm Beach, FL metro area",911,7.74,394,2.26,5.18,0.23,2.22,0.05
2026-09-03,Monthly,2017-02-01,2017-02-28,Metro,"Anaheim, CA metro area",422,-25.37,277,2.13,3.97,-1.45,2.53,-0.05
2026-09-03,Monthly,2017-02-01,2017-02-28,Metro,"Atlanta, GA metro area",3069,-4.6,828,7.29,6.67,-0.08,1.77,0.16
2026-09-03,Monthly,2017-02-01,2017-02-28,Metro,"Austin, TX metro area",473,8.84,216,3.64,4.6,0.03,2.13,-0.1
2026-09-03,Monthly,2017-02-01,2017-02-28,Metro,"Baltimore, MD metro area",1471,5.3,519,8.7,9.01,1.08,3.23,0.54
2026-09-03,Monthly,2017-02-01,2017-02-28,Metro,"Boston, MA metro area",810,-15.55,398,-14.64,6.15,-0.07,2.95,0.01
2026-09-03,Monthly,2017-02-01,2017-02-28,Metro,"Charlotte, NC metro area",583,-15.55,311,28.16,2.6,-0.52,1.81,0.49
2026-09-03,Monthly,2017-02-01,2017-02-28,Metro,"Chicago, IL metro area",2201,-7.38,1223,4.82,5.28,-0.5,2.94,0.13
2026-09-03,Monthly,2017-02-01,2017-02-28,Metro,"Cincinnati, OH metro area",530,-10.82,288,2.35,3.79,0.01,2.09,0.28
2026-09-03,Monthly,2017-02-01,2017-02-28,Metro,"Cleveland, OH metro area",548,-27.7,280,-15.29,4.38,-0.94,2.19,-0.15
2026-09-03,Monthly,2017-02-01,2017-02-28,Metro,"Columbus, OH metro area",336,-30.62,170,-14.22,3.42,-1,1.69,-0.12
2026-09-03,Monthly,2017-02-01,2017-02-28,Metro,"Dallas, TX metro area",814,1.34,416,9.24,4.23,-0.23,2.26,0.16
2026-09-03,Monthly,2017-02-01,2017-02-28,Metro,"Denver, CO metro area",412,-17.56,238,3.86,3.68,-0.24,2.12,0.31
2026-09-03,Monthly,2017-02-01,2017-02-28,Metro,"Detroit, MI metro area",498,-33.12,213,6.12,6.96,-1.84,2.97,0.6
2026-09-03,Monthly,2017-02-01,2017-02-28,Metro,"Fort Lauderdale, FL metro area",1027,-20.97,447,-3.57,5.42,-0.89,2.34,0.12
2026-09-03,Monthly,2017-02-01,2017-02-28,Metro,"Fort Worth, TX metro area",365,-17.43,207,14.42,3.98,-0.7,2.28,0.31
2026-09-03,Monthly,2017-02-01,2017-02-28,Metro,"Houston, TX metro area",1747,-2.59,849,16.27,5.12,-0.3,2.48,0.25
2026-09-03,Monthly,2017-02-01,2017-02-28,Metro,"Indianapolis, IN metro area",743,-8.54,300,6.55,6.48,0.25,2.6,0.4
2026-09-03,Monthly,2017-02-01,2017-02-28,Metro,"Jacksonville, FL metro area",436,-11.24,172,-9.28,3.88,-0.22,1.56,0.08
2026-09-03,Monthly,2017-02-01,2017-02-28,Metro,"Kansas City, MO metro area",376,-13.7,208,27.88,3.26,0.22,1.79,0.54
2026-09-03,Monthly,2017-02-01,2017-02-28,Metro,"Las Vegas, NV metro area",654,-14.06,335,-6.69,4.2,-0.09,2.13,0.17
2026-09-03,Monthly,2017-02-01,2017-02-28,Metro,"Los Angeles, CA metro area",1275,-17.62,558,-12.78,5.21,-1.07,2.29,-0.4
2026-09-03,Monthly,2017-02-01,2017-02-28,Metro,"Miami, FL metro area",1480,6.47,579,10.44,6.61,0.51,2.68,0.28
2026-09-03,Monthly,2017-02-01,2017-02-28,Metro,"Milwaukee, WI metro area",299,-28.59,167,-10.73,3.13,-1.15,1.93,-0.19
2026-09-03,Monthly,2017-02-01,2017-02-28,Metro,"Minneapolis, MN metro area",506,-28.93,352,-20.99,2.97,-0.91,2.08,-0.29
2026-09-03,Monthly,2017-02-01,2017-02-28,Metro,"Montgomery County, PA metro area",1330,29.31,380,20.85,11.25,3.01,3.16,0.68
2026-09-03,Monthly,2017-02-01,2017-02-28,Metro,"Nashville, TN metro area",697,4.69,234,-4.68,5.24,0.06,1.71,-0.12
2026-09-03,Monthly,2017-02-01,2017-02-28,Metro,"Nassau County, NY metro area",907,-23.85,395,-6.89,6.27,-0.65,2.77,0.37
2026-09-03,Monthly,2017-02-01,2017-02-28,Metro,"New Brunswick, NJ metro area",1409,3.03,572,2.91,7.45,1.13,3.05,0.42
2026-09-03,Monthly,2017-02-01,2017-02-28,Metro,"New York, NY metro area",2194,8.09,758,1.23,4.95,0.78,1.7,0.15
2026-09-03,Monthly,2017-02-01,2017-02-28,Metro,"Newark, NJ metro area",983,0.49,447,-0.29,6.53,0.09,3.21,0.11
2026-09-03,Monthly,2017-02-01,2017-02-28,Metro,"Oakland, CA metro area",253,-5.51,125,1.92,4.9,0,2.48,0.16
2026-09-03,Monthly,2017-02-01,2017-02-28,Metro,"Orlando, FL metro area",714,-8.23,325,-10.18,4.31,0.17,1.91,0.07
2026-09-03,Monthly,2017-02-01,2017-02-28,Metro,"Philadelphia, PA metro area",2001,87.37,317,-8.82,18.19,9.36,2.94,0.05
2026-09-03,Monthly,2017-02-01,2017-02-28,Metro,"Phoenix, AZ metro area",1387,-8.44,728,-1.56,4.56,-0.19,2.37,0.07
2026-09-03,Monthly,2017-02-01,2017-02-28,Metro,"Pittsburgh, PA metro area",563,8.47,248,31.75,4.05,0.49,1.74,0.45
2026-09-03,Monthly,2017-02-01,2017-02-28,Metro,"Portland, OR metro area",333,1.62,165,5.34,3.59,0.16,1.8,0.14
2026-09-03,Monthly,2017-02-01,2017-02-28,Metro,"Providence, RI metro area",547,-8.15,209,-12.62,6.45,0.56,2.51,0.03
2026-09-03,Monthly,2017-02-01,2017-02-28,Metro,"Riverside, CA metro area",965,-23.98,578,-5.13,4.17,-1.08,2.48,-0.09
2026-09-03,Monthly,2017-02-01,2017-02-28,Metro,"Sacramento, CA metro area",397,-15.26,208,-29.67,5.4,-0.04,2.85,-0.65
2026-09-03,Monthly,2017-02-01,2017-02-28,Metro,"San Antonio, TX metro area",444,-17.07,210,9.93,4.03,-0.43,1.84,0.25
2026-09-03,Monthly,2017-02-01,2017-02-28,Metro,"San Diego, CA metro area",483,-8.21,228,-19.42,4.72,0.07,2.24,-0.23
2026-09-03,Monthly,2017-02-01,2017-02-28,Metro,"San Francisco, CA metro area",113,-20.84,69,42.09,5.16,-1.49,2.97,0.76
2026-09-03,Monthly,2017-02-01,2017-02-28,Metro,"San Jose, CA metro area",168,16.23,89,15.67,5.46,0.95,2.88,0.39
2026-09-03,Monthly,2017-02-01,2017-02-28,Metro,"Seattle, WA metro area",339,-15.04,159,-12.06,3.98,-0.01,1.9,0.06
2026-09-03,Monthly,2017-02-01,2017-02-28,Metro,"St. Louis, MO metro area",982,8.82,456,36.42,6.06,0.72,2.84,0.87
2026-09-03,Monthly,2017-02-01,2017-02-28,Metro,"Tampa, FL metro area",798,2.2,364,3.45,3.43,0.37,1.56,0.21
2026-09-03,Monthly,2017-02-01,2017-02-28,Metro,"Virginia Beach, VA metro area",588,-23.27,284,-1.27,4.72,-1.18,2.31,-0.02
2026-09-03,Monthly,2017-02-01,2017-02-28,Metro,"Warren, MI metro area",672,-39.56,418,6.11,5.09,-1.83,3.2,0.74
2026-09-03,Monthly,2017-02-01,2017-02-28,Metro,"Washington, DC metro area",2199,-20.63,690,-16.6,9.38,-1.95,2.93,-0.56
2026-09-03,Monthly,2017-02-01,2017-02-28,Metro,"West Palm Beach, FL metro area",882,1.29,373,-1.51,5.01,-0.05,2.08,-0.12
2026-09-03,Monthly,2017-01-01,2017-01-31,Metro,"Anaheim, CA metro area",461,-8.69,262,-0.85,4.26,-0.65,2.39,-0.2
2026-09-03,Monthly,2017-01-01,2017-01-31,Metro,"Atlanta, GA metro area",2781,-25.61,693,-0.23,6.12,-1.68,1.53,0.06
2026-09-03,Monthly,2017-01-01,2017-01-31,Metro,"Austin, TX metro area",460,7.46,221,2.39,4.53,-0.05,2.24,-0.13
2026-09-03,Monthly,2017-01-01,2017-01-31,Metro,"Baltimore, MD metro area",1399,-3.99,480,7.72,8.64,0.6,2.95,0.45
2026-09-03,Monthly,2017-01-01,2017-01-31,Metro,"Boston, MA metro area",845,-15.12,433,1.47,6.21,-0.2,3.13,0.46
2026-09-03,Monthly,2017-01-01,2017-01-31,Metro,"Charlotte, NC metro area",654,-28.58,211,-13.05,4.27,-1.15,1.17,-0.14
2026-09-03,Monthly,2017-01-01,2017-01-31,Metro,"Chicago, IL metro area",2246,-11.05,1149,-6.52,5.66,-0.35,2.81,-0.11
2026-09-03,Monthly,2017-01-01,2017-01-31,Metro,"Cincinnati, OH metro area",523,-19.44,273,0.06,3.87,-0.28,1.95,0.18
2026-09-03,Monthly,2017-01-01,2017-01-31,Metro,"Cleveland, OH metro area",614,-15.82,275,-13.61,5.01,-0.06,2.21,0.03
2026-09-03,Monthly,2017-01-01,2017-01-31,Metro,"Columbus, OH metro area",374,-24.08,165,-14.27,3.88,-0.56,1.69,0
2026-09-03,Monthly,2017-01-01,2017-01-31,Metro,"Dallas, TX metro area",821,-0.33,411,-6.88,4.42,-0.15,2.27,-0.2
2026-09-03,Monthly,2017-01-01,2017-01-31,Metro,"Denver, CO metro area",392,-20.19,244,-1,3.48,-0.33,2.16,0.23
2026-09-03,Monthly,2017-01-01,2017-01-31,Metro,"Detroit, MI metro area",403,-46.97,198,2.87,5.87,-1.72,2.95,1.02
2026-09-03,Monthly,2017-01-01,2017-01-31,Metro,"Fort Lauderdale, FL metro area",1109,-12.29,423,-9.55,5.81,-0.39,2.18,-0.08
2026-09-03,Monthly,2017-01-01,2017-01-31,Metro,"Fort Worth, TX metro area",370,-17.53,183,-5.11,4.11,-0.64,2.06,-0.04
2026-09-03,Monthly,2017-01-01,2017-01-31,Metro,"Houston, TX metro area",1731,-12.39,814,16.36,5.09,-1.13,2.41,0.24
2026-09-03,Monthly,2017-01-01,2017-01-31,Metro,"Indianapolis, IN metro area",675,-11.95,254,-4.5,5.92,0.09,2.28,0.22
2026-09-03,Monthly,2017-01-01,2017-01-31,Metro,"Jacksonville, FL metro area",457,-4.5,197,13.36,4.09,0.11,1.75,0.35
2026-09-03,Monthly,2017-01-01,2017-01-31,Metro,"Kansas City, MO metro area",379,-11.42,205,-61.05,3.29,0.42,1.83,-1.81
2026-09-03,Monthly,2017-01-01,2017-01-31,Metro,"Las Vegas, NV metro area",610,-22.2,323,-19.43,3.84,-0.5,2.07,-0.17
2026-09-03,Monthly,2017-01-01,2017-01-31,Metro,"Los Angeles, CA metro area",1320,-7.57,583,-9.67,5.23,-0.73,2.34,-0.36
2026-09-03,Monthly,2017-01-01,2017-01-31,Metro,"Miami, FL metro area",1537,13.08,606,15.71,6.89,0.81,2.77,0.3
2026-09-03,Monthly,2017-01-01,2017-01-31,Metro,"Milwaukee, WI metro area",293,-35.18,147,-23.03,5.32,-1.77,1.8,-0.26
2026-09-03,Monthly,2017-01-01,2017-01-31,Metro,"Minneapolis, MN metro area",571,-24.76,363,-21.29,3.48,-0.59,2.14,-0.29
2026-09-03,Monthly,2017-01-01,2017-01-31,Metro,"Montgomery County, PA metro area",1372,22.76,309,-12.42,11.19,2.7,2.65,-0.1
2026-09-03,Monthly,2017-01-01,2017-01-31,Metro,"Nashville, TN metro area",663,-4.81,254,7.21,4.9,-0.11,1.85,0.09
2026-09-03,Monthly,2017-01-01,2017-01-31,Metro,"Nassau County, NY metro area",965,-16.14,365,-16.37,6.76,0.4,2.53,0.14
2026-09-03,Monthly,2017-01-01,2017-01-31,Metro,"New Brunswick, NJ metro area",1559,-8.89,543,-13.26,8.37,0.59,2.99,0.11
2026-09-03,Monthly,2017-01-01,2017-01-31,Metro,"New York, NY metro area",2107,-5.01,701,-10.76,4.66,0.16,1.54,-0.07
2026-09-03,Monthly,2017-01-01,2017-01-31,Metro,"Newark, NJ metro area",1105,-9.79,437,3.45,7.62,-0.03,3.1,0.46
2026-09-03,Monthly,2017-01-01,2017-01-31,Metro,"Oakland, CA metro area",264,2.87,132,10.03,4.92,-0.01,2.53,0.19
2026-09-03,Monthly,2017-01-01,2017-01-31,Metro,"Orlando, FL metro area",692,-9.21,342,0.17,4.17,0.15,2,0.21
2026-09-03,Monthly,2017-01-01,2017-01-31,Metro,"Philadelphia, PA metro area",1966,62.68,307,-8.56,18.77,8.81,2.89,0.11
2026-09-03,Monthly,2017-01-01,2017-01-31,Metro,"Phoenix, AZ metro area",1339,-9.28,706,-7.64,4.35,-0.33,2.29,-0.14
2026-09-03,Monthly,2017-01-01,2017-01-31,Metro,"Pittsburgh, PA metro area",546,-1.24,216,31.21,4.02,0.28,1.44,0.37
2026-09-03,Monthly,2017-01-01,2017-01-31,Metro,"Portland, OR metro area",346,9.38,127,-29.72,3.8,0.41,1.43,-0.53
2026-09-03,Monthly,2017-01-01,2017-01-31,Metro,"Providence, RI metro area",449,-18.16,199,-20.49,5.36,-0.08,2.37,-0.14
2026-09-03,Monthly,2017-01-01,2017-01-31,Metro,"Riverside, CA metro area",1068,-12.58,579,-10.92,4.55,-0.64,2.47,-0.27
2026-09-03,Monthly,2017-01-01,2017-01-31,Metro,"Sacramento, CA metro area",414,-13.37,209,-28.23,5.47,-0.03,2.82,-0.6
2026-09-03,Monthly,2017-01-01,2017-01-31,Metro,"San Antonio, TX metro area",504,8.23,202,-1.65,4.45,0.28,1.85,0.03
2026-09-03,Monthly,2017-01-01,2017-01-31,Metro,"San Diego, CA metro area",515,-9.06,207,-24.04,5.12,-0.05,2.01,-0.43
2026-09-03,Monthly,2017-01-01,2017-01-31,Metro,"San Francisco, CA metro area",102,3.45,67,19.39,4.36,-0.21,2.86,0.27
2026-09-03,Monthly,2017-01-01,2017-01-31,Metro,"San Jose, CA metro area",134,-7.88,94,41.31,4.29,-0.4,2.93,0.82
2026-09-03,Monthly,2017-01-01,2017-01-31,Metro,"Seattle, WA metro area",290,-29.55,176,-15.01,3.31,-0.8,2.01,-0.1
2026-09-03,Monthly,2017-01-01,2017-01-31,Metro,"St. Louis, MO metro area",931,-7.52,381,-3.45,5.75,-0.04,2.43,0.16
2026-09-03,Monthly,2017-01-01,2017-01-31,Metro,"Tampa, FL metro area",785,-3.43,359,-0.15,3.34,0.18,1.53,0.14
2026-09-03,Monthly,2017-01-01,2017-01-31,Metro,"Virginia Beach, VA metro area",742,-0.6,276,-1.02,5.95,0.18,2.31,0.1
2026-09-03,Monthly,2017-01-01,2017-01-31,Metro,"Warren, MI metro area",659,-44.89,331,-24.83,5.27,-1.32,2.67,0.22
2026-09-03,Monthly,2017-01-01,2017-01-31,Metro,"Washington, DC metro area",2190,-18.26,691,-4.03,9.54,-1.43,3.09,0.13
2026-09-03,Monthly,2017-01-01,2017-01-31,Metro,"West Palm Beach, FL metro area",830,-6.26,436,13.04,4.7,-0.57,2.42,0.17
2026-09-03,Monthly,2016-12-01,2016-12-31,Metro,"Anaheim, CA metro area",517,-16.36,238,-5.25,4.7,-1.28,2.2,-0.25
2026-09-03,Monthly,2016-12-01,2016-12-31,Metro,"Atlanta, GA metro area",3308,5.29,611,-10.05,7.1,0.61,1.35,-0.08
2026-09-03,Monthly,2016-12-01,2016-12-31,Metro,"Austin, TX metro area",435,-4.56,223,6.08,4.39,-0.51,2.25,-0.02
2026-09-03,Monthly,2016-12-01,2016-12-31,Metro,"Baltimore, MD metro area",1590,3.23,523,-1.77,9.91,1.56,3.3,0.38
2026-09-03,Monthly,2016-12-01,2016-12-31,Metro,"Boston, MA metro area",780,-24.98,436,-0.79,5.94,-0.88,3.31,0.44
2026-09-03,Monthly,2016-12-01,2016-12-31,Metro,"Charlotte, NC metro area",658,2.6,228,-7.79,4.72,0.4,1.27,-0.05
2026-09-03,Monthly,2016-12-01,2016-12-31,Metro,"Chicago, IL metro area",2398,-2.74,1124,-11.06,6.14,0.26,2.83,-0.17
2026-09-03,Monthly,2016-12-01,2016-12-31,Metro,"Cincinnati, OH metro area",586,-4.16,216,-36.02,4.3,0.36,1.63,-0.54
2026-09-03,Monthly,2016-12-01,2016-12-31,Metro,"Cleveland, OH metro area",604,-17.37,251,-10.11,4.94,-0.17,2.11,0.13
2026-09-03,Monthly,2016-12-01,2016-12-31,Metro,"Columbus, OH metro area",427,-13.76,164,-20.24,4.46,-0.02,1.69,-0.16
2026-09-03,Monthly,2016-12-01,2016-12-31,Metro,"Dallas, TX metro area",834,1.37,359,-6.42,4.59,-0.04,1.95,-0.18
2026-09-03,Monthly,2016-12-01,2016-12-31,Metro,"Denver, CO metro area",494,6.9,217,4.09,4.22,0.77,1.94,0.31
2026-09-03,Monthly,2016-12-01,2016-12-31,Metro,"Detroit, MI metro area",410,-39.79,201,11.95,6.08,-0.54,3.07,1.25
2026-09-03,Monthly,2016-12-01,2016-12-31,Metro,"Fort Lauderdale, FL metro area",1050,-12.31,423,-8.13,5.55,-0.43,2.2,-0.07
2026-09-03,Monthly,2016-12-01,2016-12-31,Metro,"Fort Worth, TX metro area",420,6.77,156,-10.15,4.65,0.46,1.77,-0.11
2026-09-03,Monthly,2016-12-01,2016-12-31,Metro,"Houston, TX metro area",1915,15.77,691,14.67,5.81,0.63,2.1,0.17
2026-09-03,Monthly,2016-12-01,2016-12-31,Metro,"Indianapolis, IN metro area",750,-15.96,204,-36.93,6.53,-0.25,1.79,-0.68
2026-09-03,Monthly,2016-12-01,2016-12-31,Metro,"Jacksonville, FL metro area",466,-6.35,176,-3.21,4.22,0.01,1.53,0.02
2026-09-03,Monthly,2016-12-01,2016-12-31,Metro,"Kansas City, MO metro area",411,11.15,171,405.28,3.57,0.94,1.48,1.26
2026-09-03,Monthly,2016-12-01,2016-12-31,Metro,"Las Vegas, NV metro area",671,-10.41,270,-18.11,4.11,0.01,1.7,-0.16
2026-09-03,Monthly,2016-12-01,2016-12-31,Metro,"Los Angeles, CA metro area",1369,-13.57,569,-11.23,5.36,-1.36,2.24,-0.46
2026-09-03,Monthly,2016-12-01,2016-12-31,Metro,"Miami, FL metro area",1474,12.18,584,8.8,6.44,0.79,2.68,0.12
2026-09-03,Monthly,2016-12-01,2016-12-31,Metro,"Milwaukee, WI metro area",354,-19.08,114,-35.61,7.49,-0.25,1.5,-0.5
2026-09-03,Monthly,2016-12-01,2016-12-31,Metro,"Minneapolis, MN metro area",744,-26.57,339,-22.02,4.51,-0.77,1.99,-0.28
2026-09-03,Monthly,2016-12-01,2016-12-31,Metro,"Montgomery County, PA metro area",1102,6.51,247,-27.84,9.85,1.75,2.12,-0.46
2026-09-03,Monthly,2016-12-01,2016-12-31,Metro,"Nashville, TN metro area",643,-8.29,247,-5.25,4.8,-0.81,1.84,-0.13
2026-09-03,Monthly,2016-12-01,2016-12-31,Metro,"Nassau County, NY metro area",1011,-8.07,385,-20.33,6.94,0.85,2.59,-0.04
2026-09-03,Monthly,2016-12-01,2016-12-31,Metro,"New Brunswick, NJ metro area",1511,-10.25,522,-24.34,8.32,0.73,2.9,-0.24
2026-09-03,Monthly,2016-12-01,2016-12-31,Metro,"New York, NY metro area",2149,-1.74,735,-10.69,4.65,0.16,1.61,-0.1
2026-09-03,Monthly,2016-12-01,2016-12-31,Metro,"Newark, NJ metro area",1018,-6.77,462,7.91,7.19,-0.08,2.86,0.51
2026-09-03,Monthly,2016-12-01,2016-12-31,Metro,"Oakland, CA metro area",296,32.59,129,5.94,5.4,1.16,2.4,0.07
2026-09-03,Monthly,2016-12-01,2016-12-31,Metro,"Orlando, FL metro area",723,-5.38,275,-18.9,4.38,0.27,1.66,-0.18
2026-09-03,Monthly,2016-12-01,2016-12-31,Metro,"Philadelphia, PA metro area",1128,18.75,274,-24.32,10.87,3.07,2.63,-0.33
2026-09-03,Monthly,2016-12-01,2016-12-31,Metro,"Phoenix, AZ metro area",1413,-5.3,696,-4.75,4.52,-0.35,2.19,-0.15
2026-09-03,Monthly,2016-12-01,2016-12-31,Metro,"Pittsburgh, PA metro area",544,-1.43,122,-40.09,4.01,0.65,0.87,-0.27
2026-09-03,Monthly,2016-12-01,2016-12-31,Metro,"Portland, OR metro area",341,-0.36,175,-9.15,3.55,-0.05,1.88,-0.19
2026-09-03,Monthly,2016-12-01,2016-12-31,Metro,"Providence, RI metro area",409,-34.87,190,-14.86,4.82,-1.53,2.29,0.02
2026-09-03,Monthly,2016-12-01,2016-12-31,Metro,"Riverside, CA metro area",1152,-12.95,595,-3.5,4.76,-0.84,2.43,-0.14
2026-09-03,Monthly,2016-12-01,2016-12-31,Metro,"Sacramento, CA metro area",447,-18.98,258,-7.81,5.75,-0.65,3.33,0.06
2026-09-03,Monthly,2016-12-01,2016-12-31,Metro,"San Antonio, TX metro area",552,12.19,203,2.67,4.67,0.33,1.79,0.06
2026-09-03,Monthly,2016-12-01,2016-12-31,Metro,"San Diego, CA metro area",514,-14.13,243,3.62,5.16,-0.27,2.36,0.21
2026-09-03,Monthly,2016-12-01,2016-12-31,Metro,"San Francisco, CA metro area",156,44.78,58,8.57,6.81,1.63,2.4,-0.15
2026-09-03,Monthly,2016-12-01,2016-12-31,Metro,"San Jose, CA metro area",184,36.18,74,29.55,5.59,1.38,2.22,0.44
2026-09-03,Monthly,2016-12-01,2016-12-31,Metro,"Seattle, WA metro area",305,-26.03,217,15.19,3.36,-0.95,2.45,0.45
2026-09-03,Monthly,2016-12-01,2016-12-31,Metro,"St. Louis, MO metro area",966,11.73,442,10.13,5.91,1.14,2.8,0.5
2026-09-03,Monthly,2016-12-01,2016-12-31,Metro,"Tampa, FL metro area",775,-6.83,407,15.98,3.31,0.11,1.72,0.36
2026-09-03,Monthly,2016-12-01,2016-12-31,Metro,"Virginia Beach, VA metro area",569,-22.89,260,-4.14,4.6,-1.16,2.01,-0.07
2026-09-03,Monthly,2016-12-01,2016-12-31,Metro,"Warren, MI metro area",743,-32.84,330,-23.51,5.93,-0.05,2.67,0.3
2026-09-03,Monthly,2016-12-01,2016-12-31,Metro,"Washington, DC metro area",2206,-24.4,737,-3.38,9.77,-1.7,3.29,0.26
2026-09-03,Monthly,2016-12-01,2016-12-31,Metro,"West Palm Beach, FL metro area",927,17.43,434,19.49,5.33,0.54,2.44,0.29
2026-09-03,Monthly,2016-11-01,2016-11-30,Metro,"Anaheim, CA metro area",527,-13.28,246,8.62,4.75,-1.26,2.27,0.05
2026-09-03,Monthly,2016-11-01,2016-11-30,Metro,"Atlanta, GA metro area",2917,-10.72,632,-0.23,6.27,-0.41,1.38,0.06
2026-09-03,Monthly,2016-11-01,2016-11-30,Metro,"Austin, TX metro area",464,1.69,203,1.42,4.57,-0.37,2.04,-0.13
2026-09-03,Monthly,2016-11-01,2016-11-30,Metro,"Baltimore, MD metro area",1503,-5.48,445,-9.25,9.31,0.71,2.75,0.1
2026-09-03,Monthly,2016-11-01,2016-11-30,Metro,"Boston, MA metro area",810,-18.61,362,-15.97,6.1,-0.3,2.74,-0.03
2026-09-03,Monthly,2016-11-01,2016-11-30,Metro,"Charlotte, NC metro area",666,-2.16,215,-14.89,4.84,0.08,1.2,-0.15
2026-09-03,Monthly,2016-11-01,2016-11-30,Metro,"Chicago, IL metro area",2327,-12.32,1202,0.85,5.94,-0.32,3.04,0.25
2026-09-03,Monthly,2016-11-01,2016-11-30,Metro,"Cincinnati, OH metro area",525,-24.76,226,-19.35,3.86,-0.65,1.68,-0.13
2026-09-03,Monthly,2016-11-01,2016-11-30,Metro,"Cleveland, OH metro area",627,-23.56,259,-16.85,5.13,-0.64,2.13,-0.13
2026-09-03,Monthly,2016-11-01,2016-11-30,Metro,"Columbus, OH metro area",412,-23.65,151,-19.89,4.19,-0.66,1.52,-0.14
2026-09-03,Monthly,2016-11-01,2016-11-30,Metro,"Dallas, TX metro area",815,-3.67,376,4.39,4.37,-0.31,2.01,0.02
2026-09-03,Monthly,2016-11-01,2016-11-30,Metro,"Denver, CO metro area",478,-5.52,225,-1.28,3.93,0.28,1.93,0.19
2026-09-03,Monthly,2016-11-01,2016-11-30,Metro,"Detroit, MI metro area",622,-14.35,177,-10.8,8.95,1.85,2.6,0.63
2026-09-03,Monthly,2016-11-01,2016-11-30,Metro,"Fort Lauderdale, FL metro area",1108,-14.88,419,-13.18,5.79,-0.63,2.17,-0.19
2026-09-03,Monthly,2016-11-01,2016-11-30,Metro,"Fort Worth, TX metro area",396,-11.51,201,-5.85,4.29,-0.42,2.21,-0.02
2026-09-03,Monthly,2016-11-01,2016-11-30,Metro,"Houston, TX metro area",1863,8.84,687,16.57,5.64,0.18,2.08,0.19
2026-09-03,Monthly,2016-11-01,2016-11-30,Metro,"Indianapolis, IN metro area",692,-22.06,258,-8.31,6.04,-0.7,2.27,0.13
2026-09-03,Monthly,2016-11-01,2016-11-30,Metro,"Jacksonville, FL metro area",462,-6.18,174,-1.01,4.11,-0.11,1.51,0.05
2026-09-03,Monthly,2016-11-01,2016-11-30,Metro,"Kansas City, MO metro area",411,8.51,209,202.86,3.45,0.83,1.71,1.26
2026-09-03,Monthly,2016-11-01,2016-11-30,Metro,"Las Vegas, NV metro area",723,-11.49,333,1.68,4.35,-0.19,2.05,0.18
2026-09-03,Monthly,2016-11-01,2016-11-30,Metro,"Los Angeles, CA metro area",1343,-10.73,605,-6.66,5.23,-1.13,2.35,-0.38
2026-09-03,Monthly,2016-11-01,2016-11-30,Metro,"Miami, FL metro area",1459,7.89,560,6.44,6.55,0.27,2.59,0.09
2026-09-03,Monthly,2016-11-01,2016-11-30,Metro,"Milwaukee, WI metro area",374,-23.68,137,-30.33,6.99,-0.53,1.66,-0.45
2026-09-03,Monthly,2016-11-01,2016-11-30,Metro,"Minneapolis, MN metro area",725,-30.09,374,-13.6,4.27,-1.06,2.17,-0.07
2026-09-03,Monthly,2016-11-01,2016-11-30,Metro,"Montgomery County, PA metro area",1058,3.06,262,-11.44,9.31,1.39,2.28,0.04
2026-09-03,Monthly,2016-11-01,2016-11-30,Metro,"Nashville, TN metro area",667,-4.69,268,2.76,4.97,-0.21,1.96,0
2026-09-03,Monthly,2016-11-01,2016-11-30,Metro,"Nassau County, NY metro area",965,-21.23,366,-24.5,6.56,-0.13,2.45,-0.08
2026-09-03,Monthly,2016-11-01,2016-11-30,Metro,"New Brunswick, NJ metro area",1539,-0.54,532,-15.97,8.6,1.6,2.99,0.09
2026-09-03,Monthly,2016-11-01,2016-11-30,Metro,"New York, NY metro area",2118,-8.69,775,-6.41,4.71,-0.15,1.71,0
2026-09-03,Monthly,2016-11-01,2016-11-30,Metro,"Newark, NJ metro area",1050,-5.54,465,10.5,7.34,0.17,2.87,0.6
2026-09-03,Monthly,2016-11-01,2016-11-30,Metro,"Oakland, CA metro area",297,6.79,135,23.89,5.29,0.31,2.46,0.48
2026-09-03,Monthly,2016-11-01,2016-11-30,Metro,"Orlando, FL metro area",730,-3.7,326,7.53,4.38,0.2,1.89,0.28
2026-09-03,Monthly,2016-11-01,2016-11-30,Metro,"Philadelphia, PA metro area",1064,2.28,262,-29.74,10.25,1.79,2.52,-0.5
2026-09-03,Monthly,2016-11-01,2016-11-30,Metro,"Phoenix, AZ metro area",1369,-6.1,724,-3.04,4.35,-0.41,2.28,-0.16
2026-09-03,Monthly,2016-11-01,2016-11-30,Metro,"Pittsburgh, PA metro area",636,24.77,161,26.15,4.41,1.39,1.07,0.41
2026-09-03,Monthly,2016-11-01,2016-11-30,Metro,"Portland, OR metro area",342,3.67,138,-5.39,3.47,0.1,1.43,-0.09
2026-09-03,Monthly,2016-11-01,2016-11-30,Metro,"Providence, RI metro area",408,-26.33,211,-20.16,4.87,-0.92,2.58,-0.19
2026-09-03,Monthly,2016-11-01,2016-11-30,Metro,"Riverside, CA metro area",1120,-11.54,627,-5.34,4.62,-0.77,2.5,-0.25
2026-09-03,Monthly,2016-11-01,2016-11-30,Metro,"Sacramento, CA metro area",457,-22,258,3.05,5.64,-0.98,3.28,0.35
2026-09-03,Monthly,2016-11-01,2016-11-30,Metro,"San Antonio, TX metro area",480,-11.33,204,9.53,4.52,-0.15,1.8,0.13
2026-09-03,Monthly,2016-11-01,2016-11-30,Metro,"San Diego, CA metro area",461,-24.24,246,5.75,4.23,-1.28,2.37,0.29
2026-09-03,Monthly,2016-11-01,2016-11-30,Metro,"San Francisco, CA metro area",157,23.58,61,38.92,6.51,0.67,2.45,0.55
2026-09-03,Monthly,2016-11-01,2016-11-30,Metro,"San Jose, CA metro area",171,1.55,82,-0.99,4.99,-0.06,2.43,0
2026-09-03,Monthly,2016-11-01,2016-11-30,Metro,"Seattle, WA metro area",334,-10.35,192,-3.92,3.58,-0.23,2.13,0.05
2026-09-03,Monthly,2016-11-01,2016-11-30,Metro,"St. Louis, MO metro area",944,-5.09,389,-3.1,5.92,0.4,2.39,0.15
2026-09-03,Monthly,2016-11-01,2016-11-30,Metro,"Tampa, FL metro area",824,5.75,386,7.25,3.36,0.33,1.56,0.15
2026-09-03,Monthly,2016-11-01,2016-11-30,Metro,"Virginia Beach, VA metro area",720,-1.59,257,-0.76,5.79,0.09,1.94,0.06
2026-09-03,Monthly,2016-11-01,2016-11-30,Metro,"Warren, MI metro area",811,-31.06,330,-17.17,6.28,-0.05,2.6,0.41
2026-09-03,Monthly,2016-11-01,2016-11-30,Metro,"Washington, DC metro area",2297,-21.95,694,-2.16,10.28,-1.21,3.12,0.31
2026-09-03,Monthly,2016-11-01,2016-11-30,Metro,"West Palm Beach, FL metro area",898,9.13,422,21.4,5.13,0.19,2.39,0.34
2026-09-03,Monthly,2016-10-01,2016-10-31,Metro,"Anaheim, CA metro area",549,-11.88,255,31.66,4.9,-1.23,2.32,0.34
2026-09-03,Monthly,2016-10-01,2016-10-31,Metro,"Atlanta, GA metro area",3063,-10.09,592,-5.93,6.5,-0.44,1.29,-0.02
2026-09-03,Monthly,2016-10-01,2016-10-31,Metro,"Austin, TX metro area",500,28.26,214,22.11,4.98,0.78,2.17,0.25
2026-09-03,Monthly,2016-10-01,2016-10-31,Metro,"Baltimore, MD metro area",1609,2.43,445,-4.07,9.92,1.29,2.73,0.16
2026-09-03,Monthly,2016-10-01,2016-10-31,Metro,"Boston, MA metro area",812,-17.45,341,-21.31,5.92,-0.15,2.52,-0.19
2026-09-03,Monthly,2016-10-01,2016-10-31,Metro,"Charlotte, NC metro area",611,-14.28,223,-12.77,4.25,-0.46,1.23,-0.13
2026-09-03,Monthly,2016-10-01,2016-10-31,Metro,"Chicago, IL metro area",2391,-7.53,1159,-10.36,6.05,-0.04,2.92,-0.12
2026-09-03,Monthly,2016-10-01,2016-10-31,Metro,"Cincinnati, OH metro area",526,-27.98,230,-16.8,3.77,-1.02,1.67,-0.18
2026-09-03,Monthly,2016-10-01,2016-10-31,Metro,"Cleveland, OH metro area",621,-13.01,241,-27.88,5.12,0.07,2.04,-0.37
2026-09-03,Monthly,2016-10-01,2016-10-31,Metro,"Columbus, OH metro area",411,-26.87,222,-10.98,4.09,-0.95,2.24,-0.03
2026-09-03,Monthly,2016-10-01,2016-10-31,Metro,"Dallas, TX metro area",748,-9.36,429,24.61,4.06,-0.46,2.33,0.44
2026-09-03,Monthly,2016-10-01,2016-10-31,Metro,"Denver, CO metro area",453,-3.32,228,-10.82,3.79,0.39,1.98,0.02
2026-09-03,Monthly,2016-10-01,2016-10-31,Metro,"Detroit, MI metro area",640,-31.62,189,-14.07,8.78,-0.26,2.61,0.51
2026-09-03,Monthly,2016-10-01,2016-10-31,Metro,"Fort Lauderdale, FL metro area",1067,-18.68,406,-14.83,5.53,-0.86,2.07,-0.25
2026-09-03,Monthly,2016-10-01,2016-10-31,Metro,"Fort Worth, TX metro area",363,-21.2,201,5.74,3.98,-0.78,2.21,0.23
2026-09-03,Monthly,2016-10-01,2016-10-31,Metro,"Houston, TX metro area",1798,5.53,671,17.16,5.4,-0.16,2.04,0.18
2026-09-03,Monthly,2016-10-01,2016-10-31,Metro,"Indianapolis, IN metro area",717,-16.98,253,-21.51,6.31,-0.28,2.22,-0.25
2026-09-03,Monthly,2016-10-01,2016-10-31,Metro,"Jacksonville, FL metro area",467,-39.45,166,-21.59,4.01,-2.19,1.44,-0.31
2026-09-03,Monthly,2016-10-01,2016-10-31,Metro,"Kansas City, MO metro area",360,-10.05,202,157.71,3.15,0.35,1.67,1.15
2026-09-03,Monthly,2016-10-01,2016-10-31,Metro,"Las Vegas, NV metro area",754,-4.56,347,-2.12,4.46,-0.01,2.1,0.06
2026-09-03,Monthly,2016-10-01,2016-10-31,Metro,"Los Angeles, CA metro area",1352,-10.92,669,8.09,5.26,-1.16,2.59,0
2026-09-03,Monthly,2016-10-01,2016-10-31,Metro,"Miami, FL metro area",1423,5.1,495,-10.8,6.54,-0.16,2.28,-0.36
2026-09-03,Monthly,2016-10-01,2016-10-31,Metro,"Milwaukee, WI metro area",365,-33.26,128,-39.93,5.33,-1.33,1.55,-0.75
2026-09-03,Monthly,2016-10-01,2016-10-31,Metro,"Minneapolis, MN metro area",768,-19.47,364,-28.2,4.46,-0.54,2.1,-0.53
2026-09-03,Monthly,2016-10-01,2016-10-31,Metro,"Montgomery County, PA metro area",1106,10.59,296,4.53,9.49,1.6,2.54,0.36
2026-09-03,Monthly,2016-10-01,2016-10-31,Metro,"Nashville, TN metro area",681,2.24,265,7.45,5.01,-0.01,1.97,0.05
2026-09-03,Monthly,2016-10-01,2016-10-31,Metro,"Nassau County, NY metro area",930,-22.1,399,-3.58,6.25,-0.28,2.67,0.46
2026-09-03,Monthly,2016-10-01,2016-10-31,Metro,"New Brunswick, NJ metro area",1614,7,466,-24.92,8.9,1.95,2.59,-0.3
2026-09-03,Monthly,2016-10-01,2016-10-31,Metro,"New York, NY metro area",2080,-14.3,710,-12.6,4.67,-0.46,1.55,-0.11
2026-09-03,Monthly,2016-10-01,2016-10-31,Metro,"Newark, NJ metro area",1064,-8.99,486,21.94,7.24,-0.54,2.85,0.58
2026-09-03,Monthly,2016-10-01,2016-10-31,Metro,"Oakland, CA metro area",330,25.72,132,0.06,5.79,1.24,2.35,0.03
2026-09-03,Monthly,2016-10-01,2016-10-31,Metro,"Orlando, FL metro area",690,-3.98,346,10.93,3.99,0.12,1.97,0.32
2026-09-03,Monthly,2016-10-01,2016-10-31,Metro,"Philadelphia, PA metro area",1026,-2.97,304,-7.76,9.76,1.01,2.86,0.16
2026-09-03,Monthly,2016-10-01,2016-10-31,Metro,"Phoenix, AZ metro area",1306,-15.79,752,-2.51,4.13,-0.94,2.36,-0.15
2026-09-03,Monthly,2016-10-01,2016-10-31,Metro,"Pittsburgh, PA metro area",623,13,145,53.08,4.35,0.99,1.13,0.48
2026-09-03,Monthly,2016-10-01,2016-10-31,Metro,"Portland, OR metro area",346,-5.24,172,-2.45,3.41,-0.18,1.73,-0.06
2026-09-03,Monthly,2016-10-01,2016-10-31,Metro,"Providence, RI metro area",459,-20.21,208,-2.17,5.46,-0.45,2.53,0.27
2026-09-03,Monthly,2016-10-01,2016-10-31,Metro,"Riverside, CA metro area",1140,-15.7,686,6.65,4.63,-1.17,2.74,0.05
2026-09-03,Monthly,2016-10-01,2016-10-31,Metro,"Sacramento, CA metro area",494,-10.2,230,-18.02,5.95,-0.21,2.86,-0.34
2026-09-03,Monthly,2016-10-01,2016-10-31,Metro,"San Antonio, TX metro area",493,-10.82,194,2.58,4.39,-0.42,1.73,0.09
2026-09-03,Monthly,2016-10-01,2016-10-31,Metro,"San Diego, CA metro area",496,-15,214,-13.5,4.84,-0.3,2.05,-0.19
2026-09-03,Monthly,2016-10-01,2016-10-31,Metro,"San Francisco, CA metro area",133,8.56,59,-4.19,5.45,-0.09,2.31,-0.35
2026-09-03,Monthly,2016-10-01,2016-10-31,Metro,"San Jose, CA metro area",153,-14.23,64,-20.45,4.41,-1.02,1.8,-0.62
2026-09-03,Monthly,2016-10-01,2016-10-31,Metro,"Seattle, WA metro area",362,-7.75,194,-0.65,3.73,-0.21,2.07,0.04
2026-09-03,Monthly,2016-10-01,2016-10-31,Metro,"St. Louis, MO metro area",997,10.28,394,15.55,6.11,0.94,2.37,0.4
2026-09-03,Monthly,2016-10-01,2016-10-31,Metro,"Tampa, FL metro area",788,-2.13,337,-2.39,3.12,-0.07,1.33,-0.02
2026-09-03,Monthly,2016-10-01,2016-10-31,Metro,"Virginia Beach, VA metro area",726,-13.05,258,-8.59,5.83,-0.88,1.95,-0.14
2026-09-03,Monthly,2016-10-01,2016-10-31,Metro,"Warren, MI metro area",748,-43.36,333,-17.04,5.69,-1.41,2.58,0.39
2026-09-03,Monthly,2016-10-01,2016-10-31,Metro,"Washington, DC metro area",2453,-19.14,648,-3.03,10.94,-0.97,2.92,0.27
2026-09-03,Monthly,2016-10-01,2016-10-31,Metro,"West Palm Beach, FL metro area",879,5.64,402,4.72,5.09,0.15,2.31,0.07
2026-09-03,Monthly,2016-09-01,2016-09-30,Metro,"Anaheim, CA metro area",615,1.27,200,-17.88,5.31,-0.58,1.77,-0.67
2026-09-03,Monthly,2016-09-01,2016-09-30,Metro,"Atlanta, GA metro area",3045,-11.79,675,7.92,6.49,-0.47,1.46,0.18
2026-09-03,Monthly,2016-09-01,2016-09-30,Metro,"Austin, TX metro area",439,2.86,228,13.11,4.4,-0.08,2.31,0.14
2026-09-03,Monthly,2016-09-01,2016-09-30,Metro,"Baltimore, MD metro area",1496,-1.8,487,6.36,9.11,0.76,2.95,0.45
2026-09-03,Monthly,2016-09-01,2016-09-30,Metro,"Boston, MA metro area",776,-18.1,403,-11.52,5.67,-0.31,2.99,0.07
2026-09-03,Monthly,2016-09-01,2016-09-30,Metro,"Charlotte, NC metro area",625,-17.19,235,-3.43,3.8,-0.57,1.28,-0.02
2026-09-03,Monthly,2016-09-01,2016-09-30,Metro,"Chicago, IL metro area",2416,-9.15,1152,-7.89,6.11,-0.09,2.89,-0.03
2026-09-03,Monthly,2016-09-01,2016-09-30,Metro,"Cincinnati, OH metro area",529,-24.39,222,-28.22,3.78,-0.71,1.6,-0.4
2026-09-03,Monthly,2016-09-01,2016-09-30,Metro,"Cleveland, OH metro area",605,-25.17,240,-23.94,4.93,-0.78,2.03,-0.21
2026-09-03,Monthly,2016-09-01,2016-09-30,Metro,"Columbus, OH metro area",393,-24.44,148,-37.56,3.9,-0.75,1.45,-0.67
2026-09-03,Monthly,2016-09-01,2016-09-30,Metro,"Dallas, TX metro area",795,5.02,429,26.11,4.33,0.17,2.33,0.48
2026-09-03,Monthly,2016-09-01,2016-09-30,Metro,"Denver, CO metro area",451,-8.94,227,-4.25,3.67,0.08,1.98,0.18
2026-09-03,Monthly,2016-09-01,2016-09-30,Metro,"Detroit, MI metro area",586,-18.76,169,-14.82,7.86,1.03,2.32,0.36
2026-09-03,Monthly,2016-09-01,2016-09-30,Metro,"Fort Lauderdale, FL metro area",1142,-13.19,418,-15.18,5.8,-0.52,2.13,-0.23
2026-09-03,Monthly,2016-09-01,2016-09-30,Metro,"Fort Worth, TX metro area",337,-23.93,208,8.52,3.77,-0.84,2.3,0.28
2026-09-03,Monthly,2016-09-01,2016-09-30,Metro,"Houston, TX metro area",1860,11.28,678,18.87,5.71,0.19,2.07,0.21
2026-09-03,Monthly,2016-09-01,2016-09-30,Metro,"Indianapolis, IN metro area",699,-20.12,222,-49.32,6.03,-0.47,1.93,-1.35
2026-09-03,Monthly,2016-09-01,2016-09-30,Metro,"Jacksonville, FL metro area",445,-8.98,180,-10.14,3.7,-0.18,1.52,-0.13
2026-09-03,Monthly,2016-09-01,2016-09-30,Metro,"Kansas City, MO metro area",391,0.42,174,90.55,3.34,0.74,1.43,0.84
2026-09-03,Monthly,2016-09-01,2016-09-30,Metro,"Las Vegas, NV metro area",742,-7.09,321,-11.34,4.33,-0.16,1.89,-0.17
2026-09-03,Monthly,2016-09-01,2016-09-30,Metro,"Los Angeles, CA metro area",1426,-8.28,621,-6.84,5.45,-1.06,2.37,-0.37
2026-09-03,Monthly,2016-09-01,2016-09-30,Metro,"Miami, FL metro area",1484,6.64,559,12.79,6.79,-0.13,2.55,0.2
2026-09-03,Monthly,2016-09-01,2016-09-30,Metro,"Milwaukee, WI metro area",361,-16.85,156,-23.86,4.15,-0.57,1.8,-0.34
2026-09-03,Monthly,2016-09-01,2016-09-30,Metro,"Minneapolis, MN metro area",746,-16.64,380,-14.22,4.22,-0.43,2.17,-0.11
2026-09-03,Monthly,2016-09-01,2016-09-30,Metro,"Montgomery County, PA metro area",1083,1.58,257,-21.89,9.79,1.75,2.15,-0.33
2026-09-03,Monthly,2016-09-01,2016-09-30,Metro,"Nashville, TN metro area",654,-1.68,235,-12.41,4.95,-0.18,1.81,-0.21
2026-09-03,Monthly,2016-09-01,2016-09-30,Metro,"Nassau County, NY metro area",979,-16.15,380,-17.21,6.52,0.21,2.48,-0.02
2026-09-03,Monthly,2016-09-01,2016-09-30,Metro,"New Brunswick, NJ metro area",1531,9.61,470,-23.69,8.43,1.97,2.57,-0.23
2026-09-03,Monthly,2016-09-01,2016-09-30,Metro,"New York, NY metro area",1966,-8.86,711,-8.69,4.23,-0.21,1.51,-0.09
2026-09-03,Monthly,2016-09-01,2016-09-30,Metro,"Newark, NJ metro area",1013,-12.07,450,26.92,6.84,-0.12,2.98,0.86
2026-09-03,Monthly,2016-09-01,2016-09-30,Metro,"Oakland, CA metro area",313,6.58,130,11.07,5.31,0.34,2.27,0.23
2026-09-03,Monthly,2016-09-01,2016-09-30,Metro,"Orlando, FL metro area",757,4.16,308,6.5,4.23,0.34,1.79,0.21
2026-09-03,Monthly,2016-09-01,2016-09-30,Metro,"Philadelphia, PA metro area",1024,-8.31,274,-20.11,9.76,0.58,2.58,-0.23
2026-09-03,Monthly,2016-09-01,2016-09-30,Metro,"Phoenix, AZ metro area",1374,-4.02,786,-2.53,4.32,-0.37,2.45,-0.16
2026-09-03,Monthly,2016-09-01,2016-09-30,Metro,"Pittsburgh, PA metro area",616,19.12,152,67.24,4.22,1.16,1.05,0.49
2026-09-03,Monthly,2016-09-01,2016-09-30,Metro,"Portland, OR metro area",361,1.77,170,-5.57,3.53,0.07,1.7,-0.09
2026-09-03,Monthly,2016-09-01,2016-09-30,Metro,"Providence, RI metro area",432,-23.6,218,-10.3,5.06,-0.61,2.58,0.04
2026-09-03,Monthly,2016-09-01,2016-09-30,Metro,"Riverside, CA metro area",1234,-2.97,590,-6.72,4.91,-0.57,2.32,-0.3
2026-09-03,Monthly,2016-09-01,2016-09-30,Metro,"Sacramento, CA metro area",472,-20.99,221,-21.92,5.47,-1.03,2.64,-0.57
2026-09-03,Monthly,2016-09-01,2016-09-30,Metro,"San Antonio, TX metro area",514,2.77,188,-20.62,4.42,-0.13,1.63,-0.34
2026-09-03,Monthly,2016-09-01,2016-09-30,Metro,"San Diego, CA metro area",530,-8.98,229,-10.71,4.81,-0.36,2.13,-0.18
2026-09-03,Monthly,2016-09-01,2016-09-30,Metro,"San Francisco, CA metro area",146,41.58,74,67.93,5.84,1,2.84,0.81
2026-09-03,Monthly,2016-09-01,2016-09-30,Metro,"San Jose, CA metro area",165,2.27,81,21,4.64,-0.26,2.26,0.22
2026-09-03,Monthly,2016-09-01,2016-09-30,Metro,"Seattle, WA metro area",382,-6.85,185,-9.15,3.82,-0.27,1.9,-0.18
2026-09-03,Monthly,2016-09-01,2016-09-30,Metro,"St. Louis, MO metro area",952,-2.59,355,4.05,5.78,0.11,2.04,0.14
2026-09-03,Monthly,2016-09-01,2016-09-30,Metro,"Tampa, FL metro area",793,-0.74,348,-0.21,3.05,-0.03,1.34,0
2026-09-03,Monthly,2016-09-01,2016-09-30,Metro,"Virginia Beach, VA metro area",728,-0.67,259,-9.14,5.8,0.06,1.9,-0.21
2026-09-03,Monthly,2016-09-01,2016-09-30,Metro,"Warren, MI metro area",791,-32.51,338,-19.22,5.9,-0.27,2.57,0.32
2026-09-03,Monthly,2016-09-01,2016-09-30,Metro,"Washington, DC metro area",2563,-11.63,632,-8.88,11.3,-0.08,2.83,0.1
2026-09-03,Monthly,2016-09-01,2016-09-30,Metro,"West Palm Beach, FL metro area",943,3.21,423,13.26,5.16,-0.04,2.35,0.12
2026-09-03,Monthly,2016-08-01,2016-08-31,Metro,"Anaheim, CA metro area",561,-1.15,211,-2.19,4.88,-0.58,1.89,-0.23
2026-09-03,Monthly,2016-08-01,2016-08-31,Metro,"Atlanta, GA metro area",3107,-8.97,695,2.94,6.59,-0.22,1.49,0.13
2026-09-03,Monthly,2016-08-01,2016-08-31,Metro,"Austin, TX metro area",414,4.75,193,-8.1,4.28,0.03,2,-0.28
2026-09-03,Monthly,2016-08-01,2016-08-31,Metro,"Baltimore, MD metro area",1526,-2.02,462,-7.86,9.12,0.56,2.74,-0.01
2026-09-03,Monthly,2016-08-01,2016-08-31,Metro,"Boston, MA metro area",790,-15.25,443,-12.78,5.8,-0.06,3.35,0.07
2026-09-03,Monthly,2016-08-01,2016-08-31,Metro,"Charlotte, NC metro area",599,-20.83,228,-16.42,3.42,-0.8,1.25,-0.18
2026-09-03,Monthly,2016-08-01,2016-08-31,Metro,"Chicago, IL metro area",2482,-5.15,1139,-12.35,6.24,0.23,2.87,-0.14
2026-09-03,Monthly,2016-08-01,2016-08-31,Metro,"Cincinnati, OH metro area",600,-16.16,240,-13.07,4.17,-0.37,1.67,-0.06
2026-09-03,Monthly,2016-08-01,2016-08-31,Metro,"Cleveland, OH metro area",651,-14.75,270,-13.55,5.19,-0.23,2.2,-0.06
2026-09-03,Monthly,2016-08-01,2016-08-31,Metro,"Columbus, OH metro area",380,-22.87,170,-31.46,3.6,-0.67,1.64,-0.54
2026-09-03,Monthly,2016-08-01,2016-08-31,Metro,"Dallas, TX metro area",820,7.08,367,-0.06,4.45,0.24,1.97,-0.04
2026-09-03,Monthly,2016-08-01,2016-08-31,Metro,"Denver, CO metro area",462,-3.47,257,3.88,3.76,0.2,2.15,0.24
2026-09-03,Monthly,2016-08-01,2016-08-31,Metro,"Detroit, MI metro area",669,-17.31,184,3.57,8.66,1.21,2.56,0.83
2026-09-03,Monthly,2016-08-01,2016-08-31,Metro,"Fort Lauderdale, FL metro area",1128,-20.57,420,-15.07,5.7,-1.02,2.11,-0.21
2026-09-03,Monthly,2016-08-01,2016-08-31,Metro,"Fort Worth, TX metro area",400,-8.75,175,-13.98,4.32,-0.25,1.9,-0.23
2026-09-03,Monthly,2016-08-01,2016-08-31,Metro,"Houston, TX metro area",1878,34.42,758,26.77,5.8,0.99,2.34,0.35
2026-09-03,Monthly,2016-08-01,2016-08-31,Metro,"Indianapolis, IN metro area",728,-4.91,260,-20.61,6.08,0.44,2.18,-0.22
2026-09-03,Monthly,2016-08-01,2016-08-31,Metro,"Jacksonville, FL metro area",464,-1.21,179,11.03,3.78,-0.05,1.5,0.14
2026-09-03,Monthly,2016-08-01,2016-08-31,Metro,"Kansas City, MO metro area",402,2.45,166,64.63,3.25,0.72,1.34,0.71
2026-09-03,Monthly,2016-08-01,2016-08-31,Metro,"Las Vegas, NV metro area",737,-10.36,368,14.09,4.2,-0.38,2.12,0.3
2026-09-03,Monthly,2016-08-01,2016-08-31,Metro,"Los Angeles, CA metro area",1445,-2.22,665,-0.72,5.66,-0.41,2.58,-0.11
2026-09-03,Monthly,2016-08-01,2016-08-31,Metro,"Miami, FL metro area",1454,8.47,544,4.46,6.88,0.44,2.48,0.06
2026-09-03,Monthly,2016-08-01,2016-08-31,Metro,"Milwaukee, WI metro area",318,-36.57,130,-25.2,3.29,-1.51,1.57,-0.2
2026-09-03,Monthly,2016-08-01,2016-08-31,Metro,"Minneapolis, MN metro area",752,-17,370,-25.14,4.16,-0.42,2.08,-0.42
2026-09-03,Monthly,2016-08-01,2016-08-31,Metro,"Montgomery County, PA metro area",1300,23.15,262,-23.63,10.09,2.04,2.15,-0.37
2026-09-03,Monthly,2016-08-01,2016-08-31,Metro,"Nashville, TN metro area",636,-4.11,251,-21.48,4.86,-0.14,1.89,-0.45
2026-09-03,Monthly,2016-08-01,2016-08-31,Metro,"Nassau County, NY metro area",1163,2.48,401,-7.4,7.47,1.39,2.6,0.29
2026-09-03,Monthly,2016-08-01,2016-08-31,Metro,"New Brunswick, NJ metro area",1622,13.48,492,-20.2,8.69,2.25,2.61,-0.14
2026-09-03,Monthly,2016-08-01,2016-08-31,Metro,"New York, NY metro area",2101,-0.12,802,-2.73,4.38,0.09,1.68,0.01
2026-09-03,Monthly,2016-08-01,2016-08-31,Metro,"Newark, NJ metro area",1145,-5.47,468,56.46,7.16,0.42,2.92,1.15
2026-09-03,Monthly,2016-08-01,2016-08-31,Metro,"Oakland, CA metro area",338,29.61,138,8.62,5.69,1.25,2.37,0.17
2026-09-03,Monthly,2016-08-01,2016-08-31,Metro,"Orlando, FL metro area",758,2.53,316,3.47,4.23,0.32,1.74,0.19
2026-09-03,Monthly,2016-08-01,2016-08-31,Metro,"Philadelphia, PA metro area",1511,49.63,293,-6.86,13.84,5.79,2.65,0.15
2026-09-03,Monthly,2016-08-01,2016-08-31,Metro,"Phoenix, AZ metro area",1535,5.44,717,-6.14,4.81,0.02,2.24,-0.27
2026-09-03,Monthly,2016-08-01,2016-08-31,Metro,"Pittsburgh, PA metro area",595,16.65,160,85.58,3.98,0.89,1.19,0.61
2026-09-03,Monthly,2016-08-01,2016-08-31,Metro,"Portland, OR metro area",352,-3.94,148,-29.52,3.38,-0.11,1.45,-0.58
2026-09-03,Monthly,2016-08-01,2016-08-31,Metro,"Providence, RI metro area",467,-7.1,241,3.69,5.42,0.27,2.81,0.42
2026-09-03,Monthly,2016-08-01,2016-08-31,Metro,"Riverside, CA metro area",1220,-4.91,578,-5.95,4.95,-0.47,2.32,-0.2
2026-09-03,Monthly,2016-08-01,2016-08-31,Metro,"Sacramento, CA metro area",508,-20.26,269,-6.47,5.79,-1.04,3.03,0.04
2026-09-03,Monthly,2016-08-01,2016-08-31,Metro,"San Antonio, TX metro area",455,-12.26,209,10.24,4.07,-0.5,1.79,0.09
2026-09-03,Monthly,2016-08-01,2016-08-31,Metro,"San Diego, CA metro area",534,-8.5,245,-14.76,4.79,-0.5,2.23,-0.34
2026-09-03,Monthly,2016-08-01,2016-08-31,Metro,"San Francisco, CA metro area",158,47.29,64,21.58,6.27,1.02,2.39,-0.06
2026-09-03,Monthly,2016-08-01,2016-08-31,Metro,"San Jose, CA metro area",169,9.31,79,43.21,4.77,-0.12,2.21,0.51
2026-09-03,Monthly,2016-08-01,2016-08-31,Metro,"Seattle, WA metro area",421,3.13,206,-8.28,4.1,0.17,2.08,-0.11
2026-09-03,Monthly,2016-08-01,2016-08-31,Metro,"St. Louis, MO metro area",991,7.69,383,10.72,5.99,0.86,2.3,0.27
2026-09-03,Monthly,2016-08-01,2016-08-31,Metro,"Tampa, FL metro area",784,0.73,322,-2.04,3.06,0.07,1.24,-0.02
2026-09-03,Monthly,2016-08-01,2016-08-31,Metro,"Virginia Beach, VA metro area",721,-1.07,284,10.23,5.64,-0.07,2.16,0.28
2026-09-03,Monthly,2016-08-01,2016-08-31,Metro,"Warren, MI metro area",854,-24.57,367,-14.14,6.21,0.38,2.71,0.48
2026-09-03,Monthly,2016-08-01,2016-08-31,Metro,"Washington, DC metro area",2462,-20.36,683,6.6,10.71,-1.24,2.97,0.49
2026-09-03,Monthly,2016-08-01,2016-08-31,Metro,"West Palm Beach, FL metro area",926,-0.86,401,7.65,5.07,-0.29,2.25,0.07
2026-09-03,Monthly,2016-07-01,2016-07-31,Metro,"Anaheim, CA metro area",533,-4.92,257,18.31,4.63,-0.74,2.31,0.21
2026-09-03,Monthly,2016-07-01,2016-07-31,Metro,"Atlanta, GA metro area",2936,-16.1,669,-2.43,6.21,-0.77,1.4,0.05
2026-09-03,Monthly,2016-07-01,2016-07-31,Metro,"Austin, TX metro area",408,4.73,204,16.98,4.25,-0.01,2.14,0.27
2026-09-03,Monthly,2016-07-01,2016-07-31,Metro,"Baltimore, MD metro area",1596,5.67,447,-13.36,9.4,1.05,2.67,-0.16
2026-09-03,Monthly,2016-07-01,2016-07-31,Metro,"Boston, MA metro area",861,-11.6,411,-8.16,6.26,-0.04,3.09,0.1
2026-09-03,Monthly,2016-07-01,2016-07-31,Metro,"Charlotte, NC metro area",592,-23.32,236,-12.75,2.9,-0.93,1.31,-0.1
2026-09-03,Monthly,2016-07-01,2016-07-31,Metro,"Chicago, IL metro area",2472,-5.53,1164,0,6.15,0.18,2.91,0.24
2026-09-03,Monthly,2016-07-01,2016-07-31,Metro,"Cincinnati, OH metro area",597,-14.89,250,-14.34,4.02,-0.29,1.72,-0.08
2026-09-03,Monthly,2016-07-01,2016-07-31,Metro,"Cleveland, OH metro area",660,-17.98,292,-13.43,5.22,-0.49,2.31,-0.14
2026-09-03,Monthly,2016-07-01,2016-07-31,Metro,"Columbus, OH metro area",413,-28.35,157,-33.8,3.92,-1.16,1.5,-0.58
2026-09-03,Monthly,2016-07-01,2016-07-31,Metro,"Dallas, TX metro area",792,10.25,368,6.2,4.37,0.38,2.02,0.11
2026-09-03,Monthly,2016-07-01,2016-07-31,Metro,"Denver, CO metro area",445,5.17,244,-0.6,3.67,0.45,2.08,0.19
2026-09-03,Monthly,2016-07-01,2016-07-31,Metro,"Detroit, MI metro area",509,-37.39,189,-23.42,6.61,-0.73,2.36,0.19
2026-09-03,Monthly,2016-07-01,2016-07-31,Metro,"Fort Lauderdale, FL metro area",1227,-9.89,413,-17.55,6.08,-0.27,2.06,-0.27
2026-09-03,Monthly,2016-07-01,2016-07-31,Metro,"Fort Worth, TX metro area",398,-5.17,171,-15.19,4.35,-0.06,1.88,-0.23
2026-09-03,Monthly,2016-07-01,2016-07-31,Metro,"Houston, TX metro area",1757,18.37,712,23.35,5.44,0.35,2.2,0.26
2026-09-03,Monthly,2016-07-01,2016-07-31,Metro,"Indianapolis, IN metro area",708,-1.15,274,-19.33,5.82,0.55,2.28,-0.2
2026-09-03,Monthly,2016-07-01,2016-07-31,Metro,"Jacksonville, FL metro area",468,1.61,168,2.2,3.92,0.17,1.42,0.04
2026-09-03,Monthly,2016-07-01,2016-07-31,Metro,"Kansas City, MO metro area",423,3.89,164,59.26,3.31,0.76,1.31,0.68
2026-09-03,Monthly,2016-07-01,2016-07-31,Metro,"Las Vegas, NV metro area",781,-4.51,345,4.32,4.52,0.02,1.98,0.14
2026-09-03,Monthly,2016-07-01,2016-07-31,Metro,"Los Angeles, CA metro area",1410,-5.94,598,-15.71,5.65,-0.48,2.38,-0.47
2026-09-03,Monthly,2016-07-01,2016-07-31,Metro,"Miami, FL metro area",1459,9.63,493,-5.85,6.89,0.49,2.22,-0.24
2026-09-03,Monthly,2016-07-01,2016-07-31,Metro,"Milwaukee, WI metro area",314,-34.1,144,-17.42,2.83,-1.12,1.75,-0.24
2026-09-03,Monthly,2016-07-01,2016-07-31,Metro,"Minneapolis, MN metro area",718,-14.18,407,-15.63,3.91,-0.26,2.27,-0.14
2026-09-03,Monthly,2016-07-01,2016-07-31,Metro,"Montgomery County, PA metro area",970,-10.97,302,-6.55,8.84,0.5,2.47,0.15
2026-09-03,Monthly,2016-07-01,2016-07-31,Metro,"Nashville, TN metro area",646,-4.64,241,-16.28,4.92,-0.28,1.88,-0.26
2026-09-03,Monthly,2016-07-01,2016-07-31,Metro,"Nassau County, NY metro area",976,-16.96,420,-5.68,6.18,-0.09,2.65,0.29
2026-09-03,Monthly,2016-07-01,2016-07-31,Metro,"New Brunswick, NJ metro area",1342,-15.38,478,-13.75,7.17,0,2.52,0.05
2026-09-03,Monthly,2016-07-01,2016-07-31,Metro,"New York, NY metro area",1876,-13.25,764,-2.16,3.89,-0.43,1.6,0.02
2026-09-03,Monthly,2016-07-01,2016-07-31,Metro,"Newark, NJ metro area",1156,-6.23,471,101.74,6.88,-0.02,2.87,1.29
2026-09-03,Monthly,2016-07-01,2016-07-31,Metro,"Oakland, CA metro area",307,6.64,144,27.31,5.1,0.2,2.41,0.46
2026-09-03,Monthly,2016-07-01,2016-07-31,Metro,"Orlando, FL metro area",752,0.61,313,6.47,4.15,0.33,1.72,0.24
2026-09-03,Monthly,2016-07-01,2016-07-31,Metro,"Philadelphia, PA metro area",779,-23.9,277,-19.8,7.05,-1.15,2.52,-0.23
2026-09-03,Monthly,2016-07-01,2016-07-31,Metro,"Phoenix, AZ metro area",1610,2.23,723,-4.43,4.91,-0.21,2.23,-0.21
2026-09-03,Monthly,2016-07-01,2016-07-31,Metro,"Pittsburgh, PA metro area",566,12.26,182,84.7,3.73,0.73,1.33,0.56
2026-09-03,Monthly,2016-07-01,2016-07-31,Metro,"Portland, OR metro area",346,-5.15,164,-1.41,3.48,0,1.64,0.06
2026-09-03,Monthly,2016-07-01,2016-07-31,Metro,"Providence, RI metro area",454,-20.97,190,-11.98,5.21,-0.66,2.2,-0.01
2026-09-03,Monthly,2016-07-01,2016-07-31,Metro,"Riverside, CA metro area",1192,-12.58,539,-1.43,4.93,-0.76,2.27,-0.02
2026-09-03,Monthly,2016-07-01,2016-07-31,Metro,"Sacramento, CA metro area",462,-32.43,256,4.3,5.21,-1.9,2.94,0.33
2026-09-03,Monthly,2016-07-01,2016-07-31,Metro,"San Antonio, TX metro area",493,-4.35,209,-0.68,4.15,-0.3,1.73,-0.04
2026-09-03,Monthly,2016-07-01,2016-07-31,Metro,"San Diego, CA metro area",529,-5.66,244,-8.04,4.86,0.04,2.2,-0.15
2026-09-03,Monthly,2016-07-01,2016-07-31,Metro,"San Francisco, CA metro area",155,58.46,58,27.6,6.13,1.4,2.21,0.09
2026-09-03,Monthly,2016-07-01,2016-07-31,Metro,"San Jose, CA metro area",182,38.13,95,36.96,5.1,1.03,2.68,0.51
2026-09-03,Monthly,2016-07-01,2016-07-31,Metro,"Seattle, WA metro area",415,-16.32,174,-23.96,4.06,-0.62,1.75,-0.47
2026-09-03,Monthly,2016-07-01,2016-07-31,Metro,"St. Louis, MO metro area",934,-1.66,376,44.87,5.5,0.03,2.22,0.75
2026-09-03,Monthly,2016-07-01,2016-07-31,Metro,"Tampa, FL metro area",783,-6.06,334,7.11,3.03,-0.07,1.29,0.12
2026-09-03,Monthly,2016-07-01,2016-07-31,Metro,"Virginia Beach, VA metro area",766,-7.27,279,0.91,6.02,-0.36,2.28,0.03
2026-09-03,Monthly,2016-07-01,2016-07-31,Metro,"Warren, MI metro area",807,-37.73,401,-6.17,5.84,-0.78,2.93,0.71
2026-09-03,Monthly,2016-07-01,2016-07-31,Metro,"Washington, DC metro area",2593,-18.07,752,8.05,11.13,-1.16,3.19,0.51
2026-09-03,Monthly,2016-07-01,2016-07-31,Metro,"West Palm Beach, FL metro area",953,5.81,391,5.93,5.25,0.07,2.18,0.04
2026-09-03,Monthly,2016-06-01,2016-06-30,Metro,"Anaheim, CA metro area",562,3.72,255,1.13,5.07,0.06,2.32,-0.03
2026-09-03,Monthly,2016-06-01,2016-06-30,Metro,"Atlanta, GA metro area",3335,-5.8,778,12.8,6.87,-0.19,1.6,0.25
2026-09-03,Monthly,2016-06-01,2016-06-30,Metro,"Austin, TX metro area",373,-3.16,196,11.83,3.97,-0.27,2.05,0.11
2026-09-03,Monthly,2016-06-01,2016-06-30,Metro,"Baltimore, MD metro area",1618,4.96,460,-4.76,9.51,1.02,2.71,0.05
2026-09-03,Monthly,2016-06-01,2016-06-30,Metro,"Boston, MA metro area",887,-1.44,392,-16.9,6.41,0.75,2.99,-0.12
2026-09-03,Monthly,2016-06-01,2016-06-30,Metro,"Charlotte, NC metro area",604,-19.23,249,-6.77,2.85,-0.6,1.35,-0.05
2026-09-03,Monthly,2016-06-01,2016-06-30,Metro,"Chicago, IL metro area",2361,-6.14,1166,0.5,5.83,0.03,2.9,0.25
2026-09-03,Monthly,2016-06-01,2016-06-30,Metro,"Cincinnati, OH metro area",624,-13.51,258,-20.72,4.15,-0.21,1.7,-0.24
2026-09-03,Monthly,2016-06-01,2016-06-30,Metro,"Cleveland, OH metro area",612,-22.75,278,-24.33,4.75,-0.82,2.19,-0.45
2026-09-03,Monthly,2016-06-01,2016-06-30,Metro,"Columbus, OH metro area",521,1.29,177,-40.27,4.91,0.64,1.7,-0.87
2026-09-03,Monthly,2016-06-01,2016-06-30,Metro,"Dallas, TX metro area",736,4.74,400,17.93,4.11,0.1,2.23,0.26
2026-09-03,Monthly,2016-06-01,2016-06-30,Metro,"Denver, CO metro area",480,8.74,245,6.19,4.08,0.72,2.1,0.3
2026-09-03,Monthly,2016-06-01,2016-06-30,Metro,"Detroit, MI metro area",529,-33.76,203,-17.68,6.75,-0.51,2.56,0.36
2026-09-03,Monthly,2016-06-01,2016-06-30,Metro,"Fort Lauderdale, FL metro area",1223,-9.69,399,-20.72,5.96,-0.29,1.94,-0.38
2026-09-03,Monthly,2016-06-01,2016-06-30,Metro,"Fort Worth, TX metro area",383,5.82,191,0.13,4.25,0.35,2.12,0.08
2026-09-03,Monthly,2016-06-01,2016-06-30,Metro,"Houston, TX metro area",1843,29.65,699,-17.24,5.73,0.78,2.19,-0.73
2026-09-03,Monthly,2016-06-01,2016-06-30,Metro,"Indianapolis, IN metro area",741,8.11,277,-30.82,6,1.21,2.24,-0.59
2026-09-03,Monthly,2016-06-01,2016-06-30,Metro,"Jacksonville, FL metro area",447,-5.25,176,-2.4,3.74,-0.13,1.48,0.01
2026-09-03,Monthly,2016-06-01,2016-06-30,Metro,"Kansas City, MO metro area",391,-3.39,165,39.91,3.11,0.66,1.29,0.57
2026-09-03,Monthly,2016-06-01,2016-06-30,Metro,"Las Vegas, NV metro area",889,5.99,320,-0.91,5.12,0.36,1.78,0
2026-09-03,Monthly,2016-06-01,2016-06-30,Metro,"Los Angeles, CA metro area",1410,-8.77,596,-6.99,5.77,-0.48,2.46,-0.24
2026-09-03,Monthly,2016-06-01,2016-06-30,Metro,"Miami, FL metro area",1435,3.18,535,6.75,6.67,0.19,2.39,0.1
2026-09-03,Monthly,2016-06-01,2016-06-30,Metro,"Milwaukee, WI metro area",333,-20.88,172,-15.19,2.56,-0.65,1.91,-0.13
2026-09-03,Monthly,2016-06-01,2016-06-30,Metro,"Minneapolis, MN metro area",693,-24.76,376,-25.38,3.75,-0.75,2.08,-0.42
2026-09-03,Monthly,2016-06-01,2016-06-30,Metro,"Montgomery County, PA metro area",1207,0.2,337,-8.72,9.46,0.88,2.74,0
2026-09-03,Monthly,2016-06-01,2016-06-30,Metro,"Nashville, TN metro area",686,6.02,239,-13.62,5.18,0.21,1.87,-0.19
2026-09-03,Monthly,2016-06-01,2016-06-30,Metro,"Nassau County, NY metro area",1144,2.47,405,-18.7,7.03,1.06,2.54,-0.1
2026-09-03,Monthly,2016-06-01,2016-06-30,Metro,"New Brunswick, NJ metro area",1324,-12.45,516,-9.3,6.99,0.24,2.68,0.14
2026-09-03,Monthly,2016-06-01,2016-06-30,Metro,"New York, NY metro area",2003,-4.53,734,-1.35,4.26,0.07,1.54,0.07
2026-09-03,Monthly,2016-06-01,2016-06-30,Metro,"Newark, NJ metro area",1153,7.15,504,197.41,6.66,0.37,2.86,1.77
2026-09-03,Monthly,2016-06-01,2016-06-30,Metro,"Oakland, CA metro area",329,39.94,115,-13.8,5.72,1.68,2,-0.3
2026-09-03,Monthly,2016-06-01,2016-06-30,Metro,"Orlando, FL metro area",829,16.76,337,2.13,4.29,0.73,1.79,0.13
2026-09-03,Monthly,2016-06-01,2016-06-30,Metro,"Philadelphia, PA metro area",1178,14.5,313,-11.85,10.57,2.46,2.76,0.02
2026-09-03,Monthly,2016-06-01,2016-06-30,Metro,"Phoenix, AZ metro area",1618,-2.92,728,-3.14,4.96,-0.37,2.21,-0.18
2026-09-03,Monthly,2016-06-01,2016-06-30,Metro,"Pittsburgh, PA metro area",542,0.57,168,268.45,3.63,0.37,1.11,0.88
2026-09-03,Monthly,2016-06-01,2016-06-30,Metro,"Portland, OR metro area",332,-20.69,141,-29.34,3.32,-0.51,1.44,-0.43
2026-09-03,Monthly,2016-06-01,2016-06-30,Metro,"Providence, RI metro area",468,-11.88,218,-16.88,5.32,-0.01,2.52,-0.17
2026-09-03,Monthly,2016-06-01,2016-06-30,Metro,"Riverside, CA metro area",1286,-3.79,553,-3.5,5.31,-0.11,2.39,-0.09
2026-09-03,Monthly,2016-06-01,2016-06-30,Metro,"Sacramento, CA metro area",497,-17.88,261,-2.87,5.65,-0.71,3.02,0.14
2026-09-03,Monthly,2016-06-01,2016-06-30,Metro,"San Antonio, TX metro area",453,2.61,233,18.93,3.92,-0.22,1.97,0.19
2026-09-03,Monthly,2016-06-01,2016-06-30,Metro,"San Diego, CA metro area",530,-8.42,243,-17.6,4.61,-0.39,2.22,-0.33
2026-09-03,Monthly,2016-06-01,2016-06-30,Metro,"San Francisco, CA metro area",144,49,58,62.36,5.77,0.92,2.22,0.53
2026-09-03,Monthly,2016-06-01,2016-06-30,Metro,"San Jose, CA metro area",188,18.19,85,48.6,5.43,0.17,2.46,0.58
2026-09-03,Monthly,2016-06-01,2016-06-30,Metro,"Seattle, WA metro area",404,-21.08,190,-19.7,4,-0.69,1.92,-0.27
2026-09-03,Monthly,2016-06-01,2016-06-30,Metro,"St. Louis, MO metro area",1000,3.11,421,92.31,5.93,0.25,2.29,1.04
2026-09-03,Monthly,2016-06-01,2016-06-30,Metro,"Tampa, FL metro area",805,-0.6,321,-11.07,3.06,0.01,1.23,-0.1
2026-09-03,Monthly,2016-06-01,2016-06-30,Metro,"Virginia Beach, VA metro area",773,-2.37,259,-7.49,6.16,-0.08,2.1,-0.16
2026-09-03,Monthly,2016-06-01,2016-06-30,Metro,"Warren, MI metro area",892,-23.61,397,3.42,6.26,0.24,2.85,0.85
2026-09-03,Monthly,2016-06-01,2016-06-30,Metro,"Washington, DC metro area",2683,-12.35,751,0.69,11.29,-0.6,3.11,0.21
2026-09-03,Monthly,2016-06-01,2016-06-30,Metro,"West Palm Beach, FL metro area",936,2.9,345,-11.89,5.07,-0.03,1.9,-0.37
2026-09-03,Monthly,2016-05-01,2016-05-31,Metro,"Anaheim, CA metro area",505,6.94,264,10.86,4.5,0.15,2.42,0.14
2026-09-03,Monthly,2016-05-01,2016-05-31,Metro,"Atlanta, GA metro area",3258,-7.48,720,9.5,6.74,-0.39,1.48,0.14
2026-09-03,Monthly,2016-05-01,2016-05-31,Metro,"Austin, TX metro area",374,-0.85,201,16.24,3.89,-0.36,2.13,0.15
2026-09-03,Monthly,2016-05-01,2016-05-31,Metro,"Baltimore, MD metro area",1576,-5.88,480,-9.54,9.2,-0.02,2.83,-0.11
2026-09-03,Monthly,2016-05-01,2016-05-31,Metro,"Boston, MA metro area",903,-1.45,413,-30.9,6.19,0.72,3.08,-0.83
2026-09-03,Monthly,2016-05-01,2016-05-31,Metro,"Charlotte, NC metro area",614,-20.37,223,-23.79,2.6,-0.56,1.23,-0.3
2026-09-03,Monthly,2016-05-01,2016-05-31,Metro,"Chicago, IL metro area",2359,-8.48,1202,-5.97,5.77,-0.05,2.97,0.07
2026-09-03,Monthly,2016-05-01,2016-05-31,Metro,"Cincinnati, OH metro area",604,-20.86,258,-26.62,3.96,-0.56,1.65,-0.42
2026-09-03,Monthly,2016-05-01,2016-05-31,Metro,"Cleveland, OH metro area",686,-13.05,279,-29.56,5.21,-0.31,2.17,-0.61
2026-09-03,Monthly,2016-05-01,2016-05-31,Metro,"Columbus, OH metro area",392,-39.39,180,-77.06,3.62,-1.68,1.7,-4.79
2026-09-03,Monthly,2016-05-01,2016-05-31,Metro,"Dallas, TX metro area",764,9.7,352,-8.1,4.24,0.19,1.98,-0.26
2026-09-03,Monthly,2016-05-01,2016-05-31,Metro,"Denver, CO metro area",448,-2.5,242,-3.19,3.78,0.31,2.1,0.16
2026-09-03,Monthly,2016-05-01,2016-05-31,Metro,"Detroit, MI metro area",605,-28.81,262,27.54,7.68,-0.03,3.21,1.44
2026-09-03,Monthly,2016-05-01,2016-05-31,Metro,"Fort Lauderdale, FL metro area",1330,-2.57,446,-9.72,6.31,0.1,2.16,-0.13
2026-09-03,Monthly,2016-05-01,2016-05-31,Metro,"Fort Worth, TX metro area",391,2.44,213,4.12,4.42,0.25,2.33,0.12
2026-09-03,Monthly,2016-05-01,2016-05-31,Metro,"Houston, TX metro area",1813,17.13,687,35.76,5.61,0.21,2.14,0.36
2026-09-03,Monthly,2016-05-01,2016-05-31,Metro,"Indianapolis, IN metro area",714,4.25,286,-31.1,5.57,0.82,2.27,-0.63
2026-09-03,Monthly,2016-05-01,2016-05-31,Metro,"Jacksonville, FL metro area",447,0.09,209,31.81,3.69,-0.03,1.69,0.37
2026-09-03,Monthly,2016-05-01,2016-05-31,Metro,"Kansas City, MO metro area",409,6.96,193,43.29,3.17,0.83,1.49,0.69
2026-09-03,Monthly,2016-05-01,2016-05-31,Metro,"Las Vegas, NV metro area",764,-2.52,332,5.47,4.34,-0.07,1.81,0.11
2026-09-03,Monthly,2016-05-01,2016-05-31,Metro,"Los Angeles, CA metro area",1374,-6.9,678,6.99,5.61,-0.43,2.8,0.14
2026-09-03,Monthly,2016-05-01,2016-05-31,Metro,"Miami, FL metro area",1454,12.88,551,14.96,6.85,0.79,2.48,0.27
2026-09-03,Monthly,2016-05-01,2016-05-31,Metro,"Milwaukee, WI metro area",348,-9.6,178,-31.19,2.58,0.07,2.01,-0.57
2026-09-03,Monthly,2016-05-01,2016-05-31,Metro,"Minneapolis, MN metro area",732,-13.42,410,-20.33,3.86,-0.21,2.25,-0.27
2026-09-03,Monthly,2016-05-01,2016-05-31,Metro,"Montgomery County, PA metro area",1156,1.23,315,-16.59,9.24,1.12,2.59,-0.23
2026-09-03,Monthly,2016-05-01,2016-05-31,Metro,"Nashville, TN metro area",652,-1.26,247,-22.83,5.04,0.08,1.9,-0.45
2026-09-03,Monthly,2016-05-01,2016-05-31,Metro,"Nassau County, NY metro area",1066,-10.7,422,-22.01,6.43,0.13,2.54,-0.37
2026-09-03,Monthly,2016-05-01,2016-05-31,Metro,"New Brunswick, NJ metro area",1292,-12.31,537,3.48,6.62,-0.17,2.73,0.38
2026-09-03,Monthly,2016-05-01,2016-05-31,Metro,"New York, NY metro area",2137,-3.16,721,-4.71,4.33,0,1.49,-0.06
2026-09-03,Monthly,2016-05-01,2016-05-31,Metro,"Newark, NJ metro area",1080,-7.56,476,271.54,6.5,-0.58,2.78,2.05
2026-09-03,Monthly,2016-05-01,2016-05-31,Metro,"Oakland, CA metro area",256,-5.51,128,5.66,4.51,-0.04,2.25,0.21
2026-09-03,Monthly,2016-05-01,2016-05-31,Metro,"Orlando, FL metro area",767,6.66,330,1.97,4.12,0.44,1.76,0.07
2026-09-03,Monthly,2016-05-01,2016-05-31,Metro,"Philadelphia, PA metro area",1174,11.06,362,-5.57,10.18,1.98,3.13,0.12
2026-09-03,Monthly,2016-05-01,2016-05-31,Metro,"Phoenix, AZ metro area",1683,3.38,773,-0.92,5.1,-0.04,2.36,-0.13
2026-09-03,Monthly,2016-05-01,2016-05-31,Metro,"Pittsburgh, PA metro area",573,40.61,152,1467.05,3.9,1.48,0.88,0.83
2026-09-03,Monthly,2016-05-01,2016-05-31,Metro,"Portland, OR metro area",337,-12.9,129,-43.18,3.47,-0.08,1.34,-0.75
2026-09-03,Monthly,2016-05-01,2016-05-31,Metro,"Providence, RI metro area",428,-19.77,265,-27,4.81,-0.47,2.97,-0.71
2026-09-03,Monthly,2016-05-01,2016-05-31,Metro,"Riverside, CA metro area",1342,-0.08,557,-8.37,5.51,0,2.38,-0.22
2026-09-03,Monthly,2016-05-01,2016-05-31,Metro,"Sacramento, CA metro area",512,-13.38,256,-14.41,5.83,-0.28,2.97,-0.19
2026-09-03,Monthly,2016-05-01,2016-05-31,Metro,"San Antonio, TX metro area",466,-1.22,198,-12.13,3.99,-0.24,1.69,-0.37
2026-09-03,Monthly,2016-05-01,2016-05-31,Metro,"San Diego, CA metro area",576,-2.6,280,-1.85,5.28,0.16,2.52,0.06
2026-09-03,Monthly,2016-05-01,2016-05-31,Metro,"San Francisco, CA metro area",145,60.64,41,-14.27,5.99,1.54,1.7,-0.73
2026-09-03,Monthly,2016-05-01,2016-05-31,Metro,"San Jose, CA metro area",168,41.77,84,19.4,4.97,1.04,2.46,0.1
2026-09-03,Monthly,2016-05-01,2016-05-31,Metro,"Seattle, WA metro area",384,-26.48,184,-22.39,3.82,-0.83,1.84,-0.34
2026-09-03,Monthly,2016-05-01,2016-05-31,Metro,"St. Louis, MO metro area",1001,6.53,437,130.51,5.85,0.29,2.52,1.4
2026-09-03,Monthly,2016-05-01,2016-05-31,Metro,"Tampa, FL metro area",781,-6,338,-8.43,3.01,-0.11,1.29,-0.08
2026-09-03,Monthly,2016-05-01,2016-05-31,Metro,"Virginia Beach, VA metro area",754,4.44,272,-7.48,5.93,0.2,2.22,-0.2
2026-09-03,Monthly,2016-05-01,2016-05-31,Metro,"Warren, MI metro area",1012,-16.9,416,-8.54,6.98,0.74,2.88,0.54
2026-09-03,Monthly,2016-05-01,2016-05-31,Metro,"Washington, DC metro area",2635,-9.09,735,-4.53,10.96,-0.43,3.07,0.09
2026-09-03,Monthly,2016-05-01,2016-05-31,Metro,"West Palm Beach, FL metro area",957,6.37,378,-3.68,5.23,-0.02,2.08,-0.19
2026-09-03,Monthly,2016-04-01,2016-04-30,Metro,"Anaheim, CA metro area",521,11.62,272,-3.47,4.76,0.24,2.49,-0.21
2026-09-03,Monthly,2016-04-01,2016-04-30,Metro,"Atlanta, GA metro area",2935,-25.35,808,10.28,6.03,-1.83,1.63,0.16
2026-09-03,Monthly,2016-04-01,2016-04-30,Metro,"Austin, TX metro area",426,30.5,200,-3.9,4.56,0.77,2.12,-0.21
2026-09-03,Monthly,2016-04-01,2016-04-30,Metro,"Baltimore, MD metro area",1581,6.82,534,2.29,9.1,0.57,3.14,0.22
2026-09-03,Monthly,2016-04-01,2016-04-30,Metro,"Boston, MA metro area",923,10.03,404,-34.3,5.96,0.99,2.84,-1.23
2026-09-03,Monthly,2016-04-01,2016-04-30,Metro,"Charlotte, NC metro area",601,-25.02,247,-12.69,2.25,-1.1,1.35,-0.11
2026-09-03,Monthly,2016-04-01,2016-04-30,Metro,"Chicago, IL metro area",2306,-4.01,1267,-0.19,5.61,0.15,3.09,0.19
2026-09-03,Monthly,2016-04-01,2016-04-30,Metro,"Cincinnati, OH metro area",625,-62.02,284,-55.92,3.96,-5.82,1.9,-1.97
2026-09-03,Monthly,2016-04-01,2016-04-30,Metro,"Cleveland, OH metro area",745,7.42,303,-35.87,5.44,0.62,2.12,-1.22
2026-09-03,Monthly,2016-04-01,2016-04-30,Metro,"Columbus, OH metro area",439,-35.68,197,129.29,3.97,-1.63,1.81,1.1
2026-09-03,Monthly,2016-04-01,2016-04-30,Metro,"Dallas, TX metro area",802,19.82,370,-8.89,4.42,0.46,2.06,-0.36
2026-09-03,Monthly,2016-04-01,2016-04-30,Metro,"Denver, CO metro area",397,-8.57,220,-14.07,3.36,-0.02,1.87,-0.14
2026-09-03,Monthly,2016-04-01,2016-04-30,Metro,"Detroit, MI metro area",716,-6.65,266,16.37,8.72,1.75,3.1,1
2026-09-03,Monthly,2016-04-01,2016-04-30,Metro,"Fort Lauderdale, FL metro area",1198,-14.92,441,-8.67,5.69,-0.69,2.13,-0.08
2026-09-03,Monthly,2016-04-01,2016-04-30,Metro,"Fort Worth, TX metro area",404,1.24,176,-19.5,4.44,0.14,1.93,-0.4
2026-09-03,Monthly,2016-04-01,2016-04-30,Metro,"Houston, TX metro area",1813,18.49,684,37.25,5.61,0.37,2.1,0.35
2026-09-03,Monthly,2016-04-01,2016-04-30,Metro,"Indianapolis, IN metro area",727,6.49,285,-43.81,5.49,0.71,2.18,-1.31
2026-09-03,Monthly,2016-04-01,2016-04-30,Metro,"Jacksonville, FL metro area",455,-3.78,189,13.69,3.74,-0.16,1.53,0.16
2026-09-03,Monthly,2016-04-01,2016-04-30,Metro,"Kansas City, MO metro area",415,14.32,161,-1.64,3.09,0.79,1.21,0.24
2026-09-03,Monthly,2016-04-01,2016-04-30,Metro,"Las Vegas, NV metro area",775,4.78,365,9.7,4.29,0.21,1.96,0.16
2026-09-03,Monthly,2016-04-01,2016-04-30,Metro,"Los Angeles, CA metro area",1421,-8.43,650,-2.89,5.78,-0.62,2.66,-0.13
2026-09-03,Monthly,2016-04-01,2016-04-30,Metro,"Miami, FL metro area",1407,7.47,521,-0.71,6.35,0.45,2.37,-0.03
2026-09-03,Monthly,2016-04-01,2016-04-30,Metro,"Milwaukee, WI metro area",400,13.79,225,-32.59,2.87,0.3,2.37,-0.87
2026-09-03,Monthly,2016-04-01,2016-04-30,Metro,"Minneapolis, MN metro area",723,-6.44,437,-17.11,3.68,0.05,2.34,-0.19
2026-09-03,Monthly,2016-04-01,2016-04-30,Metro,"Montgomery County, PA metro area",1041,6.44,372,-19.93,8.17,0.39,2.95,-0.48
2026-09-03,Monthly,2016-04-01,2016-04-30,Metro,"Nashville, TN metro area",675,-1.39,242,-23.92,5.15,-0.32,1.84,-0.55
2026-09-03,Monthly,2016-04-01,2016-04-30,Metro,"Nassau County, NY metro area",1095,-6.86,422,-23.56,6.37,0.01,2.49,-0.63
2026-09-03,Monthly,2016-04-01,2016-04-30,Metro,"New Brunswick, NJ metro area",1289,-11.83,585,0.45,6.52,-0.4,2.9,0.2
2026-09-03,Monthly,2016-04-01,2016-04-30,Metro,"New York, NY metro area",2211,-2.43,736,-26.48,4.48,-0.34,1.5,-0.6
2026-09-03,Monthly,2016-04-01,2016-04-30,Metro,"Newark, NJ metro area",1162,167.13,460,284.54,6.44,3.4,2.96,2.17
2026-09-03,Monthly,2016-04-01,2016-04-30,Metro,"Oakland, CA metro area",284,14.38,116,-14.82,5.09,0.84,2.1,-0.25
2026-09-03,Monthly,2016-04-01,2016-04-30,Metro,"Orlando, FL metro area",785,6.44,332,-11.74,4.03,0.43,1.75,-0.16
2026-09-03,Monthly,2016-04-01,2016-04-30,Metro,"Philadelphia, PA metro area",1137,2.76,327,-19.28,9.61,0.74,2.78,-0.43
2026-09-03,Monthly,2016-04-01,2016-04-30,Metro,"Phoenix, AZ metro area",1686,8.21,728,-15.12,5.1,0.1,2.22,-0.49
2026-09-03,Monthly,2016-04-01,2016-04-30,Metro,"Pittsburgh, PA metro area",550,89.7,154,2242.52,3.61,1.7,1.11,1.06
2026-09-03,Monthly,2016-04-01,2016-04-30,Metro,"Portland, OR metro area",370,-14.18,163,-14.1,3.86,-0.01,1.7,-0.02
2026-09-03,Monthly,2016-04-01,2016-04-30,Metro,"Providence, RI metro area",498,3.32,261,-33.33,5.27,0.28,2.81,-1.27
2026-09-03,Monthly,2016-04-01,2016-04-30,Metro,"Riverside, CA metro area",1253,-6.74,579,-7.44,5.24,-0.29,2.44,-0.24
2026-09-03,Monthly,2016-04-01,2016-04-30,Metro,"Sacramento, CA metro area",469,-21.84,248,-17.54,5.28,-0.83,2.83,-0.28
2026-09-03,Monthly,2016-04-01,2016-04-30,Metro,"San Antonio, TX metro area",489,8.99,210,-10.53,4.15,-0.04,1.68,-0.45
2026-09-03,Monthly,2016-04-01,2016-04-30,Metro,"San Diego, CA metro area",558,-9.21,277,-17.17,4.98,-0.16,2.44,-0.42
2026-09-03,Monthly,2016-04-01,2016-04-30,Metro,"San Francisco, CA metro area",126,15.59,71,74.36,5.29,0.17,3.04,1.12
2026-09-03,Monthly,2016-04-01,2016-04-30,Metro,"San Jose, CA metro area",151,-17.8,79,8.69,4.19,-1.62,2.29,-0.15
2026-09-03,Monthly,2016-04-01,2016-04-30,Metro,"Seattle, WA metro area",405,-28.68,201,-16.87,3.8,-1.02,1.94,-0.18
2026-09-03,Monthly,2016-04-01,2016-04-30,Metro,"St. Louis, MO metro area",921,-12.11,438,194.39,5.17,-1.22,2.36,1.55
2026-09-03,Monthly,2016-04-01,2016-04-30,Metro,"Tampa, FL metro area",835,2.92,373,0.9,3.22,0.24,1.42,0.04
2026-09-03,Monthly,2016-04-01,2016-04-30,Metro,"Virginia Beach, VA metro area",801,3.87,292,-0.06,6.38,0.4,2.33,-0.11
2026-09-03,Monthly,2016-04-01,2016-04-30,Metro,"Warren, MI metro area",1085,-4.33,469,-2.08,7.05,1.28,3.09,0.59
2026-09-03,Monthly,2016-04-01,2016-04-30,Metro,"Washington, DC metro area",2805,5.1,836,0.06,11.22,0.69,3.26,0
2026-09-03,Monthly,2016-04-01,2016-04-30,Metro,"West Palm Beach, FL metro area",906,-8.45,403,1.91,4.93,-0.77,2.24,-0.02
2026-09-03,Monthly,2016-03-01,2016-03-31,Metro,"Anaheim, CA metro area",510,2.19,300,-4.24,4.79,0.11,2.75,-0.1
2026-09-03,Monthly,2016-03-01,2016-03-31,Metro,"Atlanta, GA metro area",3037,-13.26,825,18.76,6.34,-0.63,1.68,0.33
2026-09-03,Monthly,2016-03-01,2016-03-31,Metro,"Austin, TX metro area",444,23.46,212,13.65,4.65,0.57,2.21,0.08
2026-09-03,Monthly,2016-03-01,2016-03-31,Metro,"Baltimore, MD metro area",1340,-2.28,563,14.81,7.66,-0.23,3.12,0.32
2026-09-03,Monthly,2016-03-01,2016-03-31,Metro,"Boston, MA metro area",889,-4.03,571,23.3,5.53,0.1,3.82,0.83
2026-09-03,Monthly,2016-03-01,2016-03-31,Metro,"Charlotte, NC metro area",665,-7.02,253,-10.45,2.97,0.06,1.38,-0.1
2026-09-03,Monthly,2016-03-01,2016-03-31,Metro,"Chicago, IL metro area",2445,-2.87,1200,-13.55,5.89,0.1,2.95,-0.19
2026-09-03,Monthly,2016-03-01,2016-03-31,Metro,"Cincinnati, OH metro area",642,-17.72,301,41.9,4.05,-0.63,1.92,0.62
2026-09-03,Monthly,2016-03-01,2016-03-31,Metro,"Cleveland, OH metro area",698,-1.25,368,-73.1,5.09,0.42,2.6,-5.8
2026-09-03,Monthly,2016-03-01,2016-03-31,Metro,"Columbus, OH metro area",441,-40.45,207,81.57,3.98,-2.09,1.9,0.94
2026-09-03,Monthly,2016-03-01,2016-03-31,Metro,"Dallas, TX metro area",782,2.74,414,8.14,4.23,-0.37,2.28,-0.08
2026-09-03,Monthly,2016-03-01,2016-03-31,Metro,"Denver, CO metro area",695,59.3,241,-3.91,5.5,2,1.94,-0.12
2026-09-03,Monthly,2016-03-01,2016-03-31,Metro,"Detroit, MI metro area",658,-16.38,251,13.42,7.77,0.12,3.02,0.83
2026-09-03,Monthly,2016-03-01,2016-03-31,Metro,"Fort Lauderdale, FL metro area",1255,-8.79,459,-5.27,5.99,-0.32,2.19,-0.03
2026-09-03,Monthly,2016-03-01,2016-03-31,Metro,"Fort Worth, TX metro area",379,1.97,191,-12.36,4.14,-0.07,2.07,-0.35
2026-09-03,Monthly,2016-03-01,2016-03-31,Metro,"Houston, TX metro area",1863,24.04,712,43.69,5.64,0.52,2.13,0.41
2026-09-03,Monthly,2016-03-01,2016-03-31,Metro,"Indianapolis, IN metro area",722,-25.08,296,-51.76,5.31,-1.02,2.26,-2.08
2026-09-03,Monthly,2016-03-01,2016-03-31,Metro,"Jacksonville, FL metro area",498,14.42,215,30.34,4.04,0.42,1.7,0.38
2026-09-03,Monthly,2016-03-01,2016-03-31,Metro,"Kansas City, MO metro area",444,10.2,156,-10.65,3.12,0.71,1.16,0.09
2026-09-03,Monthly,2016-03-01,2016-03-31,Metro,"Las Vegas, NV metro area",714,-12.84,343,-6.91,3.92,-0.65,1.86,-0.15
2026-09-03,Monthly,2016-03-01,2016-03-31,Metro,"Los Angeles, CA metro area",1450,-45.84,688,8.76,5.91,-4.9,2.82,0.19
2026-09-03,Monthly,2016-03-01,2016-03-31,Metro,"Miami, FL metro area",1425,13.22,500,-4.56,6.44,0.83,2.27,-0.12
2026-09-03,Monthly,2016-03-01,2016-03-31,Metro,"Milwaukee, WI metro area",368,-9.03,197,-40.66,3.55,0.07,2.1,-1.19
2026-09-03,Monthly,2016-03-01,2016-03-31,Metro,"Minneapolis, MN metro area",713,-11.17,444,-25.86,3.64,0.01,2.37,-0.5
2026-09-03,Monthly,2016-03-01,2016-03-31,Metro,"Montgomery County, PA metro area",966,-5.9,446,14.75,7.72,-0.1,3.42,0.36
2026-09-03,Monthly,2016-03-01,2016-03-31,Metro,"Nashville, TN metro area",647,-4.2,287,-9.69,5,-0.36,2.13,-0.31
2026-09-03,Monthly,2016-03-01,2016-03-31,Metro,"Nassau County, NY metro area",1207,0.67,504,4.57,6.88,0.22,2.96,0.2
2026-09-03,Monthly,2016-03-01,2016-03-31,Metro,"New Brunswick, NJ metro area",1213,-6.67,727,52.95,5.83,-0.56,3.5,1.13
2026-09-03,Monthly,2016-03-01,2016-03-31,Metro,"New York, NY metro area",2153,0.39,845,34.49,4.45,-0.14,1.71,0.39
2026-09-03,Monthly,2016-03-01,2016-03-31,Metro,"Newark, NJ metro area",1092,429.28,462,1099.19,6.39,4.25,3.52,3.49
2026-09-03,Monthly,2016-03-01,2016-03-31,Metro,"Oakland, CA metro area",253,3.1,127,-12.18,4.71,0.6,2.37,-0.11
2026-09-03,Monthly,2016-03-01,2016-03-31,Metro,"Orlando, FL metro area",745,-1.12,326,-9.13,3.85,-0.03,1.69,-0.16
2026-09-03,Monthly,2016-03-01,2016-03-31,Metro,"Philadelphia, PA metro area",1096,12.31,380,-4.93,9.03,1.18,3.13,-0.06
2026-09-03,Monthly,2016-03-01,2016-03-31,Metro,"Phoenix, AZ metro area",1623,-3.87,776,-6.79,5.07,-0.22,2.38,-0.25
2026-09-03,Monthly,2016-03-01,2016-03-31,Metro,"Pittsburgh, PA metro area",524,783.77,206,3621.34,3.43,3.11,1.43,1.4
2026-09-03,Monthly,2016-03-01,2016-03-31,Metro,"Portland, OR metro area",326,-31.12,146,-38.49,3.4,-0.72,1.55,-0.55
2026-09-03,Monthly,2016-03-01,2016-03-31,Metro,"Providence, RI metro area",451,-12.34,314,23.72,4.78,-0.82,3.3,0.6
2026-09-03,Monthly,2016-03-01,2016-03-31,Metro,"Riverside, CA metro area",1308,-2.09,596,-8.59,5.47,-0.04,2.5,-0.19
2026-09-03,Monthly,2016-03-01,2016-03-31,Metro,"Sacramento, CA metro area",486,-17.92,276,-20.45,5.62,-0.38,3.19,-0.36
2026-09-03,Monthly,2016-03-01,2016-03-31,Metro,"San Antonio, TX metro area",545,18.26,216,6.16,4.44,0.17,1.75,-0.15
2026-09-03,Monthly,2016-03-01,2016-03-31,Metro,"San Diego, CA metro area",508,-21.74,281,-24.77,4.37,-1.03,2.47,-0.56
2026-09-03,Monthly,2016-03-01,2016-03-31,Metro,"San Francisco, CA metro area",138,44.09,51,-5.04,5.95,1.48,2.2,-0.36
2026-09-03,Monthly,2016-03-01,2016-03-31,Metro,"San Jose, CA metro area",156,13.8,74,-17.21,4.44,-0.09,2.24,-0.83
2026-09-03,Monthly,2016-03-01,2016-03-31,Metro,"Seattle, WA metro area",413,-15.09,175,-41.96,4.04,-0.1,1.75,-0.85
2026-09-03,Monthly,2016-03-01,2016-03-31,Metro,"St. Louis, MO metro area",925,2.65,458,482.73,4.95,0,2.55,2.11
2026-09-03,Monthly,2016-03-01,2016-03-31,Metro,"Tampa, FL metro area",787,-3.04,360,0.37,3.03,-0.02,1.38,0.02
2026-09-03,Monthly,2016-03-01,2016-03-31,Metro,"Virginia Beach, VA metro area",731,-7.06,276,6.48,5.55,-0.61,2.13,0.1
2026-09-03,Monthly,2016-03-01,2016-03-31,Metro,"Warren, MI metro area",1105,-6.41,451,-6.14,7,0.81,2.9,0.35
2026-09-03,Monthly,2016-03-01,2016-03-31,Metro,"Washington, DC metro area",2531,14.65,995,26.21,10.01,0.98,3.94,0.69
2026-09-03,Monthly,2016-03-01,2016-03-31,Metro,"West Palm Beach, FL metro area",846,-10.07,385,-4.76,4.95,-0.51,2.17,-0.15
2026-09-03,Monthly,2016-02-01,2016-02-29,Metro,"Anaheim, CA metro area",565,12.14,271,-13.83,5.42,0.63,2.58,-0.39
2026-09-03,Monthly,2016-02-01,2016-02-29,Metro,"Atlanta, GA metro area",3217,-14.8,772,19.23,6.75,-0.58,1.61,0.35
2026-09-03,Monthly,2016-02-01,2016-02-29,Metro,"Austin, TX metro area",435,19.18,208,4.15,4.57,0.52,2.23,-0.02
2026-09-03,Monthly,2016-02-01,2016-02-29,Metro,"Baltimore, MD metro area",1397,7.91,477,1.75,7.94,1.03,2.69,0.1
2026-09-03,Monthly,2016-02-01,2016-02-29,Metro,"Boston, MA metro area",959,-12.33,467,48.72,6.22,0.49,2.94,1.31
2026-09-03,Monthly,2016-02-01,2016-02-29,Metro,"Charlotte, NC metro area",691,-12.34,243,-15.8,3.12,-0.49,1.32,-0.19
2026-09-03,Monthly,2016-02-01,2016-02-29,Metro,"Chicago, IL metro area",2376,-8.46,1167,-13.23,5.79,-0.17,2.81,-0.27
2026-09-03,Monthly,2016-02-01,2016-02-29,Metro,"Cincinnati, OH metro area",594,-35.25,281,1.34,3.79,-1.51,1.81,0.14
2026-09-03,Monthly,2016-02-01,2016-02-29,Metro,"Cleveland, OH metro area",757,-24.67,331,559.53,5.32,-1.01,2.34,2.02
2026-09-03,Monthly,2016-02-01,2016-02-29,Metro,"Columbus, OH metro area",485,-28.34,198,50.39,4.42,-1.03,1.81,0.8
2026-09-03,Monthly,2016-02-01,2016-02-29,Metro,"Dallas, TX metro area",803,3.73,381,-2.67,4.46,-0.1,2.1,-0.28
2026-09-03,Monthly,2016-02-01,2016-02-29,Metro,"Denver, CO metro area",500,20.34,229,-12.01,3.92,0.47,1.81,-0.37
2026-09-03,Monthly,2016-02-01,2016-02-29,Metro,"Detroit, MI metro area",745,4.33,201,12.2,8.8,1.92,2.37,0.6
2026-09-03,Monthly,2016-02-01,2016-02-29,Metro,"Fort Lauderdale, FL metro area",1300,4.82,463,0.97,6.32,0.52,2.23,0.08
2026-09-03,Monthly,2016-02-01,2016-02-29,Metro,"Fort Worth, TX metro area",442,1.44,181,-15.88,4.68,-0.03,1.97,-0.36
2026-09-03,Monthly,2016-02-01,2016-02-29,Metro,"Houston, TX metro area",1793,12.07,730,46.74,5.42,0.03,2.23,0.5
2026-09-03,Monthly,2016-02-01,2016-02-29,Metro,"Indianapolis, IN metro area",812,5.27,282,-30.86,6.23,0.95,2.19,-0.58
2026-09-03,Monthly,2016-02-01,2016-02-29,Metro,"Jacksonville, FL metro area",491,3.34,189,20.46,4.09,0.2,1.47,0.21
2026-09-03,Monthly,2016-02-01,2016-02-29,Metro,"Kansas City, MO metro area",435,4.94,163,4.09,3.04,0.58,1.25,0.29
2026-09-03,Monthly,2016-02-01,2016-02-29,Metro,"Las Vegas, NV metro area",760,-2.8,360,10.82,4.29,-0.02,1.97,0.19
2026-09-03,Monthly,2016-02-01,2016-02-29,Metro,"Los Angeles, CA metro area",1547,9.21,640,-1.75,6.28,0.46,2.69,0
2026-09-03,Monthly,2016-02-01,2016-02-29,Metro,"Miami, FL metro area",1390,6.11,524,1.19,6.1,0.11,2.4,0.02
2026-09-03,Monthly,2016-02-01,2016-02-29,Metro,"Milwaukee, WI metro area",418,3.34,187,-35.52,4.28,0.58,2.13,-0.82
2026-09-03,Monthly,2016-02-01,2016-02-29,Metro,"Minneapolis, MN metro area",712,-19.78,446,-26.57,3.89,-0.2,2.38,-0.51
2026-09-03,Monthly,2016-02-01,2016-02-29,Metro,"Montgomery County, PA metro area",1028,-1.37,314,-16.67,8.24,0.23,2.48,-0.36
2026-09-03,Monthly,2016-02-01,2016-02-29,Metro,"Nashville, TN metro area",666,-12.47,245,27.57,5.18,-0.48,1.83,0.43
2026-09-03,Monthly,2016-02-01,2016-02-29,Metro,"Nassau County, NY metro area",1191,1.79,424,-1.03,6.91,0.59,2.4,0.06
2026-09-03,Monthly,2016-02-01,2016-02-29,Metro,"New Brunswick, NJ metro area",1367,5.1,556,27.19,6.32,-0.16,2.62,0.44
2026-09-03,Monthly,2016-02-01,2016-02-29,Metro,"New York, NY metro area",2030,-5.51,749,27.09,4.17,-0.41,1.55,0.31
2026-09-03,Monthly,2016-02-01,2016-02-29,Metro,"Newark, NJ metro area",979,325.98,449,1415.77,6.44,3.8,3.1,3.1
2026-09-03,Monthly,2016-02-01,2016-02-29,Metro,"Oakland, CA metro area",268,-1.43,123,2.18,4.9,0.21,2.32,0.2
2026-09-03,Monthly,2016-02-01,2016-02-29,Metro,"Orlando, FL metro area",778,4.79,362,3.29,4.14,0.42,1.84,0.04
2026-09-03,Monthly,2016-02-01,2016-02-29,Metro,"Philadelphia, PA metro area",1068,-8.83,348,-3.85,8.83,-0.3,2.89,0.02
2026-09-03,Monthly,2016-02-01,2016-02-29,Metro,"Phoenix, AZ metro area",1515,-9.76,740,-11.5,4.76,-0.48,2.3,-0.3
2026-09-03,Monthly,2016-02-01,2016-02-29,Metro,"Pittsburgh, PA metro area",519,864.15,189,4859.01,3.57,3.38,1.29,1.27
2026-09-03,Monthly,2016-02-01,2016-02-29,Metro,"Portland, OR metro area",328,-28.9,157,-35.27,3.44,-0.49,1.66,-0.44
2026-09-03,Monthly,2016-02-01,2016-02-29,Metro,"Providence, RI metro area",596,2.12,240,13.81,5.9,0.08,2.48,0.4
2026-09-03,Monthly,2016-02-01,2016-02-29,Metro,"Riverside, CA metro area",1269,-8.68,609,-5.81,5.25,-0.6,2.57,-0.16
2026-09-03,Monthly,2016-02-01,2016-02-29,Metro,"Sacramento, CA metro area",468,-22.16,296,-16.27,5.44,-0.58,3.49,-0.07
2026-09-03,Monthly,2016-02-01,2016-02-29,Metro,"San Antonio, TX metro area",535,5.63,191,0.57,4.47,-0.01,1.59,-0.1
2026-09-03,Monthly,2016-02-01,2016-02-29,Metro,"San Diego, CA metro area",526,-24.24,283,-9.97,4.65,-1.22,2.47,-0.09
2026-09-03,Monthly,2016-02-01,2016-02-29,Metro,"San Francisco, CA metro area",143,63.1,49,-11.24,6.65,2.48,2.22,-0.12
2026-09-03,Monthly,2016-02-01,2016-02-29,Metro,"San Jose, CA metro area",144,-9.21,77,-13.81,4.51,-0.74,2.48,-0.38
2026-09-03,Monthly,2016-02-01,2016-02-29,Metro,"Seattle, WA metro area",399,-27.72,181,-43.22,3.98,-0.52,1.84,-0.84
2026-09-03,Monthly,2016-02-01,2016-02-29,Metro,"St. Louis, MO metro area",903,-6.58,334,1889.71,5.34,0.06,1.96,1.87
2026-09-03,Monthly,2016-02-01,2016-02-29,Metro,"Tampa, FL metro area",781,0.21,352,-7.39,3.06,0.12,1.35,-0.06
2026-09-03,Monthly,2016-02-01,2016-02-29,Metro,"Virginia Beach, VA metro area",767,-2.68,288,12.31,5.91,-0.26,2.32,0.33
2026-09-03,Monthly,2016-02-01,2016-02-29,Metro,"Warren, MI metro area",1112,-10.23,394,-1.42,6.92,0.53,2.46,0.36
2026-09-03,Monthly,2016-02-01,2016-02-29,Metro,"Washington, DC metro area",2770,38.64,827,13.25,11.34,3.19,3.5,0.54
2026-09-03,Monthly,2016-02-01,2016-02-29,Metro,"West Palm Beach, FL metro area",871,-8.47,379,-6.19,5.06,-0.48,2.19,-0.09
2026-09-03,Monthly,2016-01-01,2016-01-31,Metro,"Anaheim, CA metro area",505,-1.84,264,-15.34,4.91,-0.04,2.59,-0.48
2026-09-03,Monthly,2016-01-01,2016-01-31,Metro,"Atlanta, GA metro area",3738,1.81,694,-8.82,7.8,0.71,1.47,-0.02
2026-09-03,Monthly,2016-01-01,2016-01-31,Metro,"Austin, TX metro area",428,8.97,216,17.87,4.57,0.24,2.37,0.31
2026-09-03,Monthly,2016-01-01,2016-01-31,Metro,"Baltimore, MD metro area",1457,16.93,445,-3.23,8.04,1.41,2.5,-0.03
2026-09-03,Monthly,2016-01-01,2016-01-31,Metro,"Boston, MA metro area",996,-1.98,427,4.66,6.41,1.56,2.66,0.76
2026-09-03,Monthly,2016-01-01,2016-01-31,Metro,"Charlotte, NC metro area",915,-17.07,242,-18.15,5.42,-0.75,1.31,-0.22
2026-09-03,Monthly,2016-01-01,2016-01-31,Metro,"Chicago, IL metro area",2525,-1.92,1229,-7.89,6.01,0.19,2.92,-0.11
2026-09-03,Monthly,2016-01-01,2016-01-31,Metro,"Cincinnati, OH metro area",649,-20.82,273,-14.23,4.15,-0.63,1.77,-0.16
2026-09-03,Monthly,2016-01-01,2016-01-31,Metro,"Cleveland, OH metro area",729,-32.72,319,159.6,5.07,-1.72,2.18,1.39
2026-09-03,Monthly,2016-01-01,2016-01-31,Metro,"Columbus, OH metro area",493,-28.81,193,23.51,4.44,-1.16,1.68,0.45
2026-09-03,Monthly,2016-01-01,2016-01-31,Metro,"Dallas, TX metro area",824,2.39,442,24.31,4.57,-0.2,2.47,0.34
2026-09-03,Monthly,2016-01-01,2016-01-31,Metro,"Denver, CO metro area",492,18.33,246,6.44,3.81,0.3,1.93,-0.08
2026-09-03,Monthly,2016-01-01,2016-01-31,Metro,"Detroit, MI metro area",759,-21.23,193,11.76,7.59,-1.55,1.92,0.28
2026-09-03,Monthly,2016-01-01,2016-01-31,Metro,"Fort Lauderdale, FL metro area",1265,-7.88,467,-5.06,6.2,-0.26,2.26,-0.01
2026-09-03,Monthly,2016-01-01,2016-01-31,Metro,"Fort Worth, TX metro area",448,-8.08,193,-3.82,4.75,-0.49,2.1,-0.11
2026-09-03,Monthly,2016-01-01,2016-01-31,Metro,"Houston, TX metro area",1976,42.35,699,41.48,6.22,1.21,2.17,0.37
2026-09-03,Monthly,2016-01-01,2016-01-31,Metro,"Indianapolis, IN metro area",766,-22.1,266,-43.12,5.83,-0.85,2.06,-1.14
2026-09-03,Monthly,2016-01-01,2016-01-31,Metro,"Jacksonville, FL metro area",478,-9.26,174,-3.63,3.97,-0.37,1.4,-0.01
2026-09-03,Monthly,2016-01-01,2016-01-31,Metro,"Kansas City, MO metro area",428,-6.51,528,259.75,2.87,0.13,3.65,2.72
2026-09-03,Monthly,2016-01-01,2016-01-31,Metro,"Las Vegas, NV metro area",784,-12.81,401,23.99,4.34,-0.7,2.24,0.46
2026-09-03,Monthly,2016-01-01,2016-01-31,Metro,"Los Angeles, CA metro area",1428,-0.04,645,-3.45,5.96,0.06,2.71,-0.07
2026-09-03,Monthly,2016-01-01,2016-01-31,Metro,"Miami, FL metro area",1359,-3.02,524,6.66,6.08,-0.52,2.47,0.25
2026-09-03,Monthly,2016-01-01,2016-01-31,Metro,"Milwaukee, WI metro area",452,-12.96,191,-34.52,7.09,-0.19,2.06,-0.98
2026-09-03,Monthly,2016-01-01,2016-01-31,Metro,"Minneapolis, MN metro area",758,-22.71,461,-19.52,4.07,-0.63,2.44,-0.32
2026-09-03,Monthly,2016-01-01,2016-01-31,Metro,"Montgomery County, PA metro area",1117,-1.17,353,-2.71,8.49,-0.05,2.75,0.02
2026-09-03,Monthly,2016-01-01,2016-01-31,Metro,"Nashville, TN metro area",697,5.4,237,-42.2,5.01,1.72,1.76,-1.1
2026-09-03,Monthly,2016-01-01,2016-01-31,Metro,"Nassau County, NY metro area",1151,-1.26,436,-1.64,6.35,0.05,2.39,0.04
2026-09-03,Monthly,2016-01-01,2016-01-31,Metro,"New Brunswick, NJ metro area",1711,18.56,626,59.91,7.78,0.58,2.87,0.9
2026-09-03,Monthly,2016-01-01,2016-01-31,Metro,"New York, NY metro area",2218,-4.78,785,39.28,4.5,-0.42,1.62,0.43
2026-09-03,Monthly,2016-01-01,2016-01-31,Metro,"Newark, NJ metro area",1225,380.15,422,1813.92,7.65,4.99,2.63,2.53
2026-09-03,Monthly,2016-01-01,2016-01-31,Metro,"Oakland, CA metro area",256,5.45,120,-12.81,4.92,0.71,2.33,-0.07
2026-09-03,Monthly,2016-01-01,2016-01-31,Metro,"Orlando, FL metro area",762,8.49,342,1.42,4.02,0.58,1.79,0.09
2026-09-03,Monthly,2016-01-01,2016-01-31,Metro,"Philadelphia, PA metro area",1208,-3.27,336,-0.95,9.96,0.06,2.78,0.11
2026-09-03,Monthly,2016-01-01,2016-01-31,Metro,"Phoenix, AZ metro area",1476,-6.43,764,-12.33,4.68,-0.27,2.43,-0.29
2026-09-03,Monthly,2016-01-01,2016-01-31,Metro,"Pittsburgh, PA metro area",553,1841.54,165,2838.99,3.74,3.74,1.08,1.04
2026-09-03,Monthly,2016-01-01,2016-01-31,Metro,"Portland, OR metro area",317,-27.35,180,-14.08,3.39,-0.35,1.96,0.11
2026-09-03,Monthly,2016-01-01,2016-01-31,Metro,"Providence, RI metro area",548,-6.91,251,10.61,5.44,-0.24,2.51,0.34
2026-09-03,Monthly,2016-01-01,2016-01-31,Metro,"Riverside, CA metro area",1222,-3.72,651,8.94,5.19,-0.23,2.74,0.21
2026-09-03,Monthly,2016-01-01,2016-01-31,Metro,"Sacramento, CA metro area",478,-24.22,292,-8.48,5.51,-0.89,3.42,0.15
2026-09-03,Monthly,2016-01-01,2016-01-31,Metro,"San Antonio, TX metro area",466,-0.36,205,-20.18,4.17,-0.23,1.82,-0.88
2026-09-03,Monthly,2016-01-01,2016-01-31,Metro,"San Diego, CA metro area",567,-15.72,272,-9.72,5.16,-0.24,2.45,-0.03
2026-09-03,Monthly,2016-01-01,2016-01-31,Metro,"San Francisco, CA metro area",99,-8.73,56,21.81,4.56,-0.91,2.59,0.42
2026-09-03,Monthly,2016-01-01,2016-01-31,Metro,"San Jose, CA metro area",146,8.19,66,-15.45,4.69,0.13,2.1,-0.47
2026-09-03,Monthly,2016-01-01,2016-01-31,Metro,"Seattle, WA metro area",411,-26.13,207,-24.22,4.1,-0.49,2.11,-0.22
2026-09-03,Monthly,2016-01-01,2016-01-31,Metro,"St. Louis, MO metro area",1006,340.52,394,1942.46,5.79,4.44,2.27,2.16
2026-09-03,Monthly,2016-01-01,2016-01-31,Metro,"Tampa, FL metro area",813,4.39,360,-7.79,3.16,0.18,1.4,-0.06
2026-09-03,Monthly,2016-01-01,2016-01-31,Metro,"Virginia Beach, VA metro area",747,-0.13,279,-5.55,5.77,0.04,2.21,-0.12
2026-09-03,Monthly,2016-01-01,2016-01-31,Metro,"Warren, MI metro area",1196,-5.68,440,8.81,6.59,0.1,2.46,0.36
2026-09-03,Monthly,2016-01-01,2016-01-31,Metro,"Washington, DC metro area",2679,48.82,720,5.01,10.97,3.64,2.97,0.16
2026-09-03,Monthly,2016-01-01,2016-01-31,Metro,"West Palm Beach, FL metro area",886,-9.32,386,3.21,5.27,-0.36,2.25,0.15
2026-09-03,Monthly,2015-12-01,2015-12-31,Metro,"Anaheim, CA metro area",NA,NA,NA,NA,NA,NA,NA,NA
2026-09-03,Monthly,2015-12-01,2015-12-31,Metro,"Atlanta, GA metro area",NA,NA,NA,NA,NA,NA,NA,NA
2026-09-03,Monthly,2015-12-01,2015-12-31,Metro,"Austin, TX metro area",NA,NA,NA,NA,NA,NA,NA,NA
2026-09-03,Monthly,2015-12-01,2015-12-31,Metro,"Baltimore, MD metro area",NA,NA,NA,NA,NA,NA,NA,NA
2026-09-03,Monthly,2015-12-01,2015-12-31,Metro,"Boston, MA metro area",NA,NA,NA,NA,NA,NA,NA,NA
2026-09-03,Monthly,2015-12-01,2015-12-31,Metro,"Charlotte, NC metro area",NA,NA,NA,NA,NA,NA,NA,NA
2026-09-03,Monthly,2015-12-01,2015-12-31,Metro,"Chicago, IL metro area",NA,NA,NA,NA,NA,NA,NA,NA
2026-09-03,Monthly,2015-12-01,2015-12-31,Metro,"Cincinnati, OH metro area",NA,NA,NA,NA,NA,NA,NA,NA
2026-09-03,Monthly,2015-12-01,2015-12-31,Metro,"Cleveland, OH metro area",NA,NA,NA,NA,NA,NA,NA,NA
2026-09-03,Monthly,2015-12-01,2015-12-31,Metro,"Columbus, OH metro area",NA,NA,NA,NA,NA,NA,NA,NA
2026-09-03,Monthly,2015-12-01,2015-12-31,Metro,"Dallas, TX metro area",NA,NA,NA,NA,NA,NA,NA,NA
2026-09-03,Monthly,2015-12-01,2015-12-31,Metro,"Denver, CO metro area",NA,NA,NA,NA,NA,NA,NA,NA
2026-09-03,Monthly,2015-12-01,2015-12-31,Metro,"Detroit, MI metro area",NA,NA,NA,NA,NA,NA,NA,NA
2026-09-03,Monthly,2015-12-01,2015-12-31,Metro,"Fort Lauderdale, FL metro area",NA,NA,NA,NA,NA,NA,NA,NA
2026-09-03,Monthly,2015-12-01,2015-12-31,Metro,"Fort Worth, TX metro area",NA,NA,NA,NA,NA,NA,NA,NA
2026-09-03,Monthly,2015-12-01,2015-12-31,Metro,"Houston, TX metro area",NA,NA,NA,NA,NA,NA,NA,NA
2026-09-03,Monthly,2015-12-01,2015-12-31,Metro,"Indianapolis, IN metro area",NA,NA,NA,NA,NA,NA,NA,NA
2026-09-03,Monthly,2015-12-01,2015-12-31,Metro,"Jacksonville, FL metro area",NA,NA,NA,NA,NA,NA,NA,NA
2026-09-03,Monthly,2015-12-01,2015-12-31,Metro,"Kansas City, MO metro area",NA,NA,NA,NA,NA,NA,NA,NA
2026-09-03,Monthly,2015-12-01,2015-12-31,Metro,"Las Vegas, NV metro area",NA,NA,NA,NA,NA,NA,NA,NA
2026-09-03,Monthly,2015-12-01,2015-12-31,Metro,"Los Angeles, CA metro area",NA,NA,NA,NA,NA,NA,NA,NA
2026-09-03,Monthly,2015-12-01,2015-12-31,Metro,"Miami, FL metro area",NA,NA,NA,NA,NA,NA,NA,NA
2026-09-03,Monthly,2015-12-01,2015-12-31,Metro,"Milwaukee, WI metro area",NA,NA,NA,NA,NA,NA,NA,NA
2026-09-03,Monthly,2015-12-01,2015-12-31,Metro,"Minneapolis, MN metro area",NA,NA,NA,NA,NA,NA,NA,NA
2026-09-03,Monthly,2015-12-01,2015-12-31,Metro,"Montgomery County, PA metro area",NA,NA,NA,NA,NA,NA,NA,NA
2026-09-03,Monthly,2015-12-01,2015-12-31,Metro,"Nashville, TN metro area",NA,NA,NA,NA,NA,NA,NA,NA
2026-09-03,Monthly,2015-12-01,2015-12-31,Metro,"Nassau County, NY metro area",NA,NA,NA,NA,NA,NA,NA,NA
2026-09-03,Monthly,2015-12-01,2015-12-31,Metro,"New Brunswick, NJ metro area",NA,NA,NA,NA,NA,NA,NA,NA
2026-09-03,Monthly,2015-12-01,2015-12-31,Metro,"New York, NY metro area",NA,NA,NA,NA,NA,NA,NA,NA
2026-09-03,Monthly,2015-12-01,2015-12-31,Metro,"Newark, NJ metro area",NA,NA,NA,NA,NA,NA,NA,NA
2026-09-03,Monthly,2015-12-01,2015-12-31,Metro,"Oakland, CA metro area",NA,NA,NA,NA,NA,NA,NA,NA
2026-09-03,Monthly,2015-12-01,2015-12-31,Metro,"Orlando, FL metro area",NA,NA,NA,NA,NA,NA,NA,NA
2026-09-03,Monthly,2015-12-01,2015-12-31,Metro,"Philadelphia, PA metro area",NA,NA,NA,NA,NA,NA,NA,NA
2026-09-03,Monthly,2015-12-01,2015-12-31,Metro,"Phoenix, AZ metro area",NA,NA,NA,NA,NA,NA,NA,NA
2026-09-03,Monthly,2015-12-01,2015-12-31,Metro,"Pittsburgh, PA metro area",NA,NA,NA,NA,NA,NA,NA,NA
2026-09-03,Monthly,2015-12-01,2015-12-31,Metro,"Portland, OR metro area",NA,NA,NA,NA,NA,NA,NA,NA
2026-09-03,Monthly,2015-12-01,2015-12-31,Metro,"Providence, RI metro area",NA,NA,NA,NA,NA,NA,NA,NA
2026-09-03,Monthly,2015-12-01,2015-12-31,Metro,"Riverside, CA metro area",NA,NA,NA,NA,NA,NA,NA,NA
2026-09-03,Monthly,2015-12-01,2015-12-31,Metro,"Sacramento, CA metro area",NA,NA,NA,NA,NA,NA,NA,NA
2026-09-03,Monthly,2015-12-01,2015-12-31,Metro,"San Antonio, TX metro area",NA,NA,NA,NA,NA,NA,NA,NA
2026-09-03,Monthly,2015-12-01,2015-12-31,Metro,"San Diego, CA metro area",NA,NA,NA,NA,NA,NA,NA,NA
2026-09-03,Monthly,2015-12-01,2015-12-31,Metro,"San Francisco, CA metro area",NA,NA,NA,NA,NA,NA,NA,NA
2026-09-03,Monthly,2015-12-01,2015-12-31,Metro,"San Jose, CA metro area",NA,NA,NA,NA,NA,NA,NA,NA
2026-09-03,Monthly,2015-12-01,2015-12-31,Metro,"Seattle, WA metro area",NA,NA,NA,NA,NA,NA,NA,NA
2026-09-03,Monthly,2015-12-01,2015-12-31,Metro,"St. Louis, MO metro area",NA,NA,NA,NA,NA,NA,NA,NA
2026-09-03,Monthly,2015-12-01,2015-12-31,Metro,"Tampa, FL metro area",NA,NA,NA,NA,NA,NA,NA,NA
2026-09-03,Monthly,2015-12-01,2015-12-31,Metro,"Virginia Beach, VA metro area",NA,NA,NA,NA,NA,NA,NA,NA
2026-09-03,Monthly,2015-12-01,2015-12-31,Metro,"Warren, MI metro area",NA,NA,NA,NA,NA,NA,NA,NA
2026-09-03,Monthly,2015-12-01,2015-12-31,Metro,"Washington, DC metro area",NA,NA,NA,NA,NA,NA,NA,NA
2026-09-03,Monthly,2015-12-01,2015-12-31,Metro,"West Palm Beach, FL metro area",NA,NA,NA,NA,NA,NA,NA,NA
2026-09-03,Monthly,2015-11-01,2015-11-30,Metro,"Anaheim, CA metro area",NA,NA,NA,NA,NA,NA,NA,NA
2026-09-03,Monthly,2015-11-01,2015-11-30,Metro,"Atlanta, GA metro area",NA,NA,NA,NA,NA,NA,NA,NA
2026-09-03,Monthly,2015-11-01,2015-11-30,Metro,"Austin, TX metro area",NA,NA,NA,NA,NA,NA,NA,NA
2026-09-03,Monthly,2015-11-01,2015-11-30,Metro,"Baltimore, MD metro area",NA,NA,NA,NA,NA,NA,NA,NA
2026-09-03,Monthly,2015-11-01,2015-11-30,Metro,"Boston, MA metro area",NA,NA,NA,NA,NA,NA,NA,NA
2026-09-03,Monthly,2015-11-01,2015-11-30,Metro,"Charlotte, NC metro area",NA,NA,NA,NA,NA,NA,NA,NA
2026-09-03,Monthly,2015-11-01,2015-11-30,Metro,"Chicago, IL metro area",NA,NA,NA,NA,NA,NA,NA,NA
2026-09-03,Monthly,2015-11-01,2015-11-30,Metro,"Cincinnati, OH metro area",NA,NA,NA,NA,NA,NA,NA,NA
2026-09-03,Monthly,2015-11-01,2015-11-30,Metro,"Cleveland, OH metro area",NA,NA,NA,NA,NA,NA,NA,NA
2026-09-03,Monthly,2015-11-01,2015-11-30,Metro,"Columbus, OH metro area",NA,NA,NA,NA,NA,NA,NA,NA
2026-09-03,Monthly,2015-11-01,2015-11-30,Metro,"Dallas, TX metro area",NA,NA,NA,NA,NA,NA,NA,NA
2026-09-03,Monthly,2015-11-01,2015-11-30,Metro,"Denver, CO metro area",NA,NA,NA,NA,NA,NA,NA,NA
2026-09-03,Monthly,2015-11-01,2015-11-30,Metro,"Detroit, MI metro area",NA,NA,NA,NA,NA,NA,NA,NA
2026-09-03,Monthly,2015-11-01,2015-11-30,Metro,"Fort Lauderdale, FL metro area",NA,NA,NA,NA,NA,NA,NA,NA
2026-09-03,Monthly,2015-11-01,2015-11-30,Metro,"Fort Worth, TX metro area",NA,NA,NA,NA,NA,NA,NA,NA
2026-09-03,Monthly,2015-11-01,2015-11-30,Metro,"Houston, TX metro area",NA,NA,NA,NA,NA,NA,NA,NA
2026-09-03,Monthly,2015-11-01,2015-11-30,Metro,"Indianapolis, IN metro area",NA,NA,NA,NA,NA,NA,NA,NA
2026-09-03,Monthly,2015-11-01,2015-11-30,Metro,"Jacksonville, FL metro area",NA,NA,NA,NA,NA,NA,NA,NA
2026-09-03,Monthly,2015-11-01,2015-11-30,Metro,"Kansas City, MO metro area",NA,NA,NA,NA,NA,NA,NA,NA
2026-09-03,Monthly,2015-11-01,2015-11-30,Metro,"Las Vegas, NV metro area",NA,NA,NA,NA,NA,NA,NA,NA
2026-09-03,Monthly,2015-11-01,2015-11-30,Metro,"Los Angeles, CA metro area",NA,NA,NA,NA,NA,NA,NA,NA
2026-09-03,Monthly,2015-11-01,2015-11-30,Metro,"Miami, FL metro area",NA,NA,NA,NA,NA,NA,NA,NA
2026-09-03,Monthly,2015-11-01,2015-11-30,Metro,"Milwaukee, WI metro area",NA,NA,NA,NA,NA,NA,NA,NA
2026-09-03,Monthly,2015-11-01,2015-11-30,Metro,"Minneapolis, MN metro area",NA,NA,NA,NA,NA,NA,NA,NA
2026-09-03,Monthly,2015-11-01,2015-11-30,Metro,"Montgomery County, PA metro area",NA,NA,NA,NA,NA,NA,NA,NA
2026-09-03,Monthly,2015-11-01,2015-11-30,Metro,"Nashville, TN metro area",NA,NA,NA,NA,NA,NA,NA,NA
2026-09-03,Monthly,2015-11-01,2015-11-30,Metro,"Nassau County, NY metro area",NA,NA,NA,NA,NA,NA,NA,NA
2026-09-03,Monthly,2015-11-01,2015-11-30,Metro,"New Brunswick, NJ metro area",NA,NA,NA,NA,NA,NA,NA,NA
2026-09-03,Monthly,2015-11-01,2015-11-30,Metro,"New York, NY metro area",NA,NA,NA,NA,NA,NA,NA,NA
2026-09-03,Monthly,2015-11-01,2015-11-30,Metro,"Newark, NJ metro area",NA,NA,NA,NA,NA,NA,NA,NA
2026-09-03,Monthly,2015-11-01,2015-11-30,Metro,"Oakland, CA metro area",NA,NA,NA,NA,NA,NA,NA,NA
2026-09-03,Monthly,2015-11-01,2015-11-30,Metro,"Orlando, FL metro area",NA,NA,NA,NA,NA,NA,NA,NA
2026-09-03,Monthly,2015-11-01,2015-11-30,Metro,"Philadelphia, PA metro area",NA,NA,NA,NA,NA,NA,NA,NA
2026-09-03,Monthly,2015-11-01,2015-11-30,Metro,"Phoenix, AZ metro area",NA,NA,NA,NA,NA,NA,NA,NA
2026-09-03,Monthly,2015-11-01,2015-11-30,Metro,"Pittsburgh, PA metro area",NA,NA,NA,NA,NA,NA,NA,NA
2026-09-03,Monthly,2015-11-01,2015-11-30,Metro,"Portland, OR metro area",NA,NA,NA,NA,NA,NA,NA,NA
2026-09-03,Monthly,2015-11-01,2015-11-30,Metro,"Providence, RI metro area",NA,NA,NA,NA,NA,NA,NA,NA
2026-09-03,Monthly,2015-11-01,2015-11-30,Metro,"Riverside, CA metro area",NA,NA,NA,NA,NA,NA,NA,NA
2026-09-03,Monthly,2015-11-01,2015-11-30,Metro,"Sacramento, CA metro area",NA,NA,NA,NA,NA,NA,NA,NA
2026-09-03,Monthly,2015-11-01,2015-11-30,Metro,"San Antonio, TX metro area",NA,NA,NA,NA,NA,NA,NA,NA
2026-09-03,Monthly,2015-11-01,2015-11-30,Metro,"San Diego, CA metro area",NA,NA,NA,NA,NA,NA,NA,NA
2026-09-03,Monthly,2015-11-01,2015-11-30,Metro,"San Francisco, CA metro area",NA,NA,NA,NA,NA,NA,NA,NA
2026-09-03,Monthly,2015-11-01,2015-11-30,Metro,"San Jose, CA metro area",NA,NA,NA,NA,NA,NA,NA,NA
2026-09-03,Monthly,2015-11-01,2015-11-30,Metro,"Seattle, WA metro area",NA,NA,NA,NA,NA,NA,NA,NA
2026-09-03,Monthly,2015-11-01,2015-11-30,Metro,"St. Louis, MO metro area",NA,NA,NA,NA,NA,NA,NA,NA
2026-09-03,Monthly,2015-11-01,2015-11-30,Metro,"Tampa, FL metro area",NA,NA,NA,NA,NA,NA,NA,NA
2026-09-03,Monthly,2015-11-01,2015-11-30,Metro,"Virginia Beach, VA metro area",NA,NA,NA,NA,NA,NA,NA,NA
2026-09-03,Monthly,2015-11-01,2015-11-30,Metro,"Warren, MI metro area",NA,NA,NA,NA,NA,NA,NA,NA
2026-09-03,Monthly,2015-11-01,2015-11-30,Metro,"Washington, DC metro area",NA,NA,NA,NA,NA,NA,NA,NA
2026-09-03,Monthly,2015-11-01,2015-11-30,Metro,"West Palm Beach, FL metro area",NA,NA,NA,NA,NA,NA,NA,NA
2026-09-03,Monthly,2015-10-01,2015-10-31,Metro,"Anaheim, CA metro area",NA,NA,NA,NA,NA,NA,NA,NA
2026-09-03,Monthly,2015-10-01,2015-10-31,Metro,"Atlanta, GA metro area",NA,NA,NA,NA,NA,NA,NA,NA
2026-09-03,Monthly,2015-10-01,2015-10-31,Metro,"Austin, TX metro area",NA,NA,NA,NA,NA,NA,NA,NA
2026-09-03,Monthly,2015-10-01,2015-10-31,Metro,"Baltimore, MD metro area",NA,NA,NA,NA,NA,NA,NA,NA
2026-09-03,Monthly,2015-10-01,2015-10-31,Metro,"Boston, MA metro area",NA,NA,NA,NA,NA,NA,NA,NA
2026-09-03,Monthly,2015-10-01,2015-10-31,Metro,"Charlotte, NC metro area",NA,NA,NA,NA,NA,NA,NA,NA
2026-09-03,Monthly,2015-10-01,2015-10-31,Metro,"Chicago, IL metro area",NA,NA,NA,NA,NA,NA,NA,NA
2026-09-03,Monthly,2015-10-01,2015-10-31,Metro,"Cincinnati, OH metro area",NA,NA,NA,NA,NA,NA,NA,NA
2026-09-03,Monthly,2015-10-01,2015-10-31,Metro,"Cleveland, OH metro area",NA,NA,NA,NA,NA,NA,NA,NA
2026-09-03,Monthly,2015-10-01,2015-10-31,Metro,"Columbus, OH metro area",NA,NA,NA,NA,NA,NA,NA,NA
2026-09-03,Monthly,2015-10-01,2015-10-31,Metro,"Dallas, TX metro area",NA,NA,NA,NA,NA,NA,NA,NA
2026-09-03,Monthly,2015-10-01,2015-10-31,Metro,"Denver, CO metro area",NA,NA,NA,NA,NA,NA,NA,NA
2026-09-03,Monthly,2015-10-01,2015-10-31,Metro,"Detroit, MI metro area",NA,NA,NA,NA,NA,NA,NA,NA
2026-09-03,Monthly,2015-10-01,2015-10-31,Metro,"Fort Lauderdale, FL metro area",NA,NA,NA,NA,NA,NA,NA,NA
2026-09-03,Monthly,2015-10-01,2015-10-31,Metro,"Fort Worth, TX metro area",NA,NA,NA,NA,NA,NA,NA,NA
2026-09-03,Monthly,2015-10-01,2015-10-31,Metro,"Houston, TX metro area",NA,NA,NA,NA,NA,NA,NA,NA
2026-09-03,Monthly,2015-10-01,2015-10-31,Metro,"Indianapolis, IN metro area",NA,NA,NA,NA,NA,NA,NA,NA
2026-09-03,Monthly,2015-10-01,2015-10-31,Metro,"Jacksonville, FL metro area",NA,NA,NA,NA,NA,NA,NA,NA
2026-09-03,Monthly,2015-10-01,2015-10-31,Metro,"Kansas City, MO metro area",NA,NA,NA,NA,NA,NA,NA,NA
2026-09-03,Monthly,2015-10-01,2015-10-31,Metro,"Las Vegas, NV metro area",NA,NA,NA,NA,NA,NA,NA,NA
2026-09-03,Monthly,2015-10-01,2015-10-31,Metro,"Los Angeles, CA metro area",NA,NA,NA,NA,NA,NA,NA,NA
2026-09-03,Monthly,2015-10-01,2015-10-31,Metro,"Miami, FL metro area",NA,NA,NA,NA,NA,NA,NA,NA
2026-09-03,Monthly,2015-10-01,2015-10-31,Metro,"Milwaukee, WI metro area",NA,NA,NA,NA,NA,NA,NA,NA
2026-09-03,Monthly,2015-10-01,2015-10-31,Metro,"Minneapolis, MN metro area",NA,NA,NA,NA,NA,NA,NA,NA
2026-09-03,Monthly,2015-10-01,2015-10-31,Metro,"Montgomery County, PA metro area",NA,NA,NA,NA,NA,NA,NA,NA
2026-09-03,Monthly,2015-10-01,2015-10-31,Metro,"Nashville, TN metro area",NA,NA,NA,NA,NA,NA,NA,NA
2026-09-03,Monthly,2015-10-01,2015-10-31,Metro,"Nassau County, NY metro area",NA,NA,NA,NA,NA,NA,NA,NA
2026-09-03,Monthly,2015-10-01,2015-10-31,Metro,"New Brunswick, NJ metro area",NA,NA,NA,NA,NA,NA,NA,NA
2026-09-03,Monthly,2015-10-01,2015-10-31,Metro,"New York, NY metro area",NA,NA,NA,NA,NA,NA,NA,NA
2026-09-03,Monthly,2015-10-01,2015-10-31,Metro,"Newark, NJ metro area",NA,NA,NA,NA,NA,NA,NA,NA
2026-09-03,Monthly,2015-10-01,2015-10-31,Metro,"Oakland, CA metro area",NA,NA,NA,NA,NA,NA,NA,NA
2026-09-03,Monthly,2015-10-01,2015-10-31,Metro,"Orlando, FL metro area",NA,NA,NA,NA,NA,NA,NA,NA
2026-09-03,Monthly,2015-10-01,2015-10-31,Metro,"Philadelphia, PA metro area",NA,NA,NA,NA,NA,NA,NA,NA
2026-09-03,Monthly,2015-10-01,2015-10-31,Metro,"Phoenix, AZ metro area",NA,NA,NA,NA,NA,NA,NA,NA
2026-09-03,Monthly,2015-10-01,2015-10-31,Metro,"Pittsburgh, PA metro area",NA,NA,NA,NA,NA,NA,NA,NA
2026-09-03,Monthly,2015-10-01,2015-10-31,Metro,"Portland, OR metro area",NA,NA,NA,NA,NA,NA,NA,NA
2026-09-03,Monthly,2015-10-01,2015-10-31,Metro,"Providence, RI metro area",NA,NA,NA,NA,NA,NA,NA,NA
2026-09-03,Monthly,2015-10-01,2015-10-31,Metro,"Riverside, CA metro area",NA,NA,NA,NA,NA,NA,NA,NA
2026-09-03,Monthly,2015-10-01,2015-10-31,Metro,"Sacramento, CA metro area",NA,NA,NA,NA,NA,NA,NA,NA
2026-09-03,Monthly,2015-10-01,2015-10-31,Metro,"San Antonio, TX metro area",NA,NA,NA,NA,NA,NA,NA,NA
2026-09-03,Monthly,2015-10-01,2015-10-31,Metro,"San Diego, CA metro area",NA,NA,NA,NA,NA,NA,NA,NA
2026-09-03,Monthly,2015-10-01,2015-10-31,Metro,"San Francisco, CA metro area",NA,NA,NA,NA,NA,NA,NA,NA
2026-09-03,Monthly,2015-10-01,2015-10-31,Metro,"San Jose, CA metro area",NA,NA,NA,NA,NA,NA,NA,NA
2026-09-03,Monthly,2015-10-01,2015-10-31,Metro,"Seattle, WA metro area",NA,NA,NA,NA,NA,NA,NA,NA
2026-09-03,Monthly,2015-10-01,2015-10-31,Metro,"St. Louis, MO metro area",NA,NA,NA,NA,NA,NA,NA,NA
2026-09-03,Monthly,2015-10-01,2015-10-31,Metro,"Tampa, FL metro area",NA,NA,NA,NA,NA,NA,NA,NA
2026-09-03,Monthly,2015-10-01,2015-10-31,Metro,"Virginia Beach, VA metro area",NA,NA,NA,NA,NA,NA,NA,NA
2026-09-03,Monthly,2015-10-01,2015-10-31,Metro,"Warren, MI metro area",NA,NA,NA,NA,NA,NA,NA,NA
2026-09-03,Monthly,2015-10-01,2015-10-31,Metro,"Washington, DC metro area",NA,NA,NA,NA,NA,NA,NA,NA
2026-09-03,Monthly,2015-10-01,2015-10-31,Metro,"West Palm Beach, FL metro area",NA,NA,NA,NA,NA,NA,NA,NA
2026-09-03,Monthly,2015-09-01,2015-09-30,Metro,"Anaheim, CA metro area",NA,NA,NA,NA,NA,NA,NA,NA
2026-09-03,Monthly,2015-09-01,2015-09-30,Metro,"Atlanta, GA metro area",NA,NA,NA,NA,NA,NA,NA,NA
2026-09-03,Monthly,2015-09-01,2015-09-30,Metro,"Austin, TX metro area",NA,NA,NA,NA,NA,NA,NA,NA
2026-09-03,Monthly,2015-09-01,2015-09-30,Metro,"Baltimore, MD metro area",NA,NA,NA,NA,NA,NA,NA,NA
2026-09-03,Monthly,2015-09-01,2015-09-30,Metro,"Boston, MA metro area",NA,NA,NA,NA,NA,NA,NA,NA
2026-09-03,Monthly,2015-09-01,2015-09-30,Metro,"Charlotte, NC metro area",NA,NA,NA,NA,NA,NA,NA,NA
2026-09-03,Monthly,2015-09-01,2015-09-30,Metro,"Chicago, IL metro area",NA,NA,NA,NA,NA,NA,NA,NA
2026-09-03,Monthly,2015-09-01,2015-09-30,Metro,"Cincinnati, OH metro area",NA,NA,NA,NA,NA,NA,NA,NA
2026-09-03,Monthly,2015-09-01,2015-09-30,Metro,"Cleveland, OH metro area",NA,NA,NA,NA,NA,NA,NA,NA
2026-09-03,Monthly,2015-09-01,2015-09-30,Metro,"Columbus, OH metro area",NA,NA,NA,NA,NA,NA,NA,NA
2026-09-03,Monthly,2015-09-01,2015-09-30,Metro,"Dallas, TX metro area",NA,NA,NA,NA,NA,NA,NA,NA
2026-09-03,Monthly,2015-09-01,2015-09-30,Metro,"Denver, CO metro area",NA,NA,NA,NA,NA,NA,NA,NA
2026-09-03,Monthly,2015-09-01,2015-09-30,Metro,"Detroit, MI metro area",NA,NA,NA,NA,NA,NA,NA,NA
2026-09-03,Monthly,2015-09-01,2015-09-30,Metro,"Fort Lauderdale, FL metro area",NA,NA,NA,NA,NA,NA,NA,NA
2026-09-03,Monthly,2015-09-01,2015-09-30,Metro,"Fort Worth, TX metro area",NA,NA,NA,NA,NA,NA,NA,NA
2026-09-03,Monthly,2015-09-01,2015-09-30,Metro,"Houston, TX metro area",NA,NA,NA,NA,NA,NA,NA,NA
2026-09-03,Monthly,2015-09-01,2015-09-30,Metro,"Indianapolis, IN metro area",NA,NA,NA,NA,NA,NA,NA,NA
2026-09-03,Monthly,2015-09-01,2015-09-30,Metro,"Jacksonville, FL metro area",NA,NA,NA,NA,NA,NA,NA,NA
2026-09-03,Monthly,2015-09-01,2015-09-30,Metro,"Kansas City, MO metro area",NA,NA,NA,NA,NA,NA,NA,NA
2026-09-03,Monthly,2015-09-01,2015-09-30,Metro,"Las Vegas, NV metro area",NA,NA,NA,NA,NA,NA,NA,NA
2026-09-03,Monthly,2015-09-01,2015-09-30,Metro,"Los Angeles, CA metro area",NA,NA,NA,NA,NA,NA,NA,NA
2026-09-03,Monthly,2015-09-01,2015-09-30,Metro,"Miami, FL metro area",NA,NA,NA,NA,NA,NA,NA,NA
2026-09-03,Monthly,2015-09-01,2015-09-30,Metro,"Milwaukee, WI metro area",NA,NA,NA,NA,NA,NA,NA,NA
2026-09-03,Monthly,2015-09-01,2015-09-30,Metro,"Minneapolis, MN metro area",NA,NA,NA,NA,NA,NA,NA,NA
2026-09-03,Monthly,2015-09-01,2015-09-30,Metro,"Montgomery County, PA metro area",NA,NA,NA,NA,NA,NA,NA,NA
2026-09-03,Monthly,2015-09-01,2015-09-30,Metro,"Nashville, TN metro area",NA,NA,NA,NA,NA,NA,NA,NA
2026-09-03,Monthly,2015-09-01,2015-09-30,Metro,"Nassau County, NY metro area",NA,NA,NA,NA,NA,NA,NA,NA
2026-09-03,Monthly,2015-09-01,2015-09-30,Metro,"New Brunswick, NJ metro area",NA,NA,NA,NA,NA,NA,NA,NA
2026-09-03,Monthly,2015-09-01,2015-09-30,Metro,"New York, NY metro area",NA,NA,NA,NA,NA,NA,NA,NA
2026-09-03,Monthly,2015-09-01,2015-09-30,Metro,"Newark, NJ metro area",NA,NA,NA,NA,NA,NA,NA,NA
2026-09-03,Monthly,2015-09-01,2015-09-30,Metro,"Oakland, CA metro area",NA,NA,NA,NA,NA,NA,NA,NA
2026-09-03,Monthly,2015-09-01,2015-09-30,Metro,"Orlando, FL metro area",NA,NA,NA,NA,NA,NA,NA,NA
2026-09-03,Monthly,2015-09-01,2015-09-30,Metro,"Philadelphia, PA metro area",NA,NA,NA,NA,NA,NA,NA,NA
2026-09-03,Monthly,2015-09-01,2015-09-30,Metro,"Phoenix, AZ metro area",NA,NA,NA,NA,NA,NA,NA,NA
2026-09-03,Monthly,2015-09-01,2015-09-30,Metro,"Pittsburgh, PA metro area",NA,NA,NA,NA,NA,NA,NA,NA
2026-09-03,Monthly,2015-09-01,2015-09-30,Metro,"Portland, OR metro area",NA,NA,NA,NA,NA,NA,NA,NA
2026-09-03,Monthly,2015-09-01,2015-09-30,Metro,"Providence, RI metro area",NA,NA,NA,NA,NA,NA,NA,NA
2026-09-03,Monthly,2015-09-01,2015-09-30,Metro,"Riverside, CA metro area",NA,NA,NA,NA,NA,NA,NA,NA
2026-09-03,Monthly,2015-09-01,2015-09-30,Metro,"Sacramento, CA metro area",NA,NA,NA,NA,NA,NA,NA,NA
2026-09-03,Monthly,2015-09-01,2015-09-30,Metro,"San Antonio, TX metro area",NA,NA,NA,NA,NA,NA,NA,NA
2026-09-03,Monthly,2015-09-01,2015-09-30,Metro,"San Diego, CA metro area",NA,NA,NA,NA,NA,NA,NA,NA
2026-09-03,Monthly,2015-09-01,2015-09-30,Metro,"San Francisco, CA metro area",NA,NA,NA,NA,NA,NA,NA,NA
2026-09-03,Monthly,2015-09-01,2015-09-30,Metro,"San Jose, CA metro area",NA,NA,NA,NA,NA,NA,NA,NA
2026-09-03,Monthly,2015-09-01,2015-09-30,Metro,"Seattle, WA metro area",NA,NA,NA,NA,NA,NA,NA,NA
2026-09-03,Monthly,2015-09-01,2015-09-30,Metro,"St. Louis, MO metro area",NA,NA,NA,NA,NA,NA,NA,NA
2026-09-03,Monthly,2015-09-01,2015-09-30,Metro,"Tampa, FL metro area",NA,NA,NA,NA,NA,NA,NA,NA
2026-09-03,Monthly,2015-09-01,2015-09-30,Metro,"Virginia Beach, VA metro area",NA,NA,NA,NA,NA,NA,NA,NA
2026-09-03,Monthly,2015-09-01,2015-09-30,Metro,"Warren, MI metro area",NA,NA,NA,NA,NA,NA,NA,NA
2026-09-03,Monthly,2015-09-01,2015-09-30,Metro,"Washington, DC metro area",NA,NA,NA,NA,NA,NA,NA,NA
2026-09-03,Monthly,2015-09-01,2015-09-30,Metro,"West Palm Beach, FL metro area",NA,NA,NA,NA,NA,NA,NA,NA
2026-09-03,Monthly,2015-08-01,2015-08-31,Metro,"Anaheim, CA metro area",NA,NA,NA,NA,NA,NA,NA,NA
2026-09-03,Monthly,2015-08-01,2015-08-31,Metro,"Atlanta, GA metro area",NA,NA,NA,NA,NA,NA,NA,NA
2026-09-03,Monthly,2015-08-01,2015-08-31,Metro,"Austin, TX metro area",NA,NA,NA,NA,NA,NA,NA,NA
2026-09-03,Monthly,2015-08-01,2015-08-31,Metro,"Baltimore, MD metro area",NA,NA,NA,NA,NA,NA,NA,NA
2026-09-03,Monthly,2015-08-01,2015-08-31,Metro,"Boston, MA metro area",NA,NA,NA,NA,NA,NA,NA,NA
2026-09-03,Monthly,2015-08-01,2015-08-31,Metro,"Charlotte, NC metro area",NA,NA,NA,NA,NA,NA,NA,NA
2026-09-03,Monthly,2015-08-01,2015-08-31,Metro,"Chicago, IL metro area",NA,NA,NA,NA,NA,NA,NA,NA
2026-09-03,Monthly,2015-08-01,2015-08-31,Metro,"Cincinnati, OH metro area",NA,NA,NA,NA,NA,NA,NA,NA
2026-09-03,Monthly,2015-08-01,2015-08-31,Metro,"Cleveland, OH metro area",NA,NA,NA,NA,NA,NA,NA,NA
2026-09-03,Monthly,2015-08-01,2015-08-31,Metro,"Columbus, OH metro area",NA,NA,NA,NA,NA,NA,NA,NA
2026-09-03,Monthly,2015-08-01,2015-08-31,Metro,"Dallas, TX metro area",NA,NA,NA,NA,NA,NA,NA,NA
2026-09-03,Monthly,2015-08-01,2015-08-31,Metro,"Denver, CO metro area",NA,NA,NA,NA,NA,NA,NA,NA
2026-09-03,Monthly,2015-08-01,2015-08-31,Metro,"Detroit, MI metro area",NA,NA,NA,NA,NA,NA,NA,NA
2026-09-03,Monthly,2015-08-01,2015-08-31,Metro,"Fort Lauderdale, FL metro area",NA,NA,NA,NA,NA,NA,NA,NA
2026-09-03,Monthly,2015-08-01,2015-08-31,Metro,"Fort Worth, TX metro area",NA,NA,NA,NA,NA,NA,NA,NA
2026-09-03,Monthly,2015-08-01,2015-08-31,Metro,"Houston, TX metro area",NA,NA,NA,NA,NA,NA,NA,NA
2026-09-03,Monthly,2015-08-01,2015-08-31,Metro,"Indianapolis, IN metro area",NA,NA,NA,NA,NA,NA,NA,NA
2026-09-03,Monthly,2015-08-01,2015-08-31,Metro,"Jacksonville, FL metro area",NA,NA,NA,NA,NA,NA,NA,NA
2026-09-03,Monthly,2015-08-01,2015-08-31,Metro,"Kansas City, MO metro area",NA,NA,NA,NA,NA,NA,NA,NA
2026-09-03,Monthly,2015-08-01,2015-08-31,Metro,"Las Vegas, NV metro area",NA,NA,NA,NA,NA,NA,NA,NA
2026-09-03,Monthly,2015-08-01,2015-08-31,Metro,"Los Angeles, CA metro area",NA,NA,NA,NA,NA,NA,NA,NA
2026-09-03,Monthly,2015-08-01,2015-08-31,Metro,"Miami, FL metro area",NA,NA,NA,NA,NA,NA,NA,NA
2026-09-03,Monthly,2015-08-01,2015-08-31,Metro,"Milwaukee, WI metro area",NA,NA,NA,NA,NA,NA,NA,NA
2026-09-03,Monthly,2015-08-01,2015-08-31,Metro,"Minneapolis, MN metro area",NA,NA,NA,NA,NA,NA,NA,NA
2026-09-03,Monthly,2015-08-01,2015-08-31,Metro,"Montgomery County, PA metro area",NA,NA,NA,NA,NA,NA,NA,NA
2026-09-03,Monthly,2015-08-01,2015-08-31,Metro,"Nashville, TN metro area",NA,NA,NA,NA,NA,NA,NA,NA
2026-09-03,Monthly,2015-08-01,2015-08-31,Metro,"Nassau County, NY metro area",NA,NA,NA,NA,NA,NA,NA,NA
2026-09-03,Monthly,2015-08-01,2015-08-31,Metro,"New Brunswick, NJ metro area",NA,NA,NA,NA,NA,NA,NA,NA
2026-09-03,Monthly,2015-08-01,2015-08-31,Metro,"New York, NY metro area",NA,NA,NA,NA,NA,NA,NA,NA
2026-09-03,Monthly,2015-08-01,2015-08-31,Metro,"Newark, NJ metro area",NA,NA,NA,NA,NA,NA,NA,NA
2026-09-03,Monthly,2015-08-01,2015-08-31,Metro,"Oakland, CA metro area",NA,NA,NA,NA,NA,NA,NA,NA
2026-09-03,Monthly,2015-08-01,2015-08-31,Metro,"Orlando, FL metro area",NA,NA,NA,NA,NA,NA,NA,NA
2026-09-03,Monthly,2015-08-01,2015-08-31,Metro,"Philadelphia, PA metro area",NA,NA,NA,NA,NA,NA,NA,NA
2026-09-03,Monthly,2015-08-01,2015-08-31,Metro,"Phoenix, AZ metro area",NA,NA,NA,NA,NA,NA,NA,NA
2026-09-03,Monthly,2015-08-01,2015-08-31,Metro,"Pittsburgh, PA metro area",NA,NA,NA,NA,NA,NA,NA,NA
2026-09-03,Monthly,2015-08-01,2015-08-31,Metro,"Portland, OR metro area",NA,NA,NA,NA,NA,NA,NA,NA
2026-09-03,Monthly,2015-08-01,2015-08-31,Metro,"Providence, RI metro area",NA,NA,NA,NA,NA,NA,NA,NA
2026-09-03,Monthly,2015-08-01,2015-08-31,Metro,"Riverside, CA metro area",NA,NA,NA,NA,NA,NA,NA,NA
2026-09-03,Monthly,2015-08-01,2015-08-31,Metro,"Sacramento, CA metro area",NA,NA,NA,NA,NA,NA,NA,NA
2026-09-03,Monthly,2015-08-01,2015-08-31,Metro,"San Antonio, TX metro area",NA,NA,NA,NA,NA,NA,NA,NA
2026-09-03,Monthly,2015-08-01,2015-08-31,Metro,"San Diego, CA metro area",NA,NA,NA,NA,NA,NA,NA,NA
2026-09-03,Monthly,2015-08-01,2015-08-31,Metro,"San Francisco, CA metro area",NA,NA,NA,NA,NA,NA,NA,NA
2026-09-03,Monthly,2015-08-01,2015-08-31,Metro,"San Jose, CA metro area",NA,NA,NA,NA,NA,NA,NA,NA
2026-09-03,Monthly,2015-08-01,2015-08-31,Metro,"Seattle, WA metro area",NA,NA,NA,NA,NA,NA,NA,NA
2026-09-03,Monthly,2015-08-01,2015-08-31,Metro,"St. Louis, MO metro area",NA,NA,NA,NA,NA,NA,NA,NA
2026-09-03,Monthly,2015-08-01,2015-08-31,Metro,"Tampa, FL metro area",NA,NA,NA,NA,NA,NA,NA,NA
2026-09-03,Monthly,2015-08-01,2015-08-31,Metro,"Virginia Beach, VA metro area",NA,NA,NA,NA,NA,NA,NA,NA
2026-09-03,Monthly,2015-08-01,2015-08-31,Metro,"Warren, MI metro area",NA,NA,NA,NA,NA,NA,NA,NA
2026-09-03,Monthly,2015-08-01,2015-08-31,Metro,"Washington, DC metro area",NA,NA,NA,NA,NA,NA,NA,NA
2026-09-03,Monthly,2015-08-01,2015-08-31,Metro,"West Palm Beach, FL metro area",NA,NA,NA,NA,NA,NA,NA,NA
2026-09-03,Monthly,2015-07-01,2015-07-31,Metro,"Anaheim, CA metro area",NA,NA,NA,NA,NA,NA,NA,NA
2026-09-03,Monthly,2015-07-01,2015-07-31,Metro,"Atlanta, GA metro area",NA,NA,NA,NA,NA,NA,NA,NA
2026-09-03,Monthly,2015-07-01,2015-07-31,Metro,"Austin, TX metro area",NA,NA,NA,NA,NA,NA,NA,NA
2026-09-03,Monthly,2015-07-01,2015-07-31,Metro,"Baltimore, MD metro area",NA,NA,NA,NA,NA,NA,NA,NA
2026-09-03,Monthly,2015-07-01,2015-07-31,Metro,"Boston, MA metro area",NA,NA,NA,NA,NA,NA,NA,NA
2026-09-03,Monthly,2015-07-01,2015-07-31,Metro,"Charlotte, NC metro area",NA,NA,NA,NA,NA,NA,NA,NA
2026-09-03,Monthly,2015-07-01,2015-07-31,Metro,"Chicago, IL metro area",NA,NA,NA,NA,NA,NA,NA,NA
2026-09-03,Monthly,2015-07-01,2015-07-31,Metro,"Cincinnati, OH metro area",NA,NA,NA,NA,NA,NA,NA,NA
2026-09-03,Monthly,2015-07-01,2015-07-31,Metro,"Cleveland, OH metro area",NA,NA,NA,NA,NA,NA,NA,NA
2026-09-03,Monthly,2015-07-01,2015-07-31,Metro,"Columbus, OH metro area",NA,NA,NA,NA,NA,NA,NA,NA
2026-09-03,Monthly,2015-07-01,2015-07-31,Metro,"Dallas, TX metro area",NA,NA,NA,NA,NA,NA,NA,NA
2026-09-03,Monthly,2015-07-01,2015-07-31,Metro,"Denver, CO metro area",NA,NA,NA,NA,NA,NA,NA,NA
2026-09-03,Monthly,2015-07-01,2015-07-31,Metro,"Detroit, MI metro area",NA,NA,NA,NA,NA,NA,NA,NA
2026-09-03,Monthly,2015-07-01,2015-07-31,Metro,"Fort Lauderdale, FL metro area",NA,NA,NA,NA,NA,NA,NA,NA
2026-09-03,Monthly,2015-07-01,2015-07-31,Metro,"Fort Worth, TX metro area",NA,NA,NA,NA,NA,NA,NA,NA
2026-09-03,Monthly,2015-07-01,2015-07-31,Metro,"Houston, TX metro area",NA,NA,NA,NA,NA,NA,NA,NA
2026-09-03,Monthly,2015-07-01,2015-07-31,Metro,"Indianapolis, IN metro area",NA,NA,NA,NA,NA,NA,NA,NA
2026-09-03,Monthly,2015-07-01,2015-07-31,Metro,"Jacksonville, FL metro area",NA,NA,NA,NA,NA,NA,NA,NA
2026-09-03,Monthly,2015-07-01,2015-07-31,Metro,"Kansas City, MO metro area",NA,NA,NA,NA,NA,NA,NA,NA
2026-09-03,Monthly,2015-07-01,2015-07-31,Metro,"Las Vegas, NV metro area",NA,NA,NA,NA,NA,NA,NA,NA
2026-09-03,Monthly,2015-07-01,2015-07-31,Metro,"Los Angeles, CA metro area",NA,NA,NA,NA,NA,NA,NA,NA
2026-09-03,Monthly,2015-07-01,2015-07-31,Metro,"Miami, FL metro area",NA,NA,NA,NA,NA,NA,NA,NA
2026-09-03,Monthly,2015-07-01,2015-07-31,Metro,"Milwaukee, WI metro area",NA,NA,NA,NA,NA,NA,NA,NA
2026-09-03,Monthly,2015-07-01,2015-07-31,Metro,"Minneapolis, MN metro area",NA,NA,NA,NA,NA,NA,NA,NA
2026-09-03,Monthly,2015-07-01,2015-07-31,Metro,"Montgomery County, PA metro area",NA,NA,NA,NA,NA,NA,NA,NA
2026-09-03,Monthly,2015-07-01,2015-07-31,Metro,"Nashville, TN metro area",NA,NA,NA,NA,NA,NA,NA,NA
2026-09-03,Monthly,2015-07-01,2015-07-31,Metro,"Nassau County, NY metro area",NA,NA,NA,NA,NA,NA,NA,NA
2026-09-03,Monthly,2015-07-01,2015-07-31,Metro,"New Brunswick, NJ metro area",NA,NA,NA,NA,NA,NA,NA,NA
2026-09-03,Monthly,2015-07-01,2015-07-31,Metro,"New York, NY metro area",NA,NA,NA,NA,NA,NA,NA,NA
2026-09-03,Monthly,2015-07-01,2015-07-31,Metro,"Newark, NJ metro area",NA,NA,NA,NA,NA,NA,NA,NA
2026-09-03,Monthly,2015-07-01,2015-07-31,Metro,"Oakland, CA metro area",NA,NA,NA,NA,NA,NA,NA,NA
2026-09-03,Monthly,2015-07-01,2015-07-31,Metro,"Orlando, FL metro area",NA,NA,NA,NA,NA,NA,NA,NA
2026-09-03,Monthly,2015-07-01,2015-07-31,Metro,"Philadelphia, PA metro area",NA,NA,NA,NA,NA,NA,NA,NA
2026-09-03,Monthly,2015-07-01,2015-07-31,Metro,"Phoenix, AZ metro area",NA,NA,NA,NA,NA,NA,NA,NA
2026-09-03,Monthly,2015-07-01,2015-07-31,Metro,"Pittsburgh, PA metro area",NA,NA,NA,NA,NA,NA,NA,NA
2026-09-03,Monthly,2015-07-01,2015-07-31,Metro,"Portland, OR metro area",NA,NA,NA,NA,NA,NA,NA,NA
2026-09-03,Monthly,2015-07-01,2015-07-31,Metro,"Providence, RI metro area",NA,NA,NA,NA,NA,NA,NA,NA
2026-09-03,Monthly,2015-07-01,2015-07-31,Metro,"Riverside, CA metro area",NA,NA,NA,NA,NA,NA,NA,NA
2026-09-03,Monthly,2015-07-01,2015-07-31,Metro,"Sacramento, CA metro area",NA,NA,NA,NA,NA,NA,NA,NA
2026-09-03,Monthly,2015-07-01,2015-07-31,Metro,"San Antonio, TX metro area",NA,NA,NA,NA,NA,NA,NA,NA
2026-09-03,Monthly,2015-07-01,2015-07-31,Metro,"San Diego, CA metro area",NA,NA,NA,NA,NA,NA,NA,NA
2026-09-03,Monthly,2015-07-01,2015-07-31,Metro,"San Francisco, CA metro area",NA,NA,NA,NA,NA,NA,NA,NA
2026-09-03,Monthly,2015-07-01,2015-07-31,Metro,"San Jose, CA metro area",NA,NA,NA,NA,NA,NA,NA,NA
2026-09-03,Monthly,2015-07-01,2015-07-31,Metro,"Seattle, WA metro area",NA,NA,NA,NA,NA,NA,NA,NA
2026-09-03,Monthly,2015-07-01,2015-07-31,Metro,"St. Louis, MO metro area",NA,NA,NA,NA,NA,NA,NA,NA
2026-09-03,Monthly,2015-07-01,2015-07-31,Metro,"Tampa, FL metro area",NA,NA,NA,NA,NA,NA,NA,NA
2026-09-03,Monthly,2015-07-01,2015-07-31,Metro,"Virginia Beach, VA metro area",NA,NA,NA,NA,NA,NA,NA,NA
2026-09-03,Monthly,2015-07-01,2015-07-31,Metro,"Warren, MI metro area",NA,NA,NA,NA,NA,NA,NA,NA
2026-09-03,Monthly,2015-07-01,2015-07-31,Metro,"Washington, DC metro area",NA,NA,NA,NA,NA,NA,NA,NA
2026-09-03,Monthly,2015-07-01,2015-07-31,Metro,"West Palm Beach, FL metro area",NA,NA,NA,NA,NA,NA,NA,NA
2026-09-03,Monthly,2015-06-01,2015-06-30,Metro,"Anaheim, CA metro area",NA,NA,NA,NA,NA,NA,NA,NA
2026-09-03,Monthly,2015-06-01,2015-06-30,Metro,"Atlanta, GA metro area",NA,NA,NA,NA,NA,NA,NA,NA
2026-09-03,Monthly,2015-06-01,2015-06-30,Metro,"Austin, TX metro area",NA,NA,NA,NA,NA,NA,NA,NA
2026-09-03,Monthly,2015-06-01,2015-06-30,Metro,"Baltimore, MD metro area",NA,NA,NA,NA,NA,NA,NA,NA
2026-09-03,Monthly,2015-06-01,2015-06-30,Metro,"Boston, MA metro area",NA,NA,NA,NA,NA,NA,NA,NA
2026-09-03,Monthly,2015-06-01,2015-06-30,Metro,"Charlotte, NC metro area",NA,NA,NA,NA,NA,NA,NA,NA
2026-09-03,Monthly,2015-06-01,2015-06-30,Metro,"Chicago, IL metro area",NA,NA,NA,NA,NA,NA,NA,NA
2026-09-03,Monthly,2015-06-01,2015-06-30,Metro,"Cincinnati, OH metro area",NA,NA,NA,NA,NA,NA,NA,NA
2026-09-03,Monthly,2015-06-01,2015-06-30,Metro,"Cleveland, OH metro area",NA,NA,NA,NA,NA,NA,NA,NA
2026-09-03,Monthly,2015-06-01,2015-06-30,Metro,"Columbus, OH metro area",NA,NA,NA,NA,NA,NA,NA,NA
2026-09-03,Monthly,2015-06-01,2015-06-30,Metro,"Dallas, TX metro area",NA,NA,NA,NA,NA,NA,NA,NA
2026-09-03,Monthly,2015-06-01,2015-06-30,Metro,"Denver, CO metro area",NA,NA,NA,NA,NA,NA,NA,NA
2026-09-03,Monthly,2015-06-01,2015-06-30,Metro,"Detroit, MI metro area",NA,NA,NA,NA,NA,NA,NA,NA
2026-09-03,Monthly,2015-06-01,2015-06-30,Metro,"Fort Lauderdale, FL metro area",NA,NA,NA,NA,NA,NA,NA,NA
2026-09-03,Monthly,2015-06-01,2015-06-30,Metro,"Fort Worth, TX metro area",NA,NA,NA,NA,NA,NA,NA,NA
2026-09-03,Monthly,2015-06-01,2015-06-30,Metro,"Houston, TX metro area",NA,NA,NA,NA,NA,NA,NA,NA
2026-09-03,Monthly,2015-06-01,2015-06-30,Metro,"Indianapolis, IN metro area",NA,NA,NA,NA,NA,NA,NA,NA
2026-09-03,Monthly,2015-06-01,2015-06-30,Metro,"Jacksonville, FL metro area",NA,NA,NA,NA,NA,NA,NA,NA
2026-09-03,Monthly,2015-06-01,2015-06-30,Metro,"Kansas City, MO metro area",NA,NA,NA,NA,NA,NA,NA,NA
2026-09-03,Monthly,2015-06-01,2015-06-30,Metro,"Las Vegas, NV metro area",NA,NA,NA,NA,NA,NA,NA,NA
2026-09-03,Monthly,2015-06-01,2015-06-30,Metro,"Los Angeles, CA metro area",NA,NA,NA,NA,NA,NA,NA,NA
2026-09-03,Monthly,2015-06-01,2015-06-30,Metro,"Miami, FL metro area",NA,NA,NA,NA,NA,NA,NA,NA
2026-09-03,Monthly,2015-06-01,2015-06-30,Metro,"Milwaukee, WI metro area",NA,NA,NA,NA,NA,NA,NA,NA
2026-09-03,Monthly,2015-06-01,2015-06-30,Metro,"Minneapolis, MN metro area",NA,NA,NA,NA,NA,NA,NA,NA
2026-09-03,Monthly,2015-06-01,2015-06-30,Metro,"Montgomery County, PA metro area",NA,NA,NA,NA,NA,NA,NA,NA
2026-09-03,Monthly,2015-06-01,2015-06-30,Metro,"Nashville, TN metro area",NA,NA,NA,NA,NA,NA,NA,NA
2026-09-03,Monthly,2015-06-01,2015-06-30,Metro,"Nassau County, NY metro area",NA,NA,NA,NA,NA,NA,NA,NA
2026-09-03,Monthly,2015-06-01,2015-06-30,Metro,"New Brunswick, NJ metro area",NA,NA,NA,NA,NA,NA,NA,NA
2026-09-03,Monthly,2015-06-01,2015-06-30,Metro,"New York, NY metro area",NA,NA,NA,NA,NA,NA,NA,NA
2026-09-03,Monthly,2015-06-01,2015-06-30,Metro,"Newark, NJ metro area",NA,NA,NA,NA,NA,NA,NA,NA
2026-09-03,Monthly,2015-06-01,2015-06-30,Metro,"Oakland, CA metro area",NA,NA,NA,NA,NA,NA,NA,NA
2026-09-03,Monthly,2015-06-01,2015-06-30,Metro,"Orlando, FL metro area",NA,NA,NA,NA,NA,NA,NA,NA
2026-09-03,Monthly,2015-06-01,2015-06-30,Metro,"Philadelphia, PA metro area",NA,NA,NA,NA,NA,NA,NA,NA
2026-09-03,Monthly,2015-06-01,2015-06-30,Metro,"Phoenix, AZ metro area",NA,NA,NA,NA,NA,NA,NA,NA
2026-09-03,Monthly,2015-06-01,2015-06-30,Metro,"Pittsburgh, PA metro area",NA,NA,NA,NA,NA,NA,NA,NA
2026-09-03,Monthly,2015-06-01,2015-06-30,Metro,"Portland, OR metro area",NA,NA,NA,NA,NA,NA,NA,NA
2026-09-03,Monthly,2015-06-01,2015-06-30,Metro,"Providence, RI metro area",NA,NA,NA,NA,NA,NA,NA,NA
2026-09-03,Monthly,2015-06-01,2015-06-30,Metro,"Riverside, CA metro area",NA,NA,NA,NA,NA,NA,NA,NA
2026-09-03,Monthly,2015-06-01,2015-06-30,Metro,"Sacramento, CA metro area",NA,NA,NA,NA,NA,NA,NA,NA
2026-09-03,Monthly,2015-06-01,2015-06-30,Metro,"San Antonio, TX metro area",NA,NA,NA,NA,NA,NA,NA,NA
2026-09-03,Monthly,2015-06-01,2015-06-30,Metro,"San Diego, CA metro area",NA,NA,NA,NA,NA,NA,NA,NA
2026-09-03,Monthly,2015-06-01,2015-06-30,Metro,"San Francisco, CA metro area",NA,NA,NA,NA,NA,NA,NA,NA
2026-09-03,Monthly,2015-06-01,2015-06-30,Metro,"San Jose, CA metro area",NA,NA,NA,NA,NA,NA,NA,NA
2026-09-03,Monthly,2015-06-01,2015-06-30,Metro,"Seattle, WA metro area",NA,NA,NA,NA,NA,NA,NA,NA
2026-09-03,Monthly,2015-06-01,2015-06-30,Metro,"St. Louis, MO metro area",NA,NA,NA,NA,NA,NA,NA,NA
2026-09-03,Monthly,2015-06-01,2015-06-30,Metro,"Tampa, FL metro area",NA,NA,NA,NA,NA,NA,NA,NA
2026-09-03,Monthly,2015-06-01,2015-06-30,Metro,"Virginia Beach, VA metro area",NA,NA,NA,NA,NA,NA,NA,NA
2026-09-03,Monthly,2015-06-01,2015-06-30,Metro,"Warren, MI metro area",NA,NA,NA,NA,NA,NA,NA,NA
2026-09-03,Monthly,2015-06-01,2015-06-30,Metro,"Washington, DC metro area",NA,NA,NA,NA,NA,NA,NA,NA
2026-09-03,Monthly,2015-06-01,2015-06-30,Metro,"West Palm Beach, FL metro area",NA,NA,NA,NA,NA,NA,NA,NA
2026-09-03,Monthly,2015-05-01,2015-05-31,Metro,"Anaheim, CA metro area",NA,NA,NA,NA,NA,NA,NA,NA
2026-09-03,Monthly,2015-05-01,2015-05-31,Metro,"Atlanta, GA metro area",NA,NA,NA,NA,NA,NA,NA,NA
2026-09-03,Monthly,2015-05-01,2015-05-31,Metro,"Austin, TX metro area",NA,NA,NA,NA,NA,NA,NA,NA
2026-09-03,Monthly,2015-05-01,2015-05-31,Metro,"Baltimore, MD metro area",NA,NA,NA,NA,NA,NA,NA,NA
2026-09-03,Monthly,2015-05-01,2015-05-31,Metro,"Boston, MA metro area",NA,NA,NA,NA,NA,NA,NA,NA
2026-09-03,Monthly,2015-05-01,2015-05-31,Metro,"Charlotte, NC metro area",NA,NA,NA,NA,NA,NA,NA,NA
2026-09-03,Monthly,2015-05-01,2015-05-31,Metro,"Chicago, IL metro area",NA,NA,NA,NA,NA,NA,NA,NA
2026-09-03,Monthly,2015-05-01,2015-05-31,Metro,"Cincinnati, OH metro area",NA,NA,NA,NA,NA,NA,NA,NA
2026-09-03,Monthly,2015-05-01,2015-05-31,Metro,"Cleveland, OH metro area",NA,NA,NA,NA,NA,NA,NA,NA
2026-09-03,Monthly,2015-05-01,2015-05-31,Metro,"Columbus, OH metro area",NA,NA,NA,NA,NA,NA,NA,NA
2026-09-03,Monthly,2015-05-01,2015-05-31,Metro,"Dallas, TX metro area",NA,NA,NA,NA,NA,NA,NA,NA
2026-09-03,Monthly,2015-05-01,2015-05-31,Metro,"Denver, CO metro area",NA,NA,NA,NA,NA,NA,NA,NA
2026-09-03,Monthly,2015-05-01,2015-05-31,Metro,"Detroit, MI metro area",NA,NA,NA,NA,NA,NA,NA,NA
2026-09-03,Monthly,2015-05-01,2015-05-31,Metro,"Fort Lauderdale, FL metro area",NA,NA,NA,NA,NA,NA,NA,NA
2026-09-03,Monthly,2015-05-01,2015-05-31,Metro,"Fort Worth, TX metro area",NA,NA,NA,NA,NA,NA,NA,NA
2026-09-03,Monthly,2015-05-01,2015-05-31,Metro,"Houston, TX metro area",NA,NA,NA,NA,NA,NA,NA,NA
2026-09-03,Monthly,2015-05-01,2015-05-31,Metro,"Indianapolis, IN metro area",NA,NA,NA,NA,NA,NA,NA,NA
2026-09-03,Monthly,2015-05-01,2015-05-31,Metro,"Jacksonville, FL metro area",NA,NA,NA,NA,NA,NA,NA,NA
2026-09-03,Monthly,2015-05-01,2015-05-31,Metro,"Kansas City, MO metro area",NA,NA,NA,NA,NA,NA,NA,NA
2026-09-03,Monthly,2015-05-01,2015-05-31,Metro,"Las Vegas, NV metro area",NA,NA,NA,NA,NA,NA,NA,NA
2026-09-03,Monthly,2015-05-01,2015-05-31,Metro,"Los Angeles, CA metro area",NA,NA,NA,NA,NA,NA,NA,NA
2026-09-03,Monthly,2015-05-01,2015-05-31,Metro,"Miami, FL metro area",NA,NA,NA,NA,NA,NA,NA,NA
2026-09-03,Monthly,2015-05-01,2015-05-31,Metro,"Milwaukee, WI metro area",NA,NA,NA,NA,NA,NA,NA,NA
2026-09-03,Monthly,2015-05-01,2015-05-31,Metro,"Minneapolis, MN metro area",NA,NA,NA,NA,NA,NA,NA,NA
2026-09-03,Monthly,2015-05-01,2015-05-31,Metro,"Montgomery County, PA metro area",NA,NA,NA,NA,NA,NA,NA,NA
2026-09-03,Monthly,2015-05-01,2015-05-31,Metro,"Nashville, TN metro area",NA,NA,NA,NA,NA,NA,NA,NA
2026-09-03,Monthly,2015-05-01,2015-05-31,Metro,"Nassau County, NY metro area",NA,NA,NA,NA,NA,NA,NA,NA
2026-09-03,Monthly,2015-05-01,2015-05-31,Metro,"New Brunswick, NJ metro area",NA,NA,NA,NA,NA,NA,NA,NA
2026-09-03,Monthly,2015-05-01,2015-05-31,Metro,"New York, NY metro area",NA,NA,NA,NA,NA,NA,NA,NA
2026-09-03,Monthly,2015-05-01,2015-05-31,Metro,"Newark, NJ metro area",NA,NA,NA,NA,NA,NA,NA,NA
2026-09-03,Monthly,2015-05-01,2015-05-31,Metro,"Oakland, CA metro area",NA,NA,NA,NA,NA,NA,NA,NA
2026-09-03,Monthly,2015-05-01,2015-05-31,Metro,"Orlando, FL metro area",NA,NA,NA,NA,NA,NA,NA,NA
2026-09-03,Monthly,2015-05-01,2015-05-31,Metro,"Philadelphia, PA metro area",NA,NA,NA,NA,NA,NA,NA,NA
2026-09-03,Monthly,2015-05-01,2015-05-31,Metro,"Phoenix, AZ metro area",NA,NA,NA,NA,NA,NA,NA,NA
2026-09-03,Monthly,2015-05-01,2015-05-31,Metro,"Pittsburgh, PA metro area",NA,NA,NA,NA,NA,NA,NA,NA
2026-09-03,Monthly,2015-05-01,2015-05-31,Metro,"Portland, OR metro area",NA,NA,NA,NA,NA,NA,NA,NA
2026-09-03,Monthly,2015-05-01,2015-05-31,Metro,"Providence, RI metro area",NA,NA,NA,NA,NA,NA,NA,NA
2026-09-03,Monthly,2015-05-01,2015-05-31,Metro,"Riverside, CA metro area",NA,NA,NA,NA,NA,NA,NA,NA
2026-09-03,Monthly,2015-05-01,2015-05-31,Metro,"Sacramento, CA metro area",NA,NA,NA,NA,NA,NA,NA,NA
2026-09-03,Monthly,2015-05-01,2015-05-31,Metro,"San Antonio, TX metro area",NA,NA,NA,NA,NA,NA,NA,NA
2026-09-03,Monthly,2015-05-01,2015-05-31,Metro,"San Diego, CA metro area",NA,NA,NA,NA,NA,NA,NA,NA
2026-09-03,Monthly,2015-05-01,2015-05-31,Metro,"San Francisco, CA metro area",NA,NA,NA,NA,NA,NA,NA,NA
2026-09-03,Monthly,2015-05-01,2015-05-31,Metro,"San Jose, CA metro area",NA,NA,NA,NA,NA,NA,NA,NA
2026-09-03,Monthly,2015-05-01,2015-05-31,Metro,"Seattle, WA metro area",NA,NA,NA,NA,NA,NA,NA,NA
2026-09-03,Monthly,2015-05-01,2015-05-31,Metro,"St. Louis, MO metro area",NA,NA,NA,NA,NA,NA,NA,NA
2026-09-03,Monthly,2015-05-01,2015-05-31,Metro,"Tampa, FL metro area",NA,NA,NA,NA,NA,NA,NA,NA
2026-09-03,Monthly,2015-05-01,2015-05-31,Metro,"Virginia Beach, VA metro area",NA,NA,NA,NA,NA,NA,NA,NA
2026-09-03,Monthly,2015-05-01,2015-05-31,Metro,"Warren, MI metro area",NA,NA,NA,NA,NA,NA,NA,NA
2026-09-03,Monthly,2015-05-01,2015-05-31,Metro,"Washington, DC metro area",NA,NA,NA,NA,NA,NA,NA,NA
2026-09-03,Monthly,2015-05-01,2015-05-31,Metro,"West Palm Beach, FL metro area",NA,NA,NA,NA,NA,NA,NA,NA
2026-09-03,Monthly,2015-04-01,2015-04-30,Metro,"Anaheim, CA metro area",NA,NA,NA,NA,NA,NA,NA,NA
2026-09-03,Monthly,2015-04-01,2015-04-30,Metro,"Atlanta, GA metro area",NA,NA,NA,NA,NA,NA,NA,NA
2026-09-03,Monthly,2015-04-01,2015-04-30,Metro,"Austin, TX metro area",NA,NA,NA,NA,NA,NA,NA,NA
2026-09-03,Monthly,2015-04-01,2015-04-30,Metro,"Baltimore, MD metro area",NA,NA,NA,NA,NA,NA,NA,NA
2026-09-03,Monthly,2015-04-01,2015-04-30,Metro,"Boston, MA metro area",NA,NA,NA,NA,NA,NA,NA,NA
2026-09-03,Monthly,2015-04-01,2015-04-30,Metro,"Charlotte, NC metro area",NA,NA,NA,NA,NA,NA,NA,NA
2026-09-03,Monthly,2015-04-01,2015-04-30,Metro,"Chicago, IL metro area",NA,NA,NA,NA,NA,NA,NA,NA
2026-09-03,Monthly,2015-04-01,2015-04-30,Metro,"Cincinnati, OH metro area",NA,NA,NA,NA,NA,NA,NA,NA
2026-09-03,Monthly,2015-04-01,2015-04-30,Metro,"Cleveland, OH metro area",NA,NA,NA,NA,NA,NA,NA,NA
2026-09-03,Monthly,2015-04-01,2015-04-30,Metro,"Columbus, OH metro area",NA,NA,NA,NA,NA,NA,NA,NA
2026-09-03,Monthly,2015-04-01,2015-04-30,Metro,"Dallas, TX metro area",NA,NA,NA,NA,NA,NA,NA,NA
2026-09-03,Monthly,2015-04-01,2015-04-30,Metro,"Denver, CO metro area",NA,NA,NA,NA,NA,NA,NA,NA
2026-09-03,Monthly,2015-04-01,2015-04-30,Metro,"Detroit, MI metro area",NA,NA,NA,NA,NA,NA,NA,NA
2026-09-03,Monthly,2015-04-01,2015-04-30,Metro,"Fort Lauderdale, FL metro area",NA,NA,NA,NA,NA,NA,NA,NA
2026-09-03,Monthly,2015-04-01,2015-04-30,Metro,"Fort Worth, TX metro area",NA,NA,NA,NA,NA,NA,NA,NA
2026-09-03,Monthly,2015-04-01,2015-04-30,Metro,"Houston, TX metro area",NA,NA,NA,NA,NA,NA,NA,NA
2026-09-03,Monthly,2015-04-01,2015-04-30,Metro,"Indianapolis, IN metro area",NA,NA,NA,NA,NA,NA,NA,NA
2026-09-03,Monthly,2015-04-01,2015-04-30,Metro,"Jacksonville, FL metro area",NA,NA,NA,NA,NA,NA,NA,NA
2026-09-03,Monthly,2015-04-01,2015-04-30,Metro,"Kansas City, MO metro area",NA,NA,NA,NA,NA,NA,NA,NA
2026-09-03,Monthly,2015-04-01,2015-04-30,Metro,"Las Vegas, NV metro area",NA,NA,NA,NA,NA,NA,NA,NA
2026-09-03,Monthly,2015-04-01,2015-04-30,Metro,"Los Angeles, CA metro area",NA,NA,NA,NA,NA,NA,NA,NA
2026-09-03,Monthly,2015-04-01,2015-04-30,Metro,"Miami, FL metro area",NA,NA,NA,NA,NA,NA,NA,NA
2026-09-03,Monthly,2015-04-01,2015-04-30,Metro,"Milwaukee, WI metro area",NA,NA,NA,NA,NA,NA,NA,NA
2026-09-03,Monthly,2015-04-01,2015-04-30,Metro,"Minneapolis, MN metro area",NA,NA,NA,NA,NA,NA,NA,NA
2026-09-03,Monthly,2015-04-01,2015-04-30,Metro,"Montgomery County, PA metro area",NA,NA,NA,NA,NA,NA,NA,NA
2026-09-03,Monthly,2015-04-01,2015-04-30,Metro,"Nashville, TN metro area",NA,NA,NA,NA,NA,NA,NA,NA
2026-09-03,Monthly,2015-04-01,2015-04-30,Metro,"Nassau County, NY metro area",NA,NA,NA,NA,NA,NA,NA,NA
2026-09-03,Monthly,2015-04-01,2015-04-30,Metro,"New Brunswick, NJ metro area",NA,NA,NA,NA,NA,NA,NA,NA
2026-09-03,Monthly,2015-04-01,2015-04-30,Metro,"New York, NY metro area",NA,NA,NA,NA,NA,NA,NA,NA
2026-09-03,Monthly,2015-04-01,2015-04-30,Metro,"Newark, NJ metro area",NA,NA,NA,NA,NA,NA,NA,NA
2026-09-03,Monthly,2015-04-01,2015-04-30,Metro,"Oakland, CA metro area",NA,NA,NA,NA,NA,NA,NA,NA
2026-09-03,Monthly,2015-04-01,2015-04-30,Metro,"Orlando, FL metro area",NA,NA,NA,NA,NA,NA,NA,NA
2026-09-03,Monthly,2015-04-01,2015-04-30,Metro,"Philadelphia, PA metro area",NA,NA,NA,NA,NA,NA,NA,NA
2026-09-03,Monthly,2015-04-01,2015-04-30,Metro,"Phoenix, AZ metro area",NA,NA,NA,NA,NA,NA,NA,NA
2026-09-03,Monthly,2015-04-01,2015-04-30,Metro,"Pittsburgh, PA metro area",NA,NA,NA,NA,NA,NA,NA,NA
2026-09-03,Monthly,2015-04-01,2015-04-30,Metro,"Portland, OR metro area",NA,NA,NA,NA,NA,NA,NA,NA
2026-09-03,Monthly,2015-04-01,2015-04-30,Metro,"Providence, RI metro area",NA,NA,NA,NA,NA,NA,NA,NA
2026-09-03,Monthly,2015-04-01,2015-04-30,Metro,"Riverside, CA metro area",NA,NA,NA,NA,NA,NA,NA,NA
2026-09-03,Monthly,2015-04-01,2015-04-30,Metro,"Sacramento, CA metro area",NA,NA,NA,NA,NA,NA,NA,NA
2026-09-03,Monthly,2015-04-01,2015-04-30,Metro,"San Antonio, TX metro area",NA,NA,NA,NA,NA,NA,NA,NA
2026-09-03,Monthly,2015-04-01,2015-04-30,Metro,"San Diego, CA metro area",NA,NA,NA,NA,NA,NA,NA,NA
2026-09-03,Monthly,2015-04-01,2015-04-30,Metro,"San Francisco, CA metro area",NA,NA,NA,NA,NA,NA,NA,NA
2026-09-03,Monthly,2015-04-01,2015-04-30,Metro,"San Jose, CA metro area",NA,NA,NA,NA,NA,NA,NA,NA
2026-09-03,Monthly,2015-04-01,2015-04-30,Metro,"Seattle, WA metro area",NA,NA,NA,NA,NA,NA,NA,NA
2026-09-03,Monthly,2015-04-01,2015-04-30,Metro,"St. Louis, MO metro area",NA,NA,NA,NA,NA,NA,NA,NA
2026-09-03,Monthly,2015-04-01,2015-04-30,Metro,"Tampa, FL metro area",NA,NA,NA,NA,NA,NA,NA,NA
2026-09-03,Monthly,2015-04-01,2015-04-30,Metro,"Virginia Beach, VA metro area",NA,NA,NA,NA,NA,NA,NA,NA
2026-09-03,Monthly,2015-04-01,2015-04-30,Metro,"Warren, MI metro area",NA,NA,NA,NA,NA,NA,NA,NA
2026-09-03,Monthly,2015-04-01,2015-04-30,Metro,"Washington, DC metro area",NA,NA,NA,NA,NA,NA,NA,NA
2026-09-03,Monthly,2015-04-01,2015-04-30,Metro,"West Palm Beach, FL metro area",NA,NA,NA,NA,NA,NA,NA,NA
2026-09-03,Monthly,2015-03-01,2015-03-31,Metro,"Anaheim, CA metro area",NA,NA,NA,NA,NA,NA,NA,NA
2026-09-03,Monthly,2015-03-01,2015-03-31,Metro,"Atlanta, GA metro area",NA,NA,NA,NA,NA,NA,NA,NA
2026-09-03,Monthly,2015-03-01,2015-03-31,Metro,"Austin, TX metro area",NA,NA,NA,NA,NA,NA,NA,NA
2026-09-03,Monthly,2015-03-01,2015-03-31,Metro,"Baltimore, MD metro area",NA,NA,NA,NA,NA,NA,NA,NA
2026-09-03,Monthly,2015-03-01,2015-03-31,Metro,"Boston, MA metro area",NA,NA,NA,NA,NA,NA,NA,NA
2026-09-03,Monthly,2015-03-01,2015-03-31,Metro,"Charlotte, NC metro area",NA,NA,NA,NA,NA,NA,NA,NA
2026-09-03,Monthly,2015-03-01,2015-03-31,Metro,"Chicago, IL metro area",NA,NA,NA,NA,NA,NA,NA,NA
2026-09-03,Monthly,2015-03-01,2015-03-31,Metro,"Cincinnati, OH metro area",NA,NA,NA,NA,NA,NA,NA,NA
2026-09-03,Monthly,2015-03-01,2015-03-31,Metro,"Cleveland, OH metro area",NA,NA,NA,NA,NA,NA,NA,NA
2026-09-03,Monthly,2015-03-01,2015-03-31,Metro,"Columbus, OH metro area",NA,NA,NA,NA,NA,NA,NA,NA
2026-09-03,Monthly,2015-03-01,2015-03-31,Metro,"Dallas, TX metro area",NA,NA,NA,NA,NA,NA,NA,NA
2026-09-03,Monthly,2015-03-01,2015-03-31,Metro,"Denver, CO metro area",NA,NA,NA,NA,NA,NA,NA,NA
2026-09-03,Monthly,2015-03-01,2015-03-31,Metro,"Detroit, MI metro area",NA,NA,NA,NA,NA,NA,NA,NA
2026-09-03,Monthly,2015-03-01,2015-03-31,Metro,"Fort Lauderdale, FL metro area",NA,NA,NA,NA,NA,NA,NA,NA
2026-09-03,Monthly,2015-03-01,2015-03-31,Metro,"Fort Worth, TX metro area",NA,NA,NA,NA,NA,NA,NA,NA
2026-09-03,Monthly,2015-03-01,2015-03-31,Metro,"Houston, TX metro area",NA,NA,NA,NA,NA,NA,NA,NA
2026-09-03,Monthly,2015-03-01,2015-03-31,Metro,"Indianapolis, IN metro area",NA,NA,NA,NA,NA,NA,NA,NA
2026-09-03,Monthly,2015-03-01,2015-03-31,Metro,"Jacksonville, FL metro area",NA,NA,NA,NA,NA,NA,NA,NA
2026-09-03,Monthly,2015-03-01,2015-03-31,Metro,"Kansas City, MO metro area",NA,NA,NA,NA,NA,NA,NA,NA
2026-09-03,Monthly,2015-03-01,2015-03-31,Metro,"Las Vegas, NV metro area",NA,NA,NA,NA,NA,NA,NA,NA
2026-09-03,Monthly,2015-03-01,2015-03-31,Metro,"Los Angeles, CA metro area",NA,NA,NA,NA,NA,NA,NA,NA
2026-09-03,Monthly,2015-03-01,2015-03-31,Metro,"Miami, FL metro area",NA,NA,NA,NA,NA,NA,NA,NA
2026-09-03,Monthly,2015-03-01,2015-03-31,Metro,"Milwaukee, WI metro area",NA,NA,NA,NA,NA,NA,NA,NA
2026-09-03,Monthly,2015-03-01,2015-03-31,Metro,"Minneapolis, MN metro area",NA,NA,NA,NA,NA,NA,NA,NA
2026-09-03,Monthly,2015-03-01,2015-03-31,Metro,"Montgomery County, PA metro area",NA,NA,NA,NA,NA,NA,NA,NA
2026-09-03,Monthly,2015-03-01,2015-03-31,Metro,"Nashville, TN metro area",NA,NA,NA,NA,NA,NA,NA,NA
2026-09-03,Monthly,2015-03-01,2015-03-31,Metro,"Nassau County, NY metro area",NA,NA,NA,NA,NA,NA,NA,NA
2026-09-03,Monthly,2015-03-01,2015-03-31,Metro,"New Brunswick, NJ metro area",NA,NA,NA,NA,NA,NA,NA,NA
2026-09-03,Monthly,2015-03-01,2015-03-31,Metro,"New York, NY metro area",NA,NA,NA,NA,NA,NA,NA,NA
2026-09-03,Monthly,2015-03-01,2015-03-31,Metro,"Newark, NJ metro area",NA,NA,NA,NA,NA,NA,NA,NA
2026-09-03,Monthly,2015-03-01,2015-03-31,Metro,"Oakland, CA metro area",NA,NA,NA,NA,NA,NA,NA,NA
2026-09-03,Monthly,2015-03-01,2015-03-31,Metro,"Orlando, FL metro area",NA,NA,NA,NA,NA,NA,NA,NA
2026-09-03,Monthly,2015-03-01,2015-03-31,Metro,"Philadelphia, PA metro area",NA,NA,NA,NA,NA,NA,NA,NA
2026-09-03,Monthly,2015-03-01,2015-03-31,Metro,"Phoenix, AZ metro area",NA,NA,NA,NA,NA,NA,NA,NA
2026-09-03,Monthly,2015-03-01,2015-03-31,Metro,"Pittsburgh, PA metro area",NA,NA,NA,NA,NA,NA,NA,NA
2026-09-03,Monthly,2015-03-01,2015-03-31,Metro,"Portland, OR metro area",NA,NA,NA,NA,NA,NA,NA,NA
2026-09-03,Monthly,2015-03-01,2015-03-31,Metro,"Providence, RI metro area",NA,NA,NA,NA,NA,NA,NA,NA
2026-09-03,Monthly,2015-03-01,2015-03-31,Metro,"Riverside, CA metro area",NA,NA,NA,NA,NA,NA,NA,NA
2026-09-03,Monthly,2015-03-01,2015-03-31,Metro,"Sacramento, CA metro area",NA,NA,NA,NA,NA,NA,NA,NA
2026-09-03,Monthly,2015-03-01,2015-03-31,Metro,"San Antonio, TX metro area",NA,NA,NA,NA,NA,NA,NA,NA
2026-09-03,Monthly,2015-03-01,2015-03-31,Metro,"San Diego, CA metro area",NA,NA,NA,NA,NA,NA,NA,NA
2026-09-03,Monthly,2015-03-01,2015-03-31,Metro,"San Francisco, CA metro area",NA,NA,NA,NA,NA,NA,NA,NA
2026-09-03,Monthly,2015-03-01,2015-03-31,Metro,"San Jose, CA metro area",NA,NA,NA,NA,NA,NA,NA,NA
2026-09-03,Monthly,2015-03-01,2015-03-31,Metro,"Seattle, WA metro area",NA,NA,NA,NA,NA,NA,NA,NA
2026-09-03,Monthly,2015-03-01,2015-03-31,Metro,"St. Louis, MO metro area",NA,NA,NA,NA,NA,NA,NA,NA
2026-09-03,Monthly,2015-03-01,2015-03-31,Metro,"Tampa, FL metro area",NA,NA,NA,NA,NA,NA,NA,NA
2026-09-03,Monthly,2015-03-01,2015-03-31,Metro,"Virginia Beach, VA metro area",NA,NA,NA,NA,NA,NA,NA,NA
2026-09-03,Monthly,2015-03-01,2015-03-31,Metro,"Warren, MI metro area",NA,NA,NA,NA,NA,NA,NA,NA
2026-09-03,Monthly,2015-03-01,2015-03-31,Metro,"Washington, DC metro area",NA,NA,NA,NA,NA,NA,NA,NA
2026-09-03,Monthly,2015-03-01,2015-03-31,Metro,"West Palm Beach, FL metro area",NA,NA,NA,NA,NA,NA,NA,NA
2026-09-03,Monthly,2015-02-01,2015-02-28,Metro,"Anaheim, CA metro area",NA,NA,NA,NA,NA,NA,NA,NA
2026-09-03,Monthly,2015-02-01,2015-02-28,Metro,"Atlanta, GA metro area",NA,NA,NA,NA,NA,NA,NA,NA
2026-09-03,Monthly,2015-02-01,2015-02-28,Metro,"Austin, TX metro area",NA,NA,NA,NA,NA,NA,NA,NA
2026-09-03,Monthly,2015-02-01,2015-02-28,Metro,"Baltimore, MD metro area",NA,NA,NA,NA,NA,NA,NA,NA
2026-09-03,Monthly,2015-02-01,2015-02-28,Metro,"Boston, MA metro area",NA,NA,NA,NA,NA,NA,NA,NA
2026-09-03,Monthly,2015-02-01,2015-02-28,Metro,"Charlotte, NC metro area",NA,NA,NA,NA,NA,NA,NA,NA
2026-09-03,Monthly,2015-02-01,2015-02-28,Metro,"Chicago, IL metro area",NA,NA,NA,NA,NA,NA,NA,NA
2026-09-03,Monthly,2015-02-01,2015-02-28,Metro,"Cincinnati, OH metro area",NA,NA,NA,NA,NA,NA,NA,NA
2026-09-03,Monthly,2015-02-01,2015-02-28,Metro,"Cleveland, OH metro area",NA,NA,NA,NA,NA,NA,NA,NA
2026-09-03,Monthly,2015-02-01,2015-02-28,Metro,"Columbus, OH metro area",NA,NA,NA,NA,NA,NA,NA,NA
2026-09-03,Monthly,2015-02-01,2015-02-28,Metro,"Dallas, TX metro area",NA,NA,NA,NA,NA,NA,NA,NA
2026-09-03,Monthly,2015-02-01,2015-02-28,Metro,"Denver, CO metro area",NA,NA,NA,NA,NA,NA,NA,NA
2026-09-03,Monthly,2015-02-01,2015-02-28,Metro,"Detroit, MI metro area",NA,NA,NA,NA,NA,NA,NA,NA
2026-09-03,Monthly,2015-02-01,2015-02-28,Metro,"Fort Lauderdale, FL metro area",NA,NA,NA,NA,NA,NA,NA,NA
2026-09-03,Monthly,2015-02-01,2015-02-28,Metro,"Fort Worth, TX metro area",NA,NA,NA,NA,NA,NA,NA,NA
2026-09-03,Monthly,2015-02-01,2015-02-28,Metro,"Houston, TX metro area",NA,NA,NA,NA,NA,NA,NA,NA
2026-09-03,Monthly,2015-02-01,2015-02-28,Metro,"Indianapolis, IN metro area",NA,NA,NA,NA,NA,NA,NA,NA
2026-09-03,Monthly,2015-02-01,2015-02-28,Metro,"Jacksonville, FL metro area",NA,NA,NA,NA,NA,NA,NA,NA
2026-09-03,Monthly,2015-02-01,2015-02-28,Metro,"Kansas City, MO metro area",NA,NA,NA,NA,NA,NA,NA,NA
2026-09-03,Monthly,2015-02-01,2015-02-28,Metro,"Las Vegas, NV metro area",NA,NA,NA,NA,NA,NA,NA,NA
2026-09-03,Monthly,2015-02-01,2015-02-28,Metro,"Los Angeles, CA metro area",NA,NA,NA,NA,NA,NA,NA,NA
2026-09-03,Monthly,2015-02-01,2015-02-28,Metro,"Miami, FL metro area",NA,NA,NA,NA,NA,NA,NA,NA
2026-09-03,Monthly,2015-02-01,2015-02-28,Metro,"Milwaukee, WI metro area",NA,NA,NA,NA,NA,NA,NA,NA
2026-09-03,Monthly,2015-02-01,2015-02-28,Metro,"Minneapolis, MN metro area",NA,NA,NA,NA,NA,NA,NA,NA
2026-09-03,Monthly,2015-02-01,2015-02-28,Metro,"Montgomery County, PA metro area",NA,NA,NA,NA,NA,NA,NA,NA
2026-09-03,Monthly,2015-02-01,2015-02-28,Metro,"Nashville, TN metro area",NA,NA,NA,NA,NA,NA,NA,NA
2026-09-03,Monthly,2015-02-01,2015-02-28,Metro,"Nassau County, NY metro area",NA,NA,NA,NA,NA,NA,NA,NA
2026-09-03,Monthly,2015-02-01,2015-02-28,Metro,"New Brunswick, NJ metro area",NA,NA,NA,NA,NA,NA,NA,NA
2026-09-03,Monthly,2015-02-01,2015-02-28,Metro,"New York, NY metro area",NA,NA,NA,NA,NA,NA,NA,NA
2026-09-03,Monthly,2015-02-01,2015-02-28,Metro,"Newark, NJ metro area",NA,NA,NA,NA,NA,NA,NA,NA
2026-09-03,Monthly,2015-02-01,2015-02-28,Metro,"Oakland, CA metro area",NA,NA,NA,NA,NA,NA,NA,NA
2026-09-03,Monthly,2015-02-01,2015-02-28,Metro,"Orlando, FL metro area",NA,NA,NA,NA,NA,NA,NA,NA
2026-09-03,Monthly,2015-02-01,2015-02-28,Metro,"Philadelphia, PA metro area",NA,NA,NA,NA,NA,NA,NA,NA
2026-09-03,Monthly,2015-02-01,2015-02-28,Metro,"Phoenix, AZ metro area",NA,NA,NA,NA,NA,NA,NA,NA
2026-09-03,Monthly,2015-02-01,2015-02-28,Metro,"Pittsburgh, PA metro area",NA,NA,NA,NA,NA,NA,NA,NA
2026-09-03,Monthly,2015-02-01,2015-02-28,Metro,"Portland, OR metro area",NA,NA,NA,NA,NA,NA,NA,NA
2026-09-03,Monthly,2015-02-01,2015-02-28,Metro,"Providence, RI metro area",NA,NA,NA,NA,NA,NA,NA,NA
2026-09-03,Monthly,2015-02-01,2015-02-28,Metro,"Riverside, CA metro area",NA,NA,NA,NA,NA,NA,NA,NA
2026-09-03,Monthly,2015-02-01,2015-02-28,Metro,"Sacramento, CA metro area",NA,NA,NA,NA,NA,NA,NA,NA
2026-09-03,Monthly,2015-02-01,2015-02-28,Metro,"San Antonio, TX metro area",NA,NA,NA,NA,NA,NA,NA,NA
2026-09-03,Monthly,2015-02-01,2015-02-28,Metro,"San Diego, CA metro area",NA,NA,NA,NA,NA,NA,NA,NA
2026-09-03,Monthly,2015-02-01,2015-02-28,Metro,"San Francisco, CA metro area",NA,NA,NA,NA,NA,NA,NA,NA
2026-09-03,Monthly,2015-02-01,2015-02-28,Metro,"San Jose, CA metro area",NA,NA,NA,NA,NA,NA,NA,NA
2026-09-03,Monthly,2015-02-01,2015-02-28,Metro,"Seattle, WA metro area",NA,NA,NA,NA,NA,NA,NA,NA
2026-09-03,Monthly,2015-02-01,2015-02-28,Metro,"St. Louis, MO metro area",NA,NA,NA,NA,NA,NA,NA,NA
2026-09-03,Monthly,2015-02-01,2015-02-28,Metro,"Tampa, FL metro area",NA,NA,NA,NA,NA,NA,NA,NA
2026-09-03,Monthly,2015-02-01,2015-02-28,Metro,"Virginia Beach, VA metro area",NA,NA,NA,NA,NA,NA,NA,NA
2026-09-03,Monthly,2015-02-01,2015-02-28,Metro,"Warren, MI metro area",NA,NA,NA,NA,NA,NA,NA,NA
2026-09-03,Monthly,2015-02-01,2015-02-28,Metro,"Washington, DC metro area",NA,NA,NA,NA,NA,NA,NA,NA
2026-09-03,Monthly,2015-02-01,2015-02-28,Metro,"West Palm Beach, FL metro area",NA,NA,NA,NA,NA,NA,NA,NA
2026-09-03,Monthly,2015-01-01,2015-01-31,Metro,"Anaheim, CA metro area",NA,NA,NA,NA,NA,NA,NA,NA
2026-09-03,Monthly,2015-01-01,2015-01-31,Metro,"Atlanta, GA metro area",NA,NA,NA,NA,NA,NA,NA,NA
2026-09-03,Monthly,2015-01-01,2015-01-31,Metro,"Austin, TX metro area",NA,NA,NA,NA,NA,NA,NA,NA
2026-09-03,Monthly,2015-01-01,2015-01-31,Metro,"Baltimore, MD metro area",NA,NA,NA,NA,NA,NA,NA,NA
2026-09-03,Monthly,2015-01-01,2015-01-31,Metro,"Boston, MA metro area",NA,NA,NA,NA,NA,NA,NA,NA
2026-09-03,Monthly,2015-01-01,2015-01-31,Metro,"Charlotte, NC metro area",NA,NA,NA,NA,NA,NA,NA,NA
2026-09-03,Monthly,2015-01-01,2015-01-31,Metro,"Chicago, IL metro area",NA,NA,NA,NA,NA,NA,NA,NA
2026-09-03,Monthly,2015-01-01,2015-01-31,Metro,"Cincinnati, OH metro area",NA,NA,NA,NA,NA,NA,NA,NA
2026-09-03,Monthly,2015-01-01,2015-01-31,Metro,"Cleveland, OH metro area",NA,NA,NA,NA,NA,NA,NA,NA
2026-09-03,Monthly,2015-01-01,2015-01-31,Metro,"Columbus, OH metro area",NA,NA,NA,NA,NA,NA,NA,NA
2026-09-03,Monthly,2015-01-01,2015-01-31,Metro,"Dallas, TX metro area",NA,NA,NA,NA,NA,NA,NA,NA
2026-09-03,Monthly,2015-01-01,2015-01-31,Metro,"Denver, CO metro area",NA,NA,NA,NA,NA,NA,NA,NA
2026-09-03,Monthly,2015-01-01,2015-01-31,Metro,"Detroit, MI metro area",NA,NA,NA,NA,NA,NA,NA,NA
2026-09-03,Monthly,2015-01-01,2015-01-31,Metro,"Fort Lauderdale, FL metro area",NA,NA,NA,NA,NA,NA,NA,NA
2026-09-03,Monthly,2015-01-01,2015-01-31,Metro,"Fort Worth, TX metro area",NA,NA,NA,NA,NA,NA,NA,NA
2026-09-03,Monthly,2015-01-01,2015-01-31,Metro,"Houston, TX metro area",NA,NA,NA,NA,NA,NA,NA,NA
2026-09-03,Monthly,2015-01-01,2015-01-31,Metro,"Indianapolis, IN metro area",NA,NA,NA,NA,NA,NA,NA,NA
2026-09-03,Monthly,2015-01-01,2015-01-31,Metro,"Jacksonville, FL metro area",NA,NA,NA,NA,NA,NA,NA,NA
2026-09-03,Monthly,2015-01-01,2015-01-31,Metro,"Kansas City, MO metro area",NA,NA,NA,NA,NA,NA,NA,NA
2026-09-03,Monthly,2015-01-01,2015-01-31,Metro,"Las Vegas, NV metro area",NA,NA,NA,NA,NA,NA,NA,NA
2026-09-03,Monthly,2015-01-01,2015-01-31,Metro,"Los Angeles, CA metro area",NA,NA,NA,NA,NA,NA,NA,NA
2026-09-03,Monthly,2015-01-01,2015-01-31,Metro,"Miami, FL metro area",NA,NA,NA,NA,NA,NA,NA,NA
2026-09-03,Monthly,2015-01-01,2015-01-31,Metro,"Milwaukee, WI metro area",NA,NA,NA,NA,NA,NA,NA,NA
2026-09-03,Monthly,2015-01-01,2015-01-31,Metro,"Minneapolis, MN metro area",NA,NA,NA,NA,NA,NA,NA,NA
2026-09-03,Monthly,2015-01-01,2015-01-31,Metro,"Montgomery County, PA metro area",NA,NA,NA,NA,NA,NA,NA,NA
2026-09-03,Monthly,2015-01-01,2015-01-31,Metro,"Nashville, TN metro area",NA,NA,NA,NA,NA,NA,NA,NA
2026-09-03,Monthly,2015-01-01,2015-01-31,Metro,"Nassau County, NY metro area",NA,NA,NA,NA,NA,NA,NA,NA
2026-09-03,Monthly,2015-01-01,2015-01-31,Metro,"New Brunswick, NJ metro area",NA,NA,NA,NA,NA,NA,NA,NA
2026-09-03,Monthly,2015-01-01,2015-01-31,Metro,"New York, NY metro area",NA,NA,NA,NA,NA,NA,NA,NA
2026-09-03,Monthly,2015-01-01,2015-01-31,Metro,"Newark, NJ metro area",NA,NA,NA,NA,NA,NA,NA,NA
2026-09-03,Monthly,2015-01-01,2015-01-31,Metro,"Oakland, CA metro area",NA,NA,NA,NA,NA,NA,NA,NA
2026-09-03,Monthly,2015-01-01,2015-01-31,Metro,"Orlando, FL metro area",NA,NA,NA,NA,NA,NA,NA,NA
2026-09-03,Monthly,2015-01-01,2015-01-31,Metro,"Philadelphia, PA metro area",NA,NA,NA,NA,NA,NA,NA,NA
2026-09-03,Monthly,2015-01-01,2015-01-31,Metro,"Phoenix, AZ metro area",NA,NA,NA,NA,NA,NA,NA,NA
2026-09-03,Monthly,2015-01-01,2015-01-31,Metro,"Pittsburgh, PA metro area",NA,NA,NA,NA,NA,NA,NA,NA
2026-09-03,Monthly,2015-01-01,2015-01-31,Metro,"Portland, OR metro area",NA,NA,NA,NA,NA,NA,NA,NA
2026-09-03,Monthly,2015-01-01,2015-01-31,Metro,"Providence, RI metro area",NA,NA,NA,NA,NA,NA,NA,NA
2026-09-03,Monthly,2015-01-01,2015-01-31,Metro,"Riverside, CA metro area",NA,NA,NA,NA,NA,NA,NA,NA
2026-09-03,Monthly,2015-01-01,2015-01-31,Metro,"Sacramento, CA metro area",NA,NA,NA,NA,NA,NA,NA,NA
2026-09-03,Monthly,2015-01-01,2015-01-31,Metro,"San Antonio, TX metro area",NA,NA,NA,NA,NA,NA,NA,NA
2026-09-03,Monthly,2015-01-01,2015-01-31,Metro,"San Diego, CA metro area",NA,NA,NA,NA,NA,NA,NA,NA
2026-09-03,Monthly,2015-01-01,2015-01-31,Metro,"San Francisco, CA metro area",NA,NA,NA,NA,NA,NA,NA,NA
2026-09-03,Monthly,2015-01-01,2015-01-31,Metro,"San Jose, CA metro area",NA,NA,NA,NA,NA,NA,NA,NA
2026-09-03,Monthly,2015-01-01,2015-01-31,Metro,"Seattle, WA metro area",NA,NA,NA,NA,NA,NA,NA,NA
2026-09-03,Monthly,2015-01-01,2015-01-31,Metro,"St. Louis, MO metro area",NA,NA,NA,NA,NA,NA,NA,NA
2026-09-03,Monthly,2015-01-01,2015-01-31,Metro,"Tampa, FL metro area",NA,NA,NA,NA,NA,NA,NA,NA
2026-09-03,Monthly,2015-01-01,2015-01-31,Metro,"Virginia Beach, VA metro area",NA,NA,NA,NA,NA,NA,NA,NA
2026-09-03,Monthly,2015-01-01,2015-01-31,Metro,"Warren, MI metro area",NA,NA,NA,NA,NA,NA,NA,NA
2026-09-03,Monthly,2015-01-01,2015-01-31,Metro,"Washington, DC metro area",NA,NA,NA,NA,NA,NA,NA,NA
2026-09-03,Monthly,2015-01-01,2015-01-31,Metro,"West Palm Beach, FL metro area",NA,NA,NA,NA,NA,NA,NA,NA
2026-09-03,Monthly,2014-12-01,2014-12-31,Metro,"Anaheim, CA metro area",NA,NA,NA,NA,NA,NA,NA,NA
2026-09-03,Monthly,2014-12-01,2014-12-31,Metro,"Atlanta, GA metro area",NA,NA,NA,NA,NA,NA,NA,NA
2026-09-03,Monthly,2014-12-01,2014-12-31,Metro,"Austin, TX metro area",NA,NA,NA,NA,NA,NA,NA,NA
2026-09-03,Monthly,2014-12-01,2014-12-31,Metro,"Baltimore, MD metro area",NA,NA,NA,NA,NA,NA,NA,NA
2026-09-03,Monthly,2014-12-01,2014-12-31,Metro,"Boston, MA metro area",NA,NA,NA,NA,NA,NA,NA,NA
2026-09-03,Monthly,2014-12-01,2014-12-31,Metro,"Charlotte, NC metro area",NA,NA,NA,NA,NA,NA,NA,NA
2026-09-03,Monthly,2014-12-01,2014-12-31,Metro,"Chicago, IL metro area",NA,NA,NA,NA,NA,NA,NA,NA
2026-09-03,Monthly,2014-12-01,2014-12-31,Metro,"Cincinnati, OH metro area",NA,NA,NA,NA,NA,NA,NA,NA
2026-09-03,Monthly,2014-12-01,2014-12-31,Metro,"Cleveland, OH metro area",NA,NA,NA,NA,NA,NA,NA,NA
2026-09-03,Monthly,2014-12-01,2014-12-31,Metro,"Columbus, OH metro area",NA,NA,NA,NA,NA,NA,NA,NA
2026-09-03,Monthly,2014-12-01,2014-12-31,Metro,"Dallas, TX metro area",NA,NA,NA,NA,NA,NA,NA,NA
2026-09-03,Monthly,2014-12-01,2014-12-31,Metro,"Denver, CO metro area",NA,NA,NA,NA,NA,NA,NA,NA
2026-09-03,Monthly,2014-12-01,2014-12-31,Metro,"Detroit, MI metro area",NA,NA,NA,NA,NA,NA,NA,NA
2026-09-03,Monthly,2014-12-01,2014-12-31,Metro,"Fort Lauderdale, FL metro area",NA,NA,NA,NA,NA,NA,NA,NA
2026-09-03,Monthly,2014-12-01,2014-12-31,Metro,"Fort Worth, TX metro area",NA,NA,NA,NA,NA,NA,NA,NA
2026-09-03,Monthly,2014-12-01,2014-12-31,Metro,"Houston, TX metro area",NA,NA,NA,NA,NA,NA,NA,NA
2026-09-03,Monthly,2014-12-01,2014-12-31,Metro,"Indianapolis, IN metro area",NA,NA,NA,NA,NA,NA,NA,NA
2026-09-03,Monthly,2014-12-01,2014-12-31,Metro,"Jacksonville, FL metro area",NA,NA,NA,NA,NA,NA,NA,NA
2026-09-03,Monthly,2014-12-01,2014-12-31,Metro,"Kansas City, MO metro area",NA,NA,NA,NA,NA,NA,NA,NA
2026-09-03,Monthly,2014-12-01,2014-12-31,Metro,"Las Vegas, NV metro area",NA,NA,NA,NA,NA,NA,NA,NA
2026-09-03,Monthly,2014-12-01,2014-12-31,Metro,"Los Angeles, CA metro area",NA,NA,NA,NA,NA,NA,NA,NA
2026-09-03,Monthly,2014-12-01,2014-12-31,Metro,"Miami, FL metro area",NA,NA,NA,NA,NA,NA,NA,NA
2026-09-03,Monthly,2014-12-01,2014-12-31,Metro,"Milwaukee, WI metro area",NA,NA,NA,NA,NA,NA,NA,NA
2026-09-03,Monthly,2014-12-01,2014-12-31,Metro,"Minneapolis, MN metro area",NA,NA,NA,NA,NA,NA,NA,NA
2026-09-03,Monthly,2014-12-01,2014-12-31,Metro,"Montgomery County, PA metro area",NA,NA,NA,NA,NA,NA,NA,NA
2026-09-03,Monthly,2014-12-01,2014-12-31,Metro,"Nashville, TN metro area",NA,NA,NA,NA,NA,NA,NA,NA
2026-09-03,Monthly,2014-12-01,2014-12-31,Metro,"Nassau County, NY metro area",NA,NA,NA,NA,NA,NA,NA,NA
2026-09-03,Monthly,2014-12-01,2014-12-31,Metro,"New Brunswick, NJ metro area",NA,NA,NA,NA,NA,NA,NA,NA
2026-09-03,Monthly,2014-12-01,2014-12-31,Metro,"New York, NY metro area",NA,NA,NA,NA,NA,NA,NA,NA
2026-09-03,Monthly,2014-12-01,2014-12-31,Metro,"Newark, NJ metro area",NA,NA,NA,NA,NA,NA,NA,NA
2026-09-03,Monthly,2014-12-01,2014-12-31,Metro,"Oakland, CA metro area",NA,NA,NA,NA,NA,NA,NA,NA
2026-09-03,Monthly,2014-12-01,2014-12-31,Metro,"Orlando, FL metro area",NA,NA,NA,NA,NA,NA,NA,NA
2026-09-03,Monthly,2014-12-01,2014-12-31,Metro,"Philadelphia, PA metro area",NA,NA,NA,NA,NA,NA,NA,NA
2026-09-03,Monthly,2014-12-01,2014-12-31,Metro,"Phoenix, AZ metro area",NA,NA,NA,NA,NA,NA,NA,NA
2026-09-03,Monthly,2014-12-01,2014-12-31,Metro,"Pittsburgh, PA metro area",NA,NA,NA,NA,NA,NA,NA,NA
2026-09-03,Monthly,2014-12-01,2014-12-31,Metro,"Portland, OR metro area",NA,NA,NA,NA,NA,NA,NA,NA
2026-09-03,Monthly,2014-12-01,2014-12-31,Metro,"Providence, RI metro area",NA,NA,NA,NA,NA,NA,NA,NA
2026-09-03,Monthly,2014-12-01,2014-12-31,Metro,"Riverside, CA metro area",NA,NA,NA,NA,NA,NA,NA,NA
2026-09-03,Monthly,2014-12-01,2014-12-31,Metro,"Sacramento, CA metro area",NA,NA,NA,NA,NA,NA,NA,NA
2026-09-03,Monthly,2014-12-01,2014-12-31,Metro,"San Antonio, TX metro area",NA,NA,NA,NA,NA,NA,NA,NA
2026-09-03,Monthly,2014-12-01,2014-12-31,Metro,"San Diego, CA metro area",NA,NA,NA,NA,NA,NA,NA,NA
2026-09-03,Monthly,2014-12-01,2014-12-31,Metro,"San Francisco, CA metro area",NA,NA,NA,NA,NA,NA,NA,NA
2026-09-03,Monthly,2014-12-01,2014-12-31,Metro,"San Jose, CA metro area",NA,NA,NA,NA,NA,NA,NA,NA
2026-09-03,Monthly,2014-12-01,2014-12-31,Metro,"Seattle, WA metro area",NA,NA,NA,NA,NA,NA,NA,NA
2026-09-03,Monthly,2014-12-01,2014-12-31,Metro,"St. Louis, MO metro area",NA,NA,NA,NA,NA,NA,NA,NA
2026-09-03,Monthly,2014-12-01,2014-12-31,Metro,"Tampa, FL metro area",NA,NA,NA,NA,NA,NA,NA,NA
2026-09-03,Monthly,2014-12-01,2014-12-31,Metro,"Virginia Beach, VA metro area",NA,NA,NA,NA,NA,NA,NA,NA
2026-09-03,Monthly,2014-12-01,2014-12-31,Metro,"Warren, MI metro area",NA,NA,NA,NA,NA,NA,NA,NA
2026-09-03,Monthly,2014-12-01,2014-12-31,Metro,"Washington, DC metro area",NA,NA,NA,NA,NA,NA,NA,NA
2026-09-03,Monthly,2014-12-01,2014-12-31,Metro,"West Palm Beach, FL metro area",NA,NA,NA,NA,NA,NA,NA,NA
2026-09-03,Monthly,2014-11-01,2014-11-30,Metro,"Anaheim, CA metro area",NA,NA,NA,NA,NA,NA,NA,NA
2026-09-03,Monthly,2014-11-01,2014-11-30,Metro,"Atlanta, GA metro area",NA,NA,NA,NA,NA,NA,NA,NA
2026-09-03,Monthly,2014-11-01,2014-11-30,Metro,"Austin, TX metro area",NA,NA,NA,NA,NA,NA,NA,NA
2026-09-03,Monthly,2014-11-01,2014-11-30,Metro,"Baltimore, MD metro area",NA,NA,NA,NA,NA,NA,NA,NA
2026-09-03,Monthly,2014-11-01,2014-11-30,Metro,"Boston, MA metro area",NA,NA,NA,NA,NA,NA,NA,NA
2026-09-03,Monthly,2014-11-01,2014-11-30,Metro,"Charlotte, NC metro area",NA,NA,NA,NA,NA,NA,NA,NA
2026-09-03,Monthly,2014-11-01,2014-11-30,Metro,"Chicago, IL metro area",NA,NA,NA,NA,NA,NA,NA,NA
2026-09-03,Monthly,2014-11-01,2014-11-30,Metro,"Cincinnati, OH metro area",NA,NA,NA,NA,NA,NA,NA,NA
2026-09-03,Monthly,2014-11-01,2014-11-30,Metro,"Cleveland, OH metro area",NA,NA,NA,NA,NA,NA,NA,NA
2026-09-03,Monthly,2014-11-01,2014-11-30,Metro,"Columbus, OH metro area",NA,NA,NA,NA,NA,NA,NA,NA
2026-09-03,Monthly,2014-11-01,2014-11-30,Metro,"Dallas, TX metro area",NA,NA,NA,NA,NA,NA,NA,NA
2026-09-03,Monthly,2014-11-01,2014-11-30,Metro,"Denver, CO metro area",NA,NA,NA,NA,NA,NA,NA,NA
2026-09-03,Monthly,2014-11-01,2014-11-30,Metro,"Detroit, MI metro area",NA,NA,NA,NA,NA,NA,NA,NA
2026-09-03,Monthly,2014-11-01,2014-11-30,Metro,"Fort Lauderdale, FL metro area",NA,NA,NA,NA,NA,NA,NA,NA
2026-09-03,Monthly,2014-11-01,2014-11-30,Metro,"Fort Worth, TX metro area",NA,NA,NA,NA,NA,NA,NA,NA
2026-09-03,Monthly,2014-11-01,2014-11-30,Metro,"Houston, TX metro area",NA,NA,NA,NA,NA,NA,NA,NA
2026-09-03,Monthly,2014-11-01,2014-11-30,Metro,"Indianapolis, IN metro area",NA,NA,NA,NA,NA,NA,NA,NA
2026-09-03,Monthly,2014-11-01,2014-11-30,Metro,"Jacksonville, FL metro area",NA,NA,NA,NA,NA,NA,NA,NA
2026-09-03,Monthly,2014-11-01,2014-11-30,Metro,"Kansas City, MO metro area",NA,NA,NA,NA,NA,NA,NA,NA
2026-09-03,Monthly,2014-11-01,2014-11-30,Metro,"Las Vegas, NV metro area",NA,NA,NA,NA,NA,NA,NA,NA
2026-09-03,Monthly,2014-11-01,2014-11-30,Metro,"Los Angeles, CA metro area",NA,NA,NA,NA,NA,NA,NA,NA
2026-09-03,Monthly,2014-11-01,2014-11-30,Metro,"Miami, FL metro area",NA,NA,NA,NA,NA,NA,NA,NA
2026-09-03,Monthly,2014-11-01,2014-11-30,Metro,"Milwaukee, WI metro area",NA,NA,NA,NA,NA,NA,NA,NA
2026-09-03,Monthly,2014-11-01,2014-11-30,Metro,"Minneapolis, MN metro area",NA,NA,NA,NA,NA,NA,NA,NA
2026-09-03,Monthly,2014-11-01,2014-11-30,Metro,"Montgomery County, PA metro area",NA,NA,NA,NA,NA,NA,NA,NA
2026-09-03,Monthly,2014-11-01,2014-11-30,Metro,"Nashville, TN metro area",NA,NA,NA,NA,NA,NA,NA,NA
2026-09-03,Monthly,2014-11-01,2014-11-30,Metro,"Nassau County, NY metro area",NA,NA,NA,NA,NA,NA,NA,NA
2026-09-03,Monthly,2014-11-01,2014-11-30,Metro,"New Brunswick, NJ metro area",NA,NA,NA,NA,NA,NA,NA,NA
2026-09-03,Monthly,2014-11-01,2014-11-30,Metro,"New York, NY metro area",NA,NA,NA,NA,NA,NA,NA,NA
2026-09-03,Monthly,2014-11-01,2014-11-30,Metro,"Newark, NJ metro area",NA,NA,NA,NA,NA,NA,NA,NA
2026-09-03,Monthly,2014-11-01,2014-11-30,Metro,"Oakland, CA metro area",NA,NA,NA,NA,NA,NA,NA,NA
2026-09-03,Monthly,2014-11-01,2014-11-30,Metro,"Orlando, FL metro area",NA,NA,NA,NA,NA,NA,NA,NA
2026-09-03,Monthly,2014-11-01,2014-11-30,Metro,"Philadelphia, PA metro area",NA,NA,NA,NA,NA,NA,NA,NA
2026-09-03,Monthly,2014-11-01,2014-11-30,Metro,"Phoenix, AZ metro area",NA,NA,NA,NA,NA,NA,NA,NA
2026-09-03,Monthly,2014-11-01,2014-11-30,Metro,"Pittsburgh, PA metro area",NA,NA,NA,NA,NA,NA,NA,NA
2026-09-03,Monthly,2014-11-01,2014-11-30,Metro,"Portland, OR metro area",NA,NA,NA,NA,NA,NA,NA,NA
2026-09-03,Monthly,2014-11-01,2014-11-30,Metro,"Providence, RI metro area",NA,NA,NA,NA,NA,NA,NA,NA
2026-09-03,Monthly,2014-11-01,2014-11-30,Metro,"Riverside, CA metro area",NA,NA,NA,NA,NA,NA,NA,NA
2026-09-03,Monthly,2014-11-01,2014-11-30,Metro,"Sacramento, CA metro area",NA,NA,NA,NA,NA,NA,NA,NA
2026-09-03,Monthly,2014-11-01,2014-11-30,Metro,"San Antonio, TX metro area",NA,NA,NA,NA,NA,NA,NA,NA
2026-09-03,Monthly,2014-11-01,2014-11-30,Metro,"San Diego, CA metro area",NA,NA,NA,NA,NA,NA,NA,NA
2026-09-03,Monthly,2014-11-01,2014-11-30,Metro,"San Francisco, CA metro area",NA,NA,NA,NA,NA,NA,NA,NA
2026-09-03,Monthly,2014-11-01,2014-11-30,Metro,"San Jose, CA metro area",NA,NA,NA,NA,NA,NA,NA,NA
2026-09-03,Monthly,2014-11-01,2014-11-30,Metro,"Seattle, WA metro area",NA,NA,NA,NA,NA,NA,NA,NA
2026-09-03,Monthly,2014-11-01,2014-11-30,Metro,"St. Louis, MO metro area",NA,NA,NA,NA,NA,NA,NA,NA
2026-09-03,Monthly,2014-11-01,2014-11-30,Metro,"Tampa, FL metro area",NA,NA,NA,NA,NA,NA,NA,NA
2026-09-03,Monthly,2014-11-01,2014-11-30,Metro,"Virginia Beach, VA metro area",NA,NA,NA,NA,NA,NA,NA,NA
2026-09-03,Monthly,2014-11-01,2014-11-30,Metro,"Warren, MI metro area",NA,NA,NA,NA,NA,NA,NA,NA
2026-09-03,Monthly,2014-11-01,2014-11-30,Metro,"Washington, DC metro area",NA,NA,NA,NA,NA,NA,NA,NA
2026-09-03,Monthly,2014-11-01,2014-11-30,Metro,"West Palm Beach, FL metro area",NA,NA,NA,NA,NA,NA,NA,NA
2026-09-03,Monthly,2014-10-01,2014-10-31,Metro,"Anaheim, CA metro area",NA,NA,NA,NA,NA,NA,NA,NA
2026-09-03,Monthly,2014-10-01,2014-10-31,Metro,"Atlanta, GA metro area",NA,NA,NA,NA,NA,NA,NA,NA
2026-09-03,Monthly,2014-10-01,2014-10-31,Metro,"Austin, TX metro area",NA,NA,NA,NA,NA,NA,NA,NA
2026-09-03,Monthly,2014-10-01,2014-10-31,Metro,"Baltimore, MD metro area",NA,NA,NA,NA,NA,NA,NA,NA
2026-09-03,Monthly,2014-10-01,2014-10-31,Metro,"Boston, MA metro area",NA,NA,NA,NA,NA,NA,NA,NA
2026-09-03,Monthly,2014-10-01,2014-10-31,Metro,"Charlotte, NC metro area",NA,NA,NA,NA,NA,NA,NA,NA
2026-09-03,Monthly,2014-10-01,2014-10-31,Metro,"Chicago, IL metro area",NA,NA,NA,NA,NA,NA,NA,NA
2026-09-03,Monthly,2014-10-01,2014-10-31,Metro,"Cincinnati, OH metro area",NA,NA,NA,NA,NA,NA,NA,NA
2026-09-03,Monthly,2014-10-01,2014-10-31,Metro,"Cleveland, OH metro area",NA,NA,NA,NA,NA,NA,NA,NA
2026-09-03,Monthly,2014-10-01,2014-10-31,Metro,"Columbus, OH metro area",NA,NA,NA,NA,NA,NA,NA,NA
2026-09-03,Monthly,2014-10-01,2014-10-31,Metro,"Dallas, TX metro area",NA,NA,NA,NA,NA,NA,NA,NA
2026-09-03,Monthly,2014-10-01,2014-10-31,Metro,"Denver, CO metro area",NA,NA,NA,NA,NA,NA,NA,NA
2026-09-03,Monthly,2014-10-01,2014-10-31,Metro,"Detroit, MI metro area",NA,NA,NA,NA,NA,NA,NA,NA
2026-09-03,Monthly,2014-10-01,2014-10-31,Metro,"Fort Lauderdale, FL metro area",NA,NA,NA,NA,NA,NA,NA,NA
2026-09-03,Monthly,2014-10-01,2014-10-31,Metro,"Fort Worth, TX metro area",NA,NA,NA,NA,NA,NA,NA,NA
2026-09-03,Monthly,2014-10-01,2014-10-31,Metro,"Houston, TX metro area",NA,NA,NA,NA,NA,NA,NA,NA
2026-09-03,Monthly,2014-10-01,2014-10-31,Metro,"Indianapolis, IN metro area",NA,NA,NA,NA,NA,NA,NA,NA
2026-09-03,Monthly,2014-10-01,2014-10-31,Metro,"Jacksonville, FL metro area",NA,NA,NA,NA,NA,NA,NA,NA
2026-09-03,Monthly,2014-10-01,2014-10-31,Metro,"Kansas City, MO metro area",NA,NA,NA,NA,NA,NA,NA,NA
2026-09-03,Monthly,2014-10-01,2014-10-31,Metro,"Las Vegas, NV metro area",NA,NA,NA,NA,NA,NA,NA,NA
2026-09-03,Monthly,2014-10-01,2014-10-31,Metro,"Los Angeles, CA metro area",NA,NA,NA,NA,NA,NA,NA,NA
2026-09-03,Monthly,2014-10-01,2014-10-31,Metro,"Miami, FL metro area",NA,NA,NA,NA,NA,NA,NA,NA
2026-09-03,Monthly,2014-10-01,2014-10-31,Metro,"Milwaukee, WI metro area",NA,NA,NA,NA,NA,NA,NA,NA
2026-09-03,Monthly,2014-10-01,2014-10-31,Metro,"Minneapolis, MN metro area",NA,NA,NA,NA,NA,NA,NA,NA
2026-09-03,Monthly,2014-10-01,2014-10-31,Metro,"Montgomery County, PA metro area",NA,NA,NA,NA,NA,NA,NA,NA
2026-09-03,Monthly,2014-10-01,2014-10-31,Metro,"Nashville, TN metro area",NA,NA,NA,NA,NA,NA,NA,NA
2026-09-03,Monthly,2014-10-01,2014-10-31,Metro,"Nassau County, NY metro area",NA,NA,NA,NA,NA,NA,NA,NA
2026-09-03,Monthly,2014-10-01,2014-10-31,Metro,"New Brunswick, NJ metro area",NA,NA,NA,NA,NA,NA,NA,NA
2026-09-03,Monthly,2014-10-01,2014-10-31,Metro,"New York, NY metro area",NA,NA,NA,NA,NA,NA,NA,NA
2026-09-03,Monthly,2014-10-01,2014-10-31,Metro,"Newark, NJ metro area",NA,NA,NA,NA,NA,NA,NA,NA
2026-09-03,Monthly,2014-10-01,2014-10-31,Metro,"Oakland, CA metro area",NA,NA,NA,NA,NA,NA,NA,NA
2026-09-03,Monthly,2014-10-01,2014-10-31,Metro,"Orlando, FL metro area",NA,NA,NA,NA,NA,NA,NA,NA
2026-09-03,Monthly,2014-10-01,2014-10-31,Metro,"Philadelphia, PA metro area",NA,NA,NA,NA,NA,NA,NA,NA
2026-09-03,Monthly,2014-10-01,2014-10-31,Metro,"Phoenix, AZ metro area",NA,NA,NA,NA,NA,NA,NA,NA
2026-09-03,Monthly,2014-10-01,2014-10-31,Metro,"Pittsburgh, PA metro area",NA,NA,NA,NA,NA,NA,NA,NA
2026-09-03,Monthly,2014-10-01,2014-10-31,Metro,"Portland, OR metro area",NA,NA,NA,NA,NA,NA,NA,NA
2026-09-03,Monthly,2014-10-01,2014-10-31,Metro,"Providence, RI metro area",NA,NA,NA,NA,NA,NA,NA,NA
2026-09-03,Monthly,2014-10-01,2014-10-31,Metro,"Riverside, CA metro area",NA,NA,NA,NA,NA,NA,NA,NA
2026-09-03,Monthly,2014-10-01,2014-10-31,Metro,"Sacramento, CA metro area",NA,NA,NA,NA,NA,NA,NA,NA
2026-09-03,Monthly,2014-10-01,2014-10-31,Metro,"San Antonio, TX metro area",NA,NA,NA,NA,NA,NA,NA,NA
2026-09-03,Monthly,2014-10-01,2014-10-31,Metro,"San Diego, CA metro area",NA,NA,NA,NA,NA,NA,NA,NA
2026-09-03,Monthly,2014-10-01,2014-10-31,Metro,"San Francisco, CA metro area",NA,NA,NA,NA,NA,NA,NA,NA
2026-09-03,Monthly,2014-10-01,2014-10-31,Metro,"San Jose, CA metro area",NA,NA,NA,NA,NA,NA,NA,NA
2026-09-03,Monthly,2014-10-01,2014-10-31,Metro,"Seattle, WA metro area",NA,NA,NA,NA,NA,NA,NA,NA
2026-09-03,Monthly,2014-10-01,2014-10-31,Metro,"St. Louis, MO metro area",NA,NA,NA,NA,NA,NA,NA,NA
2026-09-03,Monthly,2014-10-01,2014-10-31,Metro,"Tampa, FL metro area",NA,NA,NA,NA,NA,NA,NA,NA
2026-09-03,Monthly,2014-10-01,2014-10-31,Metro,"Virginia Beach, VA metro area",NA,NA,NA,NA,NA,NA,NA,NA
2026-09-03,Monthly,2014-10-01,2014-10-31,Metro,"Warren, MI metro area",NA,NA,NA,NA,NA,NA,NA,NA
2026-09-03,Monthly,2014-10-01,2014-10-31,Metro,"Washington, DC metro area",NA,NA,NA,NA,NA,NA,NA,NA
2026-09-03,Monthly,2014-10-01,2014-10-31,Metro,"West Palm Beach, FL metro area",NA,NA,NA,NA,NA,NA,NA,NA
2026-09-03,Monthly,2014-09-01,2014-09-30,Metro,"Anaheim, CA metro area",NA,NA,NA,NA,NA,NA,NA,NA
2026-09-03,Monthly,2014-09-01,2014-09-30,Metro,"Atlanta, GA metro area",NA,NA,NA,NA,NA,NA,NA,NA
2026-09-03,Monthly,2014-09-01,2014-09-30,Metro,"Austin, TX metro area",NA,NA,NA,NA,NA,NA,NA,NA
2026-09-03,Monthly,2014-09-01,2014-09-30,Metro,"Baltimore, MD metro area",NA,NA,NA,NA,NA,NA,NA,NA
2026-09-03,Monthly,2014-09-01,2014-09-30,Metro,"Boston, MA metro area",NA,NA,NA,NA,NA,NA,NA,NA
2026-09-03,Monthly,2014-09-01,2014-09-30,Metro,"Charlotte, NC metro area",NA,NA,NA,NA,NA,NA,NA,NA
2026-09-03,Monthly,2014-09-01,2014-09-30,Metro,"Chicago, IL metro area",NA,NA,NA,NA,NA,NA,NA,NA
2026-09-03,Monthly,2014-09-01,2014-09-30,Metro,"Cincinnati, OH metro area",NA,NA,NA,NA,NA,NA,NA,NA
2026-09-03,Monthly,2014-09-01,2014-09-30,Metro,"Cleveland, OH metro area",NA,NA,NA,NA,NA,NA,NA,NA
2026-09-03,Monthly,2014-09-01,2014-09-30,Metro,"Columbus, OH metro area",NA,NA,NA,NA,NA,NA,NA,NA
2026-09-03,Monthly,2014-09-01,2014-09-30,Metro,"Dallas, TX metro area",NA,NA,NA,NA,NA,NA,NA,NA
2026-09-03,Monthly,2014-09-01,2014-09-30,Metro,"Denver, CO metro area",NA,NA,NA,NA,NA,NA,NA,NA
2026-09-03,Monthly,2014-09-01,2014-09-30,Metro,"Detroit, MI metro area",NA,NA,NA,NA,NA,NA,NA,NA
2026-09-03,Monthly,2014-09-01,2014-09-30,Metro,"Fort Lauderdale, FL metro area",NA,NA,NA,NA,NA,NA,NA,NA
2026-09-03,Monthly,2014-09-01,2014-09-30,Metro,"Fort Worth, TX metro area",NA,NA,NA,NA,NA,NA,NA,NA
2026-09-03,Monthly,2014-09-01,2014-09-30,Metro,"Houston, TX metro area",NA,NA,NA,NA,NA,NA,NA,NA
2026-09-03,Monthly,2014-09-01,2014-09-30,Metro,"Indianapolis, IN metro area",NA,NA,NA,NA,NA,NA,NA,NA
2026-09-03,Monthly,2014-09-01,2014-09-30,Metro,"Jacksonville, FL metro area",NA,NA,NA,NA,NA,NA,NA,NA
2026-09-03,Monthly,2014-09-01,2014-09-30,Metro,"Kansas City, MO metro area",NA,NA,NA,NA,NA,NA,NA,NA
2026-09-03,Monthly,2014-09-01,2014-09-30,Metro,"Las Vegas, NV metro area",NA,NA,NA,NA,NA,NA,NA,NA
2026-09-03,Monthly,2014-09-01,2014-09-30,Metro,"Los Angeles, CA metro area",NA,NA,NA,NA,NA,NA,NA,NA
2026-09-03,Monthly,2014-09-01,2014-09-30,Metro,"Miami, FL metro area",NA,NA,NA,NA,NA,NA,NA,NA
2026-09-03,Monthly,2014-09-01,2014-09-30,Metro,"Milwaukee, WI metro area",NA,NA,NA,NA,NA,NA,NA,NA
2026-09-03,Monthly,2014-09-01,2014-09-30,Metro,"Minneapolis, MN metro area",NA,NA,NA,NA,NA,NA,NA,NA
2026-09-03,Monthly,2014-09-01,2014-09-30,Metro,"Montgomery County, PA metro area",NA,NA,NA,NA,NA,NA,NA,NA
2026-09-03,Monthly,2014-09-01,2014-09-30,Metro,"Nashville, TN metro area",NA,NA,NA,NA,NA,NA,NA,NA
2026-09-03,Monthly,2014-09-01,2014-09-30,Metro,"Nassau County, NY metro area",NA,NA,NA,NA,NA,NA,NA,NA
2026-09-03,Monthly,2014-09-01,2014-09-30,Metro,"New Brunswick, NJ metro area",NA,NA,NA,NA,NA,NA,NA,NA
2026-09-03,Monthly,2014-09-01,2014-09-30,Metro,"New York, NY metro area",NA,NA,NA,NA,NA,NA,NA,NA
2026-09-03,Monthly,2014-09-01,2014-09-30,Metro,"Newark, NJ metro area",NA,NA,NA,NA,NA,NA,NA,NA
2026-09-03,Monthly,2014-09-01,2014-09-30,Metro,"Oakland, CA metro area",NA,NA,NA,NA,NA,NA,NA,NA
2026-09-03,Monthly,2014-09-01,2014-09-30,Metro,"Orlando, FL metro area",NA,NA,NA,NA,NA,NA,NA,NA
2026-09-03,Monthly,2014-09-01,2014-09-30,Metro,"Philadelphia, PA metro area",NA,NA,NA,NA,NA,NA,NA,NA
2026-09-03,Monthly,2014-09-01,2014-09-30,Metro,"Phoenix, AZ metro area",NA,NA,NA,NA,NA,NA,NA,NA
2026-09-03,Monthly,2014-09-01,2014-09-30,Metro,"Pittsburgh, PA metro area",NA,NA,NA,NA,NA,NA,NA,NA
2026-09-03,Monthly,2014-09-01,2014-09-30,Metro,"Portland, OR metro area",NA,NA,NA,NA,NA,NA,NA,NA
2026-09-03,Monthly,2014-09-01,2014-09-30,Metro,"Providence, RI metro area",NA,NA,NA,NA,NA,NA,NA,NA
2026-09-03,Monthly,2014-09-01,2014-09-30,Metro,"Riverside, CA metro area",NA,NA,NA,NA,NA,NA,NA,NA
2026-09-03,Monthly,2014-09-01,2014-09-30,Metro,"Sacramento, CA metro area",NA,NA,NA,NA,NA,NA,NA,NA
2026-09-03,Monthly,2014-09-01,2014-09-30,Metro,"San Antonio, TX metro area",NA,NA,NA,NA,NA,NA,NA,NA
2026-09-03,Monthly,2014-09-01,2014-09-30,Metro,"San Diego, CA metro area",NA,NA,NA,NA,NA,NA,NA,NA
2026-09-03,Monthly,2014-09-01,2014-09-30,Metro,"San Francisco, CA metro area",NA,NA,NA,NA,NA,NA,NA,NA
2026-09-03,Monthly,2014-09-01,2014-09-30,Metro,"San Jose, CA metro area",NA,NA,NA,NA,NA,NA,NA,NA
2026-09-03,Monthly,2014-09-01,2014-09-30,Metro,"Seattle, WA metro area",NA,NA,NA,NA,NA,NA,NA,NA
2026-09-03,Monthly,2014-09-01,2014-09-30,Metro,"St. Louis, MO metro area",NA,NA,NA,NA,NA,NA,NA,NA
2026-09-03,Monthly,2014-09-01,2014-09-30,Metro,"Tampa, FL metro area",NA,NA,NA,NA,NA,NA,NA,NA
2026-09-03,Monthly,2014-09-01,2014-09-30,Metro,"Virginia Beach, VA metro area",NA,NA,NA,NA,NA,NA,NA,NA
2026-09-03,Monthly,2014-09-01,2014-09-30,Metro,"Warren, MI metro area",NA,NA,NA,NA,NA,NA,NA,NA
2026-09-03,Monthly,2014-09-01,2014-09-30,Metro,"Washington, DC metro area",NA,NA,NA,NA,NA,NA,NA,NA
2026-09-03,Monthly,2014-09-01,2014-09-30,Metro,"West Palm Beach, FL metro area",NA,NA,NA,NA,NA,NA,NA,NA
2026-09-03,Monthly,2014-08-01,2014-08-31,Metro,"Anaheim, CA metro area",NA,NA,NA,NA,NA,NA,NA,NA
2026-09-03,Monthly,2014-08-01,2014-08-31,Metro,"Atlanta, GA metro area",NA,NA,NA,NA,NA,NA,NA,NA
2026-09-03,Monthly,2014-08-01,2014-08-31,Metro,"Austin, TX metro area",NA,NA,NA,NA,NA,NA,NA,NA
2026-09-03,Monthly,2014-08-01,2014-08-31,Metro,"Baltimore, MD metro area",NA,NA,NA,NA,NA,NA,NA,NA
2026-09-03,Monthly,2014-08-01,2014-08-31,Metro,"Boston, MA metro area",NA,NA,NA,NA,NA,NA,NA,NA
2026-09-03,Monthly,2014-08-01,2014-08-31,Metro,"Charlotte, NC metro area",NA,NA,NA,NA,NA,NA,NA,NA
2026-09-03,Monthly,2014-08-01,2014-08-31,Metro,"Chicago, IL metro area",NA,NA,NA,NA,NA,NA,NA,NA
2026-09-03,Monthly,2014-08-01,2014-08-31,Metro,"Cincinnati, OH metro area",NA,NA,NA,NA,NA,NA,NA,NA
2026-09-03,Monthly,2014-08-01,2014-08-31,Metro,"Cleveland, OH metro area",NA,NA,NA,NA,NA,NA,NA,NA
2026-09-03,Monthly,2014-08-01,2014-08-31,Metro,"Columbus, OH metro area",NA,NA,NA,NA,NA,NA,NA,NA
2026-09-03,Monthly,2014-08-01,2014-08-31,Metro,"Dallas, TX metro area",NA,NA,NA,NA,NA,NA,NA,NA
2026-09-03,Monthly,2014-08-01,2014-08-31,Metro,"Denver, CO metro area",NA,NA,NA,NA,NA,NA,NA,NA
2026-09-03,Monthly,2014-08-01,2014-08-31,Metro,"Detroit, MI metro area",NA,NA,NA,NA,NA,NA,NA,NA
2026-09-03,Monthly,2014-08-01,2014-08-31,Metro,"Fort Lauderdale, FL metro area",NA,NA,NA,NA,NA,NA,NA,NA
2026-09-03,Monthly,2014-08-01,2014-08-31,Metro,"Fort Worth, TX metro area",NA,NA,NA,NA,NA,NA,NA,NA
2026-09-03,Monthly,2014-08-01,2014-08-31,Metro,"Houston, TX metro area",NA,NA,NA,NA,NA,NA,NA,NA
2026-09-03,Monthly,2014-08-01,2014-08-31,Metro,"Indianapolis, IN metro area",NA,NA,NA,NA,NA,NA,NA,NA
2026-09-03,Monthly,2014-08-01,2014-08-31,Metro,"Jacksonville, FL metro area",NA,NA,NA,NA,NA,NA,NA,NA
2026-09-03,Monthly,2014-08-01,2014-08-31,Metro,"Kansas City, MO metro area",NA,NA,NA,NA,NA,NA,NA,NA
2026-09-03,Monthly,2014-08-01,2014-08-31,Metro,"Las Vegas, NV metro area",NA,NA,NA,NA,NA,NA,NA,NA
2026-09-03,Monthly,2014-08-01,2014-08-31,Metro,"Los Angeles, CA metro area",NA,NA,NA,NA,NA,NA,NA,NA
2026-09-03,Monthly,2014-08-01,2014-08-31,Metro,"Miami, FL metro area",NA,NA,NA,NA,NA,NA,NA,NA
2026-09-03,Monthly,2014-08-01,2014-08-31,Metro,"Milwaukee, WI metro area",NA,NA,NA,NA,NA,NA,NA,NA
2026-09-03,Monthly,2014-08-01,2014-08-31,Metro,"Minneapolis, MN metro area",NA,NA,NA,NA,NA,NA,NA,NA
2026-09-03,Monthly,2014-08-01,2014-08-31,Metro,"Montgomery County, PA metro area",NA,NA,NA,NA,NA,NA,NA,NA
2026-09-03,Monthly,2014-08-01,2014-08-31,Metro,"Nashville, TN metro area",NA,NA,NA,NA,NA,NA,NA,NA
2026-09-03,Monthly,2014-08-01,2014-08-31,Metro,"Nassau County, NY metro area",NA,NA,NA,NA,NA,NA,NA,NA
2026-09-03,Monthly,2014-08-01,2014-08-31,Metro,"New Brunswick, NJ metro area",NA,NA,NA,NA,NA,NA,NA,NA
2026-09-03,Monthly,2014-08-01,2014-08-31,Metro,"New York, NY metro area",NA,NA,NA,NA,NA,NA,NA,NA
2026-09-03,Monthly,2014-08-01,2014-08-31,Metro,"Newark, NJ metro area",NA,NA,NA,NA,NA,NA,NA,NA
2026-09-03,Monthly,2014-08-01,2014-08-31,Metro,"Oakland, CA metro area",NA,NA,NA,NA,NA,NA,NA,NA
2026-09-03,Monthly,2014-08-01,2014-08-31,Metro,"Orlando, FL metro area",NA,NA,NA,NA,NA,NA,NA,NA
2026-09-03,Monthly,2014-08-01,2014-08-31,Metro,"Philadelphia, PA metro area",NA,NA,NA,NA,NA,NA,NA,NA
2026-09-03,Monthly,2014-08-01,2014-08-31,Metro,"Phoenix, AZ metro area",NA,NA,NA,NA,NA,NA,NA,NA
2026-09-03,Monthly,2014-08-01,2014-08-31,Metro,"Pittsburgh, PA metro area",NA,NA,NA,NA,NA,NA,NA,NA
2026-09-03,Monthly,2014-08-01,2014-08-31,Metro,"Portland, OR metro area",NA,NA,NA,NA,NA,NA,NA,NA
2026-09-03,Monthly,2014-08-01,2014-08-31,Metro,"Providence, RI metro area",NA,NA,NA,NA,NA,NA,NA,NA
2026-09-03,Monthly,2014-08-01,2014-08-31,Metro,"Riverside, CA metro area",NA,NA,NA,NA,NA,NA,NA,NA
2026-09-03,Monthly,2014-08-01,2014-08-31,Metro,"Sacramento, CA metro area",NA,NA,NA,NA,NA,NA,NA,NA
2026-09-03,Monthly,2014-08-01,2014-08-31,Metro,"San Antonio, TX metro area",NA,NA,NA,NA,NA,NA,NA,NA
2026-09-03,Monthly,2014-08-01,2014-08-31,Metro,"San Diego, CA metro area",NA,NA,NA,NA,NA,NA,NA,NA
2026-09-03,Monthly,2014-08-01,2014-08-31,Metro,"San Francisco, CA metro area",NA,NA,NA,NA,NA,NA,NA,NA
2026-09-03,Monthly,2014-08-01,2014-08-31,Metro,"San Jose, CA metro area",NA,NA,NA,NA,NA,NA,NA,NA
2026-09-03,Monthly,2014-08-01,2014-08-31,Metro,"Seattle, WA metro area",NA,NA,NA,NA,NA,NA,NA,NA
2026-09-03,Monthly,2014-08-01,2014-08-31,Metro,"St. Louis, MO metro area",NA,NA,NA,NA,NA,NA,NA,NA
2026-09-03,Monthly,2014-08-01,2014-08-31,Metro,"Tampa, FL metro area",NA,NA,NA,NA,NA,NA,NA,NA
2026-09-03,Monthly,2014-08-01,2014-08-31,Metro,"Virginia Beach, VA metro area",NA,NA,NA,NA,NA,NA,NA,NA
2026-09-03,Monthly,2014-08-01,2014-08-31,Metro,"Warren, MI metro area",NA,NA,NA,NA,NA,NA,NA,NA
2026-09-03,Monthly,2014-08-01,2014-08-31,Metro,"Washington, DC metro area",NA,NA,NA,NA,NA,NA,NA,NA
2026-09-03,Monthly,2014-08-01,2014-08-31,Metro,"West Palm Beach, FL metro area",NA,NA,NA,NA,NA,NA,NA,NA
2026-09-03,Monthly,2014-07-01,2014-07-31,Metro,"Anaheim, CA metro area",NA,NA,NA,NA,NA,NA,NA,NA
2026-09-03,Monthly,2014-07-01,2014-07-31,Metro,"Atlanta, GA metro area",NA,NA,NA,NA,NA,NA,NA,NA
2026-09-03,Monthly,2014-07-01,2014-07-31,Metro,"Austin, TX metro area",NA,NA,NA,NA,NA,NA,NA,NA
2026-09-03,Monthly,2014-07-01,2014-07-31,Metro,"Baltimore, MD metro area",NA,NA,NA,NA,NA,NA,NA,NA
2026-09-03,Monthly,2014-07-01,2014-07-31,Metro,"Boston, MA metro area",NA,NA,NA,NA,NA,NA,NA,NA
2026-09-03,Monthly,2014-07-01,2014-07-31,Metro,"Charlotte, NC metro area",NA,NA,NA,NA,NA,NA,NA,NA
2026-09-03,Monthly,2014-07-01,2014-07-31,Metro,"Chicago, IL metro area",NA,NA,NA,NA,NA,NA,NA,NA
2026-09-03,Monthly,2014-07-01,2014-07-31,Metro,"Cincinnati, OH metro area",NA,NA,NA,NA,NA,NA,NA,NA
2026-09-03,Monthly,2014-07-01,2014-07-31,Metro,"Cleveland, OH metro area",NA,NA,NA,NA,NA,NA,NA,NA
2026-09-03,Monthly,2014-07-01,2014-07-31,Metro,"Columbus, OH metro area",NA,NA,NA,NA,NA,NA,NA,NA
2026-09-03,Monthly,2014-07-01,2014-07-31,Metro,"Dallas, TX metro area",NA,NA,NA,NA,NA,NA,NA,NA
2026-09-03,Monthly,2014-07-01,2014-07-31,Metro,"Denver, CO metro area",NA,NA,NA,NA,NA,NA,NA,NA
2026-09-03,Monthly,2014-07-01,2014-07-31,Metro,"Detroit, MI metro area",NA,NA,NA,NA,NA,NA,NA,NA
2026-09-03,Monthly,2014-07-01,2014-07-31,Metro,"Fort Lauderdale, FL metro area",NA,NA,NA,NA,NA,NA,NA,NA
2026-09-03,Monthly,2014-07-01,2014-07-31,Metro,"Fort Worth, TX metro area",NA,NA,NA,NA,NA,NA,NA,NA
2026-09-03,Monthly,2014-07-01,2014-07-31,Metro,"Houston, TX metro area",NA,NA,NA,NA,NA,NA,NA,NA
2026-09-03,Monthly,2014-07-01,2014-07-31,Metro,"Indianapolis, IN metro area",NA,NA,NA,NA,NA,NA,NA,NA
2026-09-03,Monthly,2014-07-01,2014-07-31,Metro,"Jacksonville, FL metro area",NA,NA,NA,NA,NA,NA,NA,NA
2026-09-03,Monthly,2014-07-01,2014-07-31,Metro,"Kansas City, MO metro area",NA,NA,NA,NA,NA,NA,NA,NA
2026-09-03,Monthly,2014-07-01,2014-07-31,Metro,"Las Vegas, NV metro area",NA,NA,NA,NA,NA,NA,NA,NA
2026-09-03,Monthly,2014-07-01,2014-07-31,Metro,"Los Angeles, CA metro area",NA,NA,NA,NA,NA,NA,NA,NA
2026-09-03,Monthly,2014-07-01,2014-07-31,Metro,"Miami, FL metro area",NA,NA,NA,NA,NA,NA,NA,NA
2026-09-03,Monthly,2014-07-01,2014-07-31,Metro,"Milwaukee, WI metro area",NA,NA,NA,NA,NA,NA,NA,NA
2026-09-03,Monthly,2014-07-01,2014-07-31,Metro,"Minneapolis, MN metro area",NA,NA,NA,NA,NA,NA,NA,NA
2026-09-03,Monthly,2014-07-01,2014-07-31,Metro,"Montgomery County, PA metro area",NA,NA,NA,NA,NA,NA,NA,NA
2026-09-03,Monthly,2014-07-01,2014-07-31,Metro,"Nashville, TN metro area",NA,NA,NA,NA,NA,NA,NA,NA
2026-09-03,Monthly,2014-07-01,2014-07-31,Metro,"Nassau County, NY metro area",NA,NA,NA,NA,NA,NA,NA,NA
2026-09-03,Monthly,2014-07-01,2014-07-31,Metro,"New Brunswick, NJ metro area",NA,NA,NA,NA,NA,NA,NA,NA
2026-09-03,Monthly,2014-07-01,2014-07-31,Metro,"New York, NY metro area",NA,NA,NA,NA,NA,NA,NA,NA
2026-09-03,Monthly,2014-07-01,2014-07-31,Metro,"Newark, NJ metro area",NA,NA,NA,NA,NA,NA,NA,NA
2026-09-03,Monthly,2014-07-01,2014-07-31,Metro,"Oakland, CA metro area",NA,NA,NA,NA,NA,NA,NA,NA
2026-09-03,Monthly,2014-07-01,2014-07-31,Metro,"Orlando, FL metro area",NA,NA,NA,NA,NA,NA,NA,NA
2026-09-03,Monthly,2014-07-01,2014-07-31,Metro,"Philadelphia, PA metro area",NA,NA,NA,NA,NA,NA,NA,NA
2026-09-03,Monthly,2014-07-01,2014-07-31,Metro,"Phoenix, AZ metro area",NA,NA,NA,NA,NA,NA,NA,NA
2026-09-03,Monthly,2014-07-01,2014-07-31,Metro,"Pittsburgh, PA metro area",NA,NA,NA,NA,NA,NA,NA,NA
2026-09-03,Monthly,2014-07-01,2014-07-31,Metro,"Portland, OR metro area",NA,NA,NA,NA,NA,NA,NA,NA
2026-09-03,Monthly,2014-07-01,2014-07-31,Metro,"Providence, RI metro area",NA,NA,NA,NA,NA,NA,NA,NA
2026-09-03,Monthly,2014-07-01,2014-07-31,Metro,"Riverside, CA metro area",NA,NA,NA,NA,NA,NA,NA,NA
2026-09-03,Monthly,2014-07-01,2014-07-31,Metro,"Sacramento, CA metro area",NA,NA,NA,NA,NA,NA,NA,NA
2026-09-03,Monthly,2014-07-01,2014-07-31,Metro,"San Antonio, TX metro area",NA,NA,NA,NA,NA,NA,NA,NA
2026-09-03,Monthly,2014-07-01,2014-07-31,Metro,"San Diego, CA metro area",NA,NA,NA,NA,NA,NA,NA,NA
2026-09-03,Monthly,2014-07-01,2014-07-31,Metro,"San Francisco, CA metro area",NA,NA,NA,NA,NA,NA,NA,NA
2026-09-03,Monthly,2014-07-01,2014-07-31,Metro,"San Jose, CA metro area",NA,NA,NA,NA,NA,NA,NA,NA
2026-09-03,Monthly,2014-07-01,2014-07-31,Metro,"Seattle, WA metro area",NA,NA,NA,NA,NA,NA,NA,NA
2026-09-03,Monthly,2014-07-01,2014-07-31,Metro,"St. Louis, MO metro area",NA,NA,NA,NA,NA,NA,NA,NA
2026-09-03,Monthly,2014-07-01,2014-07-31,Metro,"Tampa, FL metro area",NA,NA,NA,NA,NA,NA,NA,NA
2026-09-03,Monthly,2014-07-01,2014-07-31,Metro,"Virginia Beach, VA metro area",NA,NA,NA,NA,NA,NA,NA,NA
2026-09-03,Monthly,2014-07-01,2014-07-31,Metro,"Warren, MI metro area",NA,NA,NA,NA,NA,NA,NA,NA
2026-09-03,Monthly,2014-07-01,2014-07-31,Metro,"Washington, DC metro area",NA,NA,NA,NA,NA,NA,NA,NA
2026-09-03,Monthly,2014-07-01,2014-07-31,Metro,"West Palm Beach, FL metro area",NA,NA,NA,NA,NA,NA,NA,NA
2026-09-03,Monthly,2014-06-01,2014-06-30,Metro,"Anaheim, CA metro area",NA,NA,NA,NA,NA,NA,NA,NA
2026-09-03,Monthly,2014-06-01,2014-06-30,Metro,"Atlanta, GA metro area",NA,NA,NA,NA,NA,NA,NA,NA
2026-09-03,Monthly,2014-06-01,2014-06-30,Metro,"Austin, TX metro area",NA,NA,NA,NA,NA,NA,NA,NA
2026-09-03,Monthly,2014-06-01,2014-06-30,Metro,"Baltimore, MD metro area",NA,NA,NA,NA,NA,NA,NA,NA
2026-09-03,Monthly,2014-06-01,2014-06-30,Metro,"Boston, MA metro area",NA,NA,NA,NA,NA,NA,NA,NA
2026-09-03,Monthly,2014-06-01,2014-06-30,Metro,"Charlotte, NC metro area",NA,NA,NA,NA,NA,NA,NA,NA
2026-09-03,Monthly,2014-06-01,2014-06-30,Metro,"Chicago, IL metro area",NA,NA,NA,NA,NA,NA,NA,NA
2026-09-03,Monthly,2014-06-01,2014-06-30,Metro,"Cincinnati, OH metro area",NA,NA,NA,NA,NA,NA,NA,NA
2026-09-03,Monthly,2014-06-01,2014-06-30,Metro,"Cleveland, OH metro area",NA,NA,NA,NA,NA,NA,NA,NA
2026-09-03,Monthly,2014-06-01,2014-06-30,Metro,"Columbus, OH metro area",NA,NA,NA,NA,NA,NA,NA,NA
2026-09-03,Monthly,2014-06-01,2014-06-30,Metro,"Dallas, TX metro area",NA,NA,NA,NA,NA,NA,NA,NA
2026-09-03,Monthly,2014-06-01,2014-06-30,Metro,"Denver, CO metro area",NA,NA,NA,NA,NA,NA,NA,NA
2026-09-03,Monthly,2014-06-01,2014-06-30,Metro,"Detroit, MI metro area",NA,NA,NA,NA,NA,NA,NA,NA
2026-09-03,Monthly,2014-06-01,2014-06-30,Metro,"Fort Lauderdale, FL metro area",NA,NA,NA,NA,NA,NA,NA,NA
2026-09-03,Monthly,2014-06-01,2014-06-30,Metro,"Fort Worth, TX metro area",NA,NA,NA,NA,NA,NA,NA,NA
2026-09-03,Monthly,2014-06-01,2014-06-30,Metro,"Houston, TX metro area",NA,NA,NA,NA,NA,NA,NA,NA
2026-09-03,Monthly,2014-06-01,2014-06-30,Metro,"Indianapolis, IN metro area",NA,NA,NA,NA,NA,NA,NA,NA
2026-09-03,Monthly,2014-06-01,2014-06-30,Metro,"Jacksonville, FL metro area",NA,NA,NA,NA,NA,NA,NA,NA
2026-09-03,Monthly,2014-06-01,2014-06-30,Metro,"Kansas City, MO metro area",NA,NA,NA,NA,NA,NA,NA,NA
2026-09-03,Monthly,2014-06-01,2014-06-30,Metro,"Las Vegas, NV metro area",NA,NA,NA,NA,NA,NA,NA,NA
2026-09-03,Monthly,2014-06-01,2014-06-30,Metro,"Los Angeles, CA metro area",NA,NA,NA,NA,NA,NA,NA,NA
2026-09-03,Monthly,2014-06-01,2014-06-30,Metro,"Miami, FL metro area",NA,NA,NA,NA,NA,NA,NA,NA
2026-09-03,Monthly,2014-06-01,2014-06-30,Metro,"Milwaukee, WI metro area",NA,NA,NA,NA,NA,NA,NA,NA
2026-09-03,Monthly,2014-06-01,2014-06-30,Metro,"Minneapolis, MN metro area",NA,NA,NA,NA,NA,NA,NA,NA
2026-09-03,Monthly,2014-06-01,2014-06-30,Metro,"Montgomery County, PA metro area",NA,NA,NA,NA,NA,NA,NA,NA
2026-09-03,Monthly,2014-06-01,2014-06-30,Metro,"Nashville, TN metro area",NA,NA,NA,NA,NA,NA,NA,NA
2026-09-03,Monthly,2014-06-01,2014-06-30,Metro,"Nassau County, NY metro area",NA,NA,NA,NA,NA,NA,NA,NA
2026-09-03,Monthly,2014-06-01,2014-06-30,Metro,"New Brunswick, NJ metro area",NA,NA,NA,NA,NA,NA,NA,NA
2026-09-03,Monthly,2014-06-01,2014-06-30,Metro,"New York, NY metro area",NA,NA,NA,NA,NA,NA,NA,NA
2026-09-03,Monthly,2014-06-01,2014-06-30,Metro,"Newark, NJ metro area",NA,NA,NA,NA,NA,NA,NA,NA
2026-09-03,Monthly,2014-06-01,2014-06-30,Metro,"Oakland, CA metro area",NA,NA,NA,NA,NA,NA,NA,NA
2026-09-03,Monthly,2014-06-01,2014-06-30,Metro,"Orlando, FL metro area",NA,NA,NA,NA,NA,NA,NA,NA
2026-09-03,Monthly,2014-06-01,2014-06-30,Metro,"Philadelphia, PA metro area",NA,NA,NA,NA,NA,NA,NA,NA
2026-09-03,Monthly,2014-06-01,2014-06-30,Metro,"Phoenix, AZ metro area",NA,NA,NA,NA,NA,NA,NA,NA
2026-09-03,Monthly,2014-06-01,2014-06-30,Metro,"Pittsburgh, PA metro area",NA,NA,NA,NA,NA,NA,NA,NA
2026-09-03,Monthly,2014-06-01,2014-06-30,Metro,"Portland, OR metro area",NA,NA,NA,NA,NA,NA,NA,NA
2026-09-03,Monthly,2014-06-01,2014-06-30,Metro,"Providence, RI metro area",NA,NA,NA,NA,NA,NA,NA,NA
2026-09-03,Monthly,2014-06-01,2014-06-30,Metro,"Riverside, CA metro area",NA,NA,NA,NA,NA,NA,NA,NA
2026-09-03,Monthly,2014-06-01,2014-06-30,Metro,"Sacramento, CA metro area",NA,NA,NA,NA,NA,NA,NA,NA
2026-09-03,Monthly,2014-06-01,2014-06-30,Metro,"San Antonio, TX metro area",NA,NA,NA,NA,NA,NA,NA,NA
2026-09-03,Monthly,2014-06-01,2014-06-30,Metro,"San Diego, CA metro area",NA,NA,NA,NA,NA,NA,NA,NA
2026-09-03,Monthly,2014-06-01,2014-06-30,Metro,"San Francisco, CA metro area",NA,NA,NA,NA,NA,NA,NA,NA
2026-09-03,Monthly,2014-06-01,2014-06-30,Metro,"San Jose, CA metro area",NA,NA,NA,NA,NA,NA,NA,NA
2026-09-03,Monthly,2014-06-01,2014-06-30,Metro,"Seattle, WA metro area",NA,NA,NA,NA,NA,NA,NA,NA
2026-09-03,Monthly,2014-06-01,2014-06-30,Metro,"St. Louis, MO metro area",NA,NA,NA,NA,NA,NA,NA,NA
2026-09-03,Monthly,2014-06-01,2014-06-30,Metro,"Tampa, FL metro area",NA,NA,NA,NA,NA,NA,NA,NA
2026-09-03,Monthly,2014-06-01,2014-06-30,Metro,"Virginia Beach, VA metro area",NA,NA,NA,NA,NA,NA,NA,NA
2026-09-03,Monthly,2014-06-01,2014-06-30,Metro,"Warren, MI metro area",NA,NA,NA,NA,NA,NA,NA,NA
2026-09-03,Monthly,2014-06-01,2014-06-30,Metro,"Washington, DC metro area",NA,NA,NA,NA,NA,NA,NA,NA
2026-09-03,Monthly,2014-06-01,2014-06-30,Metro,"West Palm Beach, FL metro area",NA,NA,NA,NA,NA,NA,NA,NA
2026-09-03,Monthly,2014-05-01,2014-05-31,Metro,"Anaheim, CA metro area",NA,NA,NA,NA,NA,NA,NA,NA
2026-09-03,Monthly,2014-05-01,2014-05-31,Metro,"Atlanta, GA metro area",NA,NA,NA,NA,NA,NA,NA,NA
2026-09-03,Monthly,2014-05-01,2014-05-31,Metro,"Austin, TX metro area",NA,NA,NA,NA,NA,NA,NA,NA
2026-09-03,Monthly,2014-05-01,2014-05-31,Metro,"Baltimore, MD metro area",NA,NA,NA,NA,NA,NA,NA,NA
2026-09-03,Monthly,2014-05-01,2014-05-31,Metro,"Boston, MA metro area",NA,NA,NA,NA,NA,NA,NA,NA
2026-09-03,Monthly,2014-05-01,2014-05-31,Metro,"Charlotte, NC metro area",NA,NA,NA,NA,NA,NA,NA,NA
2026-09-03,Monthly,2014-05-01,2014-05-31,Metro,"Chicago, IL metro area",NA,NA,NA,NA,NA,NA,NA,NA
2026-09-03,Monthly,2014-05-01,2014-05-31,Metro,"Cincinnati, OH metro area",NA,NA,NA,NA,NA,NA,NA,NA
2026-09-03,Monthly,2014-05-01,2014-05-31,Metro,"Cleveland, OH metro area",NA,NA,NA,NA,NA,NA,NA,NA
2026-09-03,Monthly,2014-05-01,2014-05-31,Metro,"Columbus, OH metro area",NA,NA,NA,NA,NA,NA,NA,NA
2026-09-03,Monthly,2014-05-01,2014-05-31,Metro,"Dallas, TX metro area",NA,NA,NA,NA,NA,NA,NA,NA
2026-09-03,Monthly,2014-05-01,2014-05-31,Metro,"Denver, CO metro area",NA,NA,NA,NA,NA,NA,NA,NA
2026-09-03,Monthly,2014-05-01,2014-05-31,Metro,"Detroit, MI metro area",NA,NA,NA,NA,NA,NA,NA,NA
2026-09-03,Monthly,2014-05-01,2014-05-31,Metro,"Fort Lauderdale, FL metro area",NA,NA,NA,NA,NA,NA,NA,NA
2026-09-03,Monthly,2014-05-01,2014-05-31,Metro,"Fort Worth, TX metro area",NA,NA,NA,NA,NA,NA,NA,NA
2026-09-03,Monthly,2014-05-01,2014-05-31,Metro,"Houston, TX metro area",NA,NA,NA,NA,NA,NA,NA,NA
2026-09-03,Monthly,2014-05-01,2014-05-31,Metro,"Indianapolis, IN metro area",NA,NA,NA,NA,NA,NA,NA,NA
2026-09-03,Monthly,2014-05-01,2014-05-31,Metro,"Jacksonville, FL metro area",NA,NA,NA,NA,NA,NA,NA,NA
2026-09-03,Monthly,2014-05-01,2014-05-31,Metro,"Kansas City, MO metro area",NA,NA,NA,NA,NA,NA,NA,NA
2026-09-03,Monthly,2014-05-01,2014-05-31,Metro,"Las Vegas, NV metro area",NA,NA,NA,NA,NA,NA,NA,NA
2026-09-03,Monthly,2014-05-01,2014-05-31,Metro,"Los Angeles, CA metro area",NA,NA,NA,NA,NA,NA,NA,NA
2026-09-03,Monthly,2014-05-01,2014-05-31,Metro,"Miami, FL metro area",NA,NA,NA,NA,NA,NA,NA,NA
2026-09-03,Monthly,2014-05-01,2014-05-31,Metro,"Milwaukee, WI metro area",NA,NA,NA,NA,NA,NA,NA,NA
2026-09-03,Monthly,2014-05-01,2014-05-31,Metro,"Minneapolis, MN metro area",NA,NA,NA,NA,NA,NA,NA,NA
2026-09-03,Monthly,2014-05-01,2014-05-31,Metro,"Montgomery County, PA metro area",NA,NA,NA,NA,NA,NA,NA,NA
2026-09-03,Monthly,2014-05-01,2014-05-31,Metro,"Nashville, TN metro area",NA,NA,NA,NA,NA,NA,NA,NA
2026-09-03,Monthly,2014-05-01,2014-05-31,Metro,"Nassau County, NY metro area",NA,NA,NA,NA,NA,NA,NA,NA
2026-09-03,Monthly,2014-05-01,2014-05-31,Metro,"New Brunswick, NJ metro area",NA,NA,NA,NA,NA,NA,NA,NA
2026-09-03,Monthly,2014-05-01,2014-05-31,Metro,"New York, NY metro area",NA,NA,NA,NA,NA,NA,NA,NA
2026-09-03,Monthly,2014-05-01,2014-05-31,Metro,"Newark, NJ metro area",NA,NA,NA,NA,NA,NA,NA,NA
2026-09-03,Monthly,2014-05-01,2014-05-31,Metro,"Oakland, CA metro area",NA,NA,NA,NA,NA,NA,NA,NA
2026-09-03,Monthly,2014-05-01,2014-05-31,Metro,"Orlando, FL metro area",NA,NA,NA,NA,NA,NA,NA,NA
2026-09-03,Monthly,2014-05-01,2014-05-31,Metro,"Philadelphia, PA metro area",NA,NA,NA,NA,NA,NA,NA,NA
2026-09-03,Monthly,2014-05-01,2014-05-31,Metro,"Phoenix, AZ metro area",NA,NA,NA,NA,NA,NA,NA,NA
2026-09-03,Monthly,2014-05-01,2014-05-31,Metro,"Pittsburgh, PA metro area",NA,NA,NA,NA,NA,NA,NA,NA
2026-09-03,Monthly,2014-05-01,2014-05-31,Metro,"Portland, OR metro area",NA,NA,NA,NA,NA,NA,NA,NA
2026-09-03,Monthly,2014-05-01,2014-05-31,Metro,"Providence, RI metro area",NA,NA,NA,NA,NA,NA,NA,NA
2026-09-03,Monthly,2014-05-01,2014-05-31,Metro,"Riverside, CA metro area",NA,NA,NA,NA,NA,NA,NA,NA
2026-09-03,Monthly,2014-05-01,2014-05-31,Metro,"Sacramento, CA metro area",NA,NA,NA,NA,NA,NA,NA,NA
2026-09-03,Monthly,2014-05-01,2014-05-31,Metro,"San Antonio, TX metro area",NA,NA,NA,NA,NA,NA,NA,NA
2026-09-03,Monthly,2014-05-01,2014-05-31,Metro,"San Diego, CA metro area",NA,NA,NA,NA,NA,NA,NA,NA
2026-09-03,Monthly,2014-05-01,2014-05-31,Metro,"San Francisco, CA metro area",NA,NA,NA,NA,NA,NA,NA,NA
2026-09-03,Monthly,2014-05-01,2014-05-31,Metro,"San Jose, CA metro area",NA,NA,NA,NA,NA,NA,NA,NA
2026-09-03,Monthly,2014-05-01,2014-05-31,Metro,"Seattle, WA metro area",NA,NA,NA,NA,NA,NA,NA,NA
2026-09-03,Monthly,2014-05-01,2014-05-31,Metro,"St. Louis, MO metro area",NA,NA,NA,NA,NA,NA,NA,NA
2026-09-03,Monthly,2014-05-01,2014-05-31,Metro,"Tampa, FL metro area",NA,NA,NA,NA,NA,NA,NA,NA
2026-09-03,Monthly,2014-05-01,2014-05-31,Metro,"Virginia Beach, VA metro area",NA,NA,NA,NA,NA,NA,NA,NA
2026-09-03,Monthly,2014-05-01,2014-05-31,Metro,"Warren, MI metro area",NA,NA,NA,NA,NA,NA,NA,NA
2026-09-03,Monthly,2014-05-01,2014-05-31,Metro,"Washington, DC metro area",NA,NA,NA,NA,NA,NA,NA,NA
2026-09-03,Monthly,2014-05-01,2014-05-31,Metro,"West Palm Beach, FL metro area",NA,NA,NA,NA,NA,NA,NA,NA
2026-09-03,Monthly,2014-04-01,2014-04-30,Metro,"Anaheim, CA metro area",NA,NA,NA,NA,NA,NA,NA,NA
2026-09-03,Monthly,2014-04-01,2014-04-30,Metro,"Atlanta, GA metro area",NA,NA,NA,NA,NA,NA,NA,NA
2026-09-03,Monthly,2014-04-01,2014-04-30,Metro,"Austin, TX metro area",NA,NA,NA,NA,NA,NA,NA,NA
2026-09-03,Monthly,2014-04-01,2014-04-30,Metro,"Baltimore, MD metro area",NA,NA,NA,NA,NA,NA,NA,NA
2026-09-03,Monthly,2014-04-01,2014-04-30,Metro,"Boston, MA metro area",NA,NA,NA,NA,NA,NA,NA,NA
2026-09-03,Monthly,2014-04-01,2014-04-30,Metro,"Charlotte, NC metro area",NA,NA,NA,NA,NA,NA,NA,NA
2026-09-03,Monthly,2014-04-01,2014-04-30,Metro,"Chicago, IL metro area",NA,NA,NA,NA,NA,NA,NA,NA
2026-09-03,Monthly,2014-04-01,2014-04-30,Metro,"Cincinnati, OH metro area",NA,NA,NA,NA,NA,NA,NA,NA
2026-09-03,Monthly,2014-04-01,2014-04-30,Metro,"Cleveland, OH metro area",NA,NA,NA,NA,NA,NA,NA,NA
2026-09-03,Monthly,2014-04-01,2014-04-30,Metro,"Columbus, OH metro area",NA,NA,NA,NA,NA,NA,NA,NA
2026-09-03,Monthly,2014-04-01,2014-04-30,Metro,"Dallas, TX metro area",NA,NA,NA,NA,NA,NA,NA,NA
2026-09-03,Monthly,2014-04-01,2014-04-30,Metro,"Denver, CO metro area",NA,NA,NA,NA,NA,NA,NA,NA
2026-09-03,Monthly,2014-04-01,2014-04-30,Metro,"Detroit, MI metro area",NA,NA,NA,NA,NA,NA,NA,NA
2026-09-03,Monthly,2014-04-01,2014-04-30,Metro,"Fort Lauderdale, FL metro area",NA,NA,NA,NA,NA,NA,NA,NA
2026-09-03,Monthly,2014-04-01,2014-04-30,Metro,"Fort Worth, TX metro area",NA,NA,NA,NA,NA,NA,NA,NA
2026-09-03,Monthly,2014-04-01,2014-04-30,Metro,"Houston, TX metro area",NA,NA,NA,NA,NA,NA,NA,NA
2026-09-03,Monthly,2014-04-01,2014-04-30,Metro,"Indianapolis, IN metro area",NA,NA,NA,NA,NA,NA,NA,NA
2026-09-03,Monthly,2014-04-01,2014-04-30,Metro,"Jacksonville, FL metro area",NA,NA,NA,NA,NA,NA,NA,NA
2026-09-03,Monthly,2014-04-01,2014-04-30,Metro,"Kansas City, MO metro area",NA,NA,NA,NA,NA,NA,NA,NA
2026-09-03,Monthly,2014-04-01,2014-04-30,Metro,"Las Vegas, NV metro area",NA,NA,NA,NA,NA,NA,NA,NA
2026-09-03,Monthly,2014-04-01,2014-04-30,Metro,"Los Angeles, CA metro area",NA,NA,NA,NA,NA,NA,NA,NA
2026-09-03,Monthly,2014-04-01,2014-04-30,Metro,"Miami, FL metro area",NA,NA,NA,NA,NA,NA,NA,NA
2026-09-03,Monthly,2014-04-01,2014-04-30,Metro,"Milwaukee, WI metro area",NA,NA,NA,NA,NA,NA,NA,NA
2026-09-03,Monthly,2014-04-01,2014-04-30,Metro,"Minneapolis, MN metro area",NA,NA,NA,NA,NA,NA,NA,NA
2026-09-03,Monthly,2014-04-01,2014-04-30,Metro,"Montgomery County, PA metro area",NA,NA,NA,NA,NA,NA,NA,NA
2026-09-03,Monthly,2014-04-01,2014-04-30,Metro,"Nashville, TN metro area",NA,NA,NA,NA,NA,NA,NA,NA
2026-09-03,Monthly,2014-04-01,2014-04-30,Metro,"Nassau County, NY metro area",NA,NA,NA,NA,NA,NA,NA,NA
2026-09-03,Monthly,2014-04-01,2014-04-30,Metro,"New Brunswick, NJ metro area",NA,NA,NA,NA,NA,NA,NA,NA
2026-09-03,Monthly,2014-04-01,2014-04-30,Metro,"New York, NY metro area",NA,NA,NA,NA,NA,NA,NA,NA
2026-09-03,Monthly,2014-04-01,2014-04-30,Metro,"Newark, NJ metro area",NA,NA,NA,NA,NA,NA,NA,NA
2026-09-03,Monthly,2014-04-01,2014-04-30,Metro,"Oakland, CA metro area",NA,NA,NA,NA,NA,NA,NA,NA
2026-09-03,Monthly,2014-04-01,2014-04-30,Metro,"Orlando, FL metro area",NA,NA,NA,NA,NA,NA,NA,NA
2026-09-03,Monthly,2014-04-01,2014-04-30,Metro,"Philadelphia, PA metro area",NA,NA,NA,NA,NA,NA,NA,NA
2026-09-03,Monthly,2014-04-01,2014-04-30,Metro,"Phoenix, AZ metro area",NA,NA,NA,NA,NA,NA,NA,NA
2026-09-03,Monthly,2014-04-01,2014-04-30,Metro,"Pittsburgh, PA metro area",NA,NA,NA,NA,NA,NA,NA,NA
2026-09-03,Monthly,2014-04-01,2014-04-30,Metro,"Portland, OR metro area",NA,NA,NA,NA,NA,NA,NA,NA
2026-09-03,Monthly,2014-04-01,2014-04-30,Metro,"Providence, RI metro area",NA,NA,NA,NA,NA,NA,NA,NA
2026-09-03,Monthly,2014-04-01,2014-04-30,Metro,"Riverside, CA metro area",NA,NA,NA,NA,NA,NA,NA,NA
2026-09-03,Monthly,2014-04-01,2014-04-30,Metro,"Sacramento, CA metro area",NA,NA,NA,NA,NA,NA,NA,NA
2026-09-03,Monthly,2014-04-01,2014-04-30,Metro,"San Antonio, TX metro area",NA,NA,NA,NA,NA,NA,NA,NA
2026-09-03,Monthly,2014-04-01,2014-04-30,Metro,"San Diego, CA metro area",NA,NA,NA,NA,NA,NA,NA,NA
2026-09-03,Monthly,2014-04-01,2014-04-30,Metro,"San Francisco, CA metro area",NA,NA,NA,NA,NA,NA,NA,NA
2026-09-03,Monthly,2014-04-01,2014-04-30,Metro,"San Jose, CA metro area",NA,NA,NA,NA,NA,NA,NA,NA
2026-09-03,Monthly,2014-04-01,2014-04-30,Metro,"Seattle, WA metro area",NA,NA,NA,NA,NA,NA,NA,NA
2026-09-03,Monthly,2014-04-01,2014-04-30,Metro,"St. Louis, MO metro area",NA,NA,NA,NA,NA,NA,NA,NA
2026-09-03,Monthly,2014-04-01,2014-04-30,Metro,"Tampa, FL metro area",NA,NA,NA,NA,NA,NA,NA,NA
2026-09-03,Monthly,2014-04-01,2014-04-30,Metro,"Virginia Beach, VA metro area",NA,NA,NA,NA,NA,NA,NA,NA
2026-09-03,Monthly,2014-04-01,2014-04-30,Metro,"Warren, MI metro area",NA,NA,NA,NA,NA,NA,NA,NA
2026-09-03,Monthly,2014-04-01,2014-04-30,Metro,"Washington, DC metro area",NA,NA,NA,NA,NA,NA,NA,NA
2026-09-03,Monthly,2014-04-01,2014-04-30,Metro,"West Palm Beach, FL metro area",NA,NA,NA,NA,NA,NA,NA,NA
2026-09-03,Monthly,2014-03-01,2014-03-31,Metro,"Anaheim, CA metro area",NA,NA,NA,NA,NA,NA,NA,NA
2026-09-03,Monthly,2014-03-01,2014-03-31,Metro,"Atlanta, GA metro area",NA,NA,NA,NA,NA,NA,NA,NA
2026-09-03,Monthly,2014-03-01,2014-03-31,Metro,"Austin, TX metro area",NA,NA,NA,NA,NA,NA,NA,NA
2026-09-03,Monthly,2014-03-01,2014-03-31,Metro,"Baltimore, MD metro area",NA,NA,NA,NA,NA,NA,NA,NA
2026-09-03,Monthly,2014-03-01,2014-03-31,Metro,"Boston, MA metro area",NA,NA,NA,NA,NA,NA,NA,NA
2026-09-03,Monthly,2014-03-01,2014-03-31,Metro,"Charlotte, NC metro area",NA,NA,NA,NA,NA,NA,NA,NA
2026-09-03,Monthly,2014-03-01,2014-03-31,Metro,"Chicago, IL metro area",NA,NA,NA,NA,NA,NA,NA,NA
2026-09-03,Monthly,2014-03-01,2014-03-31,Metro,"Cincinnati, OH metro area",NA,NA,NA,NA,NA,NA,NA,NA
2026-09-03,Monthly,2014-03-01,2014-03-31,Metro,"Cleveland, OH metro area",NA,NA,NA,NA,NA,NA,NA,NA
2026-09-03,Monthly,2014-03-01,2014-03-31,Metro,"Columbus, OH metro area",NA,NA,NA,NA,NA,NA,NA,NA
2026-09-03,Monthly,2014-03-01,2014-03-31,Metro,"Dallas, TX metro area",NA,NA,NA,NA,NA,NA,NA,NA
2026-09-03,Monthly,2014-03-01,2014-03-31,Metro,"Denver, CO metro area",NA,NA,NA,NA,NA,NA,NA,NA
2026-09-03,Monthly,2014-03-01,2014-03-31,Metro,"Detroit, MI metro area",NA,NA,NA,NA,NA,NA,NA,NA
2026-09-03,Monthly,2014-03-01,2014-03-31,Metro,"Fort Lauderdale, FL metro area",NA,NA,NA,NA,NA,NA,NA,NA
2026-09-03,Monthly,2014-03-01,2014-03-31,Metro,"Fort Worth, TX metro area",NA,NA,NA,NA,NA,NA,NA,NA
2026-09-03,Monthly,2014-03-01,2014-03-31,Metro,"Houston, TX metro area",NA,NA,NA,NA,NA,NA,NA,NA
2026-09-03,Monthly,2014-03-01,2014-03-31,Metro,"Indianapolis, IN metro area",NA,NA,NA,NA,NA,NA,NA,NA
2026-09-03,Monthly,2014-03-01,2014-03-31,Metro,"Jacksonville, FL metro area",NA,NA,NA,NA,NA,NA,NA,NA
2026-09-03,Monthly,2014-03-01,2014-03-31,Metro,"Kansas City, MO metro area",NA,NA,NA,NA,NA,NA,NA,NA
2026-09-03,Monthly,2014-03-01,2014-03-31,Metro,"Las Vegas, NV metro area",NA,NA,NA,NA,NA,NA,NA,NA
2026-09-03,Monthly,2014-03-01,2014-03-31,Metro,"Los Angeles, CA metro area",NA,NA,NA,NA,NA,NA,NA,NA
2026-09-03,Monthly,2014-03-01,2014-03-31,Metro,"Miami, FL metro area",NA,NA,NA,NA,NA,NA,NA,NA
2026-09-03,Monthly,2014-03-01,2014-03-31,Metro,"Milwaukee, WI metro area",NA,NA,NA,NA,NA,NA,NA,NA
2026-09-03,Monthly,2014-03-01,2014-03-31,Metro,"Minneapolis, MN metro area",NA,NA,NA,NA,NA,NA,NA,NA
2026-09-03,Monthly,2014-03-01,2014-03-31,Metro,"Montgomery County, PA metro area",NA,NA,NA,NA,NA,NA,NA,NA
2026-09-03,Monthly,2014-03-01,2014-03-31,Metro,"Nashville, TN metro area",NA,NA,NA,NA,NA,NA,NA,NA
2026-09-03,Monthly,2014-03-01,2014-03-31,Metro,"Nassau County, NY metro area",NA,NA,NA,NA,NA,NA,NA,NA
2026-09-03,Monthly,2014-03-01,2014-03-31,Metro,"New Brunswick, NJ metro area",NA,NA,NA,NA,NA,NA,NA,NA
2026-09-03,Monthly,2014-03-01,2014-03-31,Metro,"New York, NY metro area",NA,NA,NA,NA,NA,NA,NA,NA
2026-09-03,Monthly,2014-03-01,2014-03-31,Metro,"Newark, NJ metro area",NA,NA,NA,NA,NA,NA,NA,NA
2026-09-03,Monthly,2014-03-01,2014-03-31,Metro,"Oakland, CA metro area",NA,NA,NA,NA,NA,NA,NA,NA
2026-09-03,Monthly,2014-03-01,2014-03-31,Metro,"Orlando, FL metro area",NA,NA,NA,NA,NA,NA,NA,NA
2026-09-03,Monthly,2014-03-01,2014-03-31,Metro,"Philadelphia, PA metro area",NA,NA,NA,NA,NA,NA,NA,NA
2026-09-03,Monthly,2014-03-01,2014-03-31,Metro,"Phoenix, AZ metro area",NA,NA,NA,NA,NA,NA,NA,NA
2026-09-03,Monthly,2014-03-01,2014-03-31,Metro,"Pittsburgh, PA metro area",NA,NA,NA,NA,NA,NA,NA,NA
2026-09-03,Monthly,2014-03-01,2014-03-31,Metro,"Portland, OR metro area",NA,NA,NA,NA,NA,NA,NA,NA
2026-09-03,Monthly,2014-03-01,2014-03-31,Metro,"Providence, RI metro area",NA,NA,NA,NA,NA,NA,NA,NA
2026-09-03,Monthly,2014-03-01,2014-03-31,Metro,"Riverside, CA metro area",NA,NA,NA,NA,NA,NA,NA,NA
2026-09-03,Monthly,2014-03-01,2014-03-31,Metro,"Sacramento, CA metro area",NA,NA,NA,NA,NA,NA,NA,NA
2026-09-03,Monthly,2014-03-01,2014-03-31,Metro,"San Antonio, TX metro area",NA,NA,NA,NA,NA,NA,NA,NA
2026-09-03,Monthly,2014-03-01,2014-03-31,Metro,"San Diego, CA metro area",NA,NA,NA,NA,NA,NA,NA,NA
2026-09-03,Monthly,2014-03-01,2014-03-31,Metro,"San Francisco, CA metro area",NA,NA,NA,NA,NA,NA,NA,NA
2026-09-03,Monthly,2014-03-01,2014-03-31,Metro,"San Jose, CA metro area",NA,NA,NA,NA,NA,NA,NA,NA
2026-09-03,Monthly,2014-03-01,2014-03-31,Metro,"Seattle, WA metro area",NA,NA,NA,NA,NA,NA,NA,NA
2026-09-03,Monthly,2014-03-01,2014-03-31,Metro,"St. Louis, MO metro area",NA,NA,NA,NA,NA,NA,NA,NA
2026-09-03,Monthly,2014-03-01,2014-03-31,Metro,"Tampa, FL metro area",NA,NA,NA,NA,NA,NA,NA,NA
2026-09-03,Monthly,2014-03-01,2014-03-31,Metro,"Virginia Beach, VA metro area",NA,NA,NA,NA,NA,NA,NA,NA
2026-09-03,Monthly,2014-03-01,2014-03-31,Metro,"Warren, MI metro area",NA,NA,NA,NA,NA,NA,NA,NA
2026-09-03,Monthly,2014-03-01,2014-03-31,Metro,"Washington, DC metro area",NA,NA,NA,NA,NA,NA,NA,NA
2026-09-03,Monthly,2014-03-01,2014-03-31,Metro,"West Palm Beach, FL metro area",NA,NA,NA,NA,NA,NA,NA,NA
2026-09-03,Monthly,2014-02-01,2014-02-28,Metro,"Anaheim, CA metro area",NA,NA,NA,NA,NA,NA,NA,NA
2026-09-03,Monthly,2014-02-01,2014-02-28,Metro,"Atlanta, GA metro area",NA,NA,NA,NA,NA,NA,NA,NA
2026-09-03,Monthly,2014-02-01,2014-02-28,Metro,"Austin, TX metro area",NA,NA,NA,NA,NA,NA,NA,NA
2026-09-03,Monthly,2014-02-01,2014-02-28,Metro,"Baltimore, MD metro area",NA,NA,NA,NA,NA,NA,NA,NA
2026-09-03,Monthly,2014-02-01,2014-02-28,Metro,"Boston, MA metro area",NA,NA,NA,NA,NA,NA,NA,NA
2026-09-03,Monthly,2014-02-01,2014-02-28,Metro,"Charlotte, NC metro area",NA,NA,NA,NA,NA,NA,NA,NA
2026-09-03,Monthly,2014-02-01,2014-02-28,Metro,"Chicago, IL metro area",NA,NA,NA,NA,NA,NA,NA,NA
2026-09-03,Monthly,2014-02-01,2014-02-28,Metro,"Cincinnati, OH metro area",NA,NA,NA,NA,NA,NA,NA,NA
2026-09-03,Monthly,2014-02-01,2014-02-28,Metro,"Cleveland, OH metro area",NA,NA,NA,NA,NA,NA,NA,NA
2026-09-03,Monthly,2014-02-01,2014-02-28,Metro,"Columbus, OH metro area",NA,NA,NA,NA,NA,NA,NA,NA
2026-09-03,Monthly,2014-02-01,2014-02-28,Metro,"Dallas, TX metro area",NA,NA,NA,NA,NA,NA,NA,NA
2026-09-03,Monthly,2014-02-01,2014-02-28,Metro,"Denver, CO metro area",NA,NA,NA,NA,NA,NA,NA,NA
2026-09-03,Monthly,2014-02-01,2014-02-28,Metro,"Detroit, MI metro area",NA,NA,NA,NA,NA,NA,NA,NA
2026-09-03,Monthly,2014-02-01,2014-02-28,Metro,"Fort Lauderdale, FL metro area",NA,NA,NA,NA,NA,NA,NA,NA
2026-09-03,Monthly,2014-02-01,2014-02-28,Metro,"Fort Worth, TX metro area",NA,NA,NA,NA,NA,NA,NA,NA
2026-09-03,Monthly,2014-02-01,2014-02-28,Metro,"Houston, TX metro area",NA,NA,NA,NA,NA,NA,NA,NA
2026-09-03,Monthly,2014-02-01,2014-02-28,Metro,"Indianapolis, IN metro area",NA,NA,NA,NA,NA,NA,NA,NA
2026-09-03,Monthly,2014-02-01,2014-02-28,Metro,"Jacksonville, FL metro area",NA,NA,NA,NA,NA,NA,NA,NA
2026-09-03,Monthly,2014-02-01,2014-02-28,Metro,"Kansas City, MO metro area",NA,NA,NA,NA,NA,NA,NA,NA
2026-09-03,Monthly,2014-02-01,2014-02-28,Metro,"Las Vegas, NV metro area",NA,NA,NA,NA,NA,NA,NA,NA
2026-09-03,Monthly,2014-02-01,2014-02-28,Metro,"Los Angeles, CA metro area",NA,NA,NA,NA,NA,NA,NA,NA
2026-09-03,Monthly,2014-02-01,2014-02-28,Metro,"Miami, FL metro area",NA,NA,NA,NA,NA,NA,NA,NA
2026-09-03,Monthly,2014-02-01,2014-02-28,Metro,"Milwaukee, WI metro area",NA,NA,NA,NA,NA,NA,NA,NA
2026-09-03,Monthly,2014-02-01,2014-02-28,Metro,"Minneapolis, MN metro area",NA,NA,NA,NA,NA,NA,NA,NA
2026-09-03,Monthly,2014-02-01,2014-02-28,Metro,"Montgomery County, PA metro area",NA,NA,NA,NA,NA,NA,NA,NA
2026-09-03,Monthly,2014-02-01,2014-02-28,Metro,"Nashville, TN metro area",NA,NA,NA,NA,NA,NA,NA,NA
2026-09-03,Monthly,2014-02-01,2014-02-28,Metro,"Nassau County, NY metro area",NA,NA,NA,NA,NA,NA,NA,NA
2026-09-03,Monthly,2014-02-01,2014-02-28,Metro,"New Brunswick, NJ metro area",NA,NA,NA,NA,NA,NA,NA,NA
2026-09-03,Monthly,2014-02-01,2014-02-28,Metro,"New York, NY metro area",NA,NA,NA,NA,NA,NA,NA,NA
2026-09-03,Monthly,2014-02-01,2014-02-28,Metro,"Newark, NJ metro area",NA,NA,NA,NA,NA,NA,NA,NA
2026-09-03,Monthly,2014-02-01,2014-02-28,Metro,"Oakland, CA metro area",NA,NA,NA,NA,NA,NA,NA,NA
2026-09-03,Monthly,2014-02-01,2014-02-28,Metro,"Orlando, FL metro area",NA,NA,NA,NA,NA,NA,NA,NA
2026-09-03,Monthly,2014-02-01,2014-02-28,Metro,"Philadelphia, PA metro area",NA,NA,NA,NA,NA,NA,NA,NA
2026-09-03,Monthly,2014-02-01,2014-02-28,Metro,"Phoenix, AZ metro area",NA,NA,NA,NA,NA,NA,NA,NA
2026-09-03,Monthly,2014-02-01,2014-02-28,Metro,"Pittsburgh, PA metro area",NA,NA,NA,NA,NA,NA,NA,NA
2026-09-03,Monthly,2014-02-01,2014-02-28,Metro,"Portland, OR metro area",NA,NA,NA,NA,NA,NA,NA,NA
2026-09-03,Monthly,2014-02-01,2014-02-28,Metro,"Providence, RI metro area",NA,NA,NA,NA,NA,NA,NA,NA
2026-09-03,Monthly,2014-02-01,2014-02-28,Metro,"Riverside, CA metro area",NA,NA,NA,NA,NA,NA,NA,NA
2026-09-03,Monthly,2014-02-01,2014-02-28,Metro,"Sacramento, CA metro area",NA,NA,NA,NA,NA,NA,NA,NA
2026-09-03,Monthly,2014-02-01,2014-02-28,Metro,"San Antonio, TX metro area",NA,NA,NA,NA,NA,NA,NA,NA
2026-09-03,Monthly,2014-02-01,2014-02-28,Metro,"San Diego, CA metro area",NA,NA,NA,NA,NA,NA,NA,NA
2026-09-03,Monthly,2014-02-01,2014-02-28,Metro,"San Francisco, CA metro area",NA,NA,NA,NA,NA,NA,NA,NA
2026-09-03,Monthly,2014-02-01,2014-02-28,Metro,"San Jose, CA metro area",NA,NA,NA,NA,NA,NA,NA,NA
2026-09-03,Monthly,2014-02-01,2014-02-28,Metro,"Seattle, WA metro area",NA,NA,NA,NA,NA,NA,NA,NA
2026-09-03,Monthly,2014-02-01,2014-02-28,Metro,"St. Louis, MO metro area",NA,NA,NA,NA,NA,NA,NA,NA
2026-09-03,Monthly,2014-02-01,2014-02-28,Metro,"Tampa, FL metro area",NA,NA,NA,NA,NA,NA,NA,NA
2026-09-03,Monthly,2014-02-01,2014-02-28,Metro,"Virginia Beach, VA metro area",NA,NA,NA,NA,NA,NA,NA,NA
2026-09-03,Monthly,2014-02-01,2014-02-28,Metro,"Warren, MI metro area",NA,NA,NA,NA,NA,NA,NA,NA
2026-09-03,Monthly,2014-02-01,2014-02-28,Metro,"Washington, DC metro area",NA,NA,NA,NA,NA,NA,NA,NA
2026-09-03,Monthly,2014-02-01,2014-02-28,Metro,"West Palm Beach, FL metro area",NA,NA,NA,NA,NA,NA,NA,NA
2026-09-03,Monthly,2014-01-01,2014-01-31,Metro,"Anaheim, CA metro area",NA,NA,NA,NA,NA,NA,NA,NA
2026-09-03,Monthly,2014-01-01,2014-01-31,Metro,"Atlanta, GA metro area",NA,NA,NA,NA,NA,NA,NA,NA
2026-09-03,Monthly,2014-01-01,2014-01-31,Metro,"Austin, TX metro area",NA,NA,NA,NA,NA,NA,NA,NA
2026-09-03,Monthly,2014-01-01,2014-01-31,Metro,"Baltimore, MD metro area",NA,NA,NA,NA,NA,NA,NA,NA
2026-09-03,Monthly,2014-01-01,2014-01-31,Metro,"Boston, MA metro area",NA,NA,NA,NA,NA,NA,NA,NA
2026-09-03,Monthly,2014-01-01,2014-01-31,Metro,"Charlotte, NC metro area",NA,NA,NA,NA,NA,NA,NA,NA
2026-09-03,Monthly,2014-01-01,2014-01-31,Metro,"Chicago, IL metro area",NA,NA,NA,NA,NA,NA,NA,NA
2026-09-03,Monthly,2014-01-01,2014-01-31,Metro,"Cincinnati, OH metro area",NA,NA,NA,NA,NA,NA,NA,NA
2026-09-03,Monthly,2014-01-01,2014-01-31,Metro,"Cleveland, OH metro area",NA,NA,NA,NA,NA,NA,NA,NA
2026-09-03,Monthly,2014-01-01,2014-01-31,Metro,"Columbus, OH metro area",NA,NA,NA,NA,NA,NA,NA,NA
2026-09-03,Monthly,2014-01-01,2014-01-31,Metro,"Dallas, TX metro area",NA,NA,NA,NA,NA,NA,NA,NA
2026-09-03,Monthly,2014-01-01,2014-01-31,Metro,"Denver, CO metro area",NA,NA,NA,NA,NA,NA,NA,NA
2026-09-03,Monthly,2014-01-01,2014-01-31,Metro,"Detroit, MI metro area",NA,NA,NA,NA,NA,NA,NA,NA
2026-09-03,Monthly,2014-01-01,2014-01-31,Metro,"Fort Lauderdale, FL metro area",NA,NA,NA,NA,NA,NA,NA,NA
2026-09-03,Monthly,2014-01-01,2014-01-31,Metro,"Fort Worth, TX metro area",NA,NA,NA,NA,NA,NA,NA,NA
2026-09-03,Monthly,2014-01-01,2014-01-31,Metro,"Houston, TX metro area",NA,NA,NA,NA,NA,NA,NA,NA
2026-09-03,Monthly,2014-01-01,2014-01-31,Metro,"Indianapolis, IN metro area",NA,NA,NA,NA,NA,NA,NA,NA
2026-09-03,Monthly,2014-01-01,2014-01-31,Metro,"Jacksonville, FL metro area",NA,NA,NA,NA,NA,NA,NA,NA
2026-09-03,Monthly,2014-01-01,2014-01-31,Metro,"Kansas City, MO metro area",NA,NA,NA,NA,NA,NA,NA,NA
2026-09-03,Monthly,2014-01-01,2014-01-31,Metro,"Las Vegas, NV metro area",NA,NA,NA,NA,NA,NA,NA,NA
2026-09-03,Monthly,2014-01-01,2014-01-31,Metro,"Los Angeles, CA metro area",NA,NA,NA,NA,NA,NA,NA,NA
2026-09-03,Monthly,2014-01-01,2014-01-31,Metro,"Miami, FL metro area",NA,NA,NA,NA,NA,NA,NA,NA
2026-09-03,Monthly,2014-01-01,2014-01-31,Metro,"Milwaukee, WI metro area",NA,NA,NA,NA,NA,NA,NA,NA
2026-09-03,Monthly,2014-01-01,2014-01-31,Metro,"Minneapolis, MN metro area",NA,NA,NA,NA,NA,NA,NA,NA
2026-09-03,Monthly,2014-01-01,2014-01-31,Metro,"Montgomery County, PA metro area",NA,NA,NA,NA,NA,NA,NA,NA
2026-09-03,Monthly,2014-01-01,2014-01-31,Metro,"Nashville, TN metro area",NA,NA,NA,NA,NA,NA,NA,NA
2026-09-03,Monthly,2014-01-01,2014-01-31,Metro,"Nassau County, NY metro area",NA,NA,NA,NA,NA,NA,NA,NA
2026-09-03,Monthly,2014-01-01,2014-01-31,Metro,"New Brunswick, NJ metro area",NA,NA,NA,NA,NA,NA,NA,NA
2026-09-03,Monthly,2014-01-01,2014-01-31,Metro,"New York, NY metro area",NA,NA,NA,NA,NA,NA,NA,NA
2026-09-03,Monthly,2014-01-01,2014-01-31,Metro,"Newark, NJ metro area",NA,NA,NA,NA,NA,NA,NA,NA
2026-09-03,Monthly,2014-01-01,2014-01-31,Metro,"Oakland, CA metro area",NA,NA,NA,NA,NA,NA,NA,NA
2026-09-03,Monthly,2014-01-01,2014-01-31,Metro,"Orlando, FL metro area",NA,NA,NA,NA,NA,NA,NA,NA
2026-09-03,Monthly,2014-01-01,2014-01-31,Metro,"Philadelphia, PA metro area",NA,NA,NA,NA,NA,NA,NA,NA
2026-09-03,Monthly,2014-01-01,2014-01-31,Metro,"Phoenix, AZ metro area",NA,NA,NA,NA,NA,NA,NA,NA
2026-09-03,Monthly,2014-01-01,2014-01-31,Metro,"Pittsburgh, PA metro area",NA,NA,NA,NA,NA,NA,NA,NA
2026-09-03,Monthly,2014-01-01,2014-01-31,Metro,"Portland, OR metro area",NA,NA,NA,NA,NA,NA,NA,NA
2026-09-03,Monthly,2014-01-01,2014-01-31,Metro,"Providence, RI metro area",NA,NA,NA,NA,NA,NA,NA,NA
2026-09-03,Monthly,2014-01-01,2014-01-31,Metro,"Riverside, CA metro area",NA,NA,NA,NA,NA,NA,NA,NA
2026-09-03,Monthly,2014-01-01,2014-01-31,Metro,"Sacramento, CA metro area",NA,NA,NA,NA,NA,NA,NA,NA
2026-09-03,Monthly,2014-01-01,2014-01-31,Metro,"San Antonio, TX metro area",NA,NA,NA,NA,NA,NA,NA,NA
2026-09-03,Monthly,2014-01-01,2014-01-31,Metro,"San Diego, CA metro area",NA,NA,NA,NA,NA,NA,NA,NA
2026-09-03,Monthly,2014-01-01,2014-01-31,Metro,"San Francisco, CA metro area",NA,NA,NA,NA,NA,NA,NA,NA
2026-09-03,Monthly,2014-01-01,2014-01-31,Metro,"San Jose, CA metro area",NA,NA,NA,NA,NA,NA,NA,NA
2026-09-03,Monthly,2014-01-01,2014-01-31,Metro,"Seattle, WA metro area",NA,NA,NA,NA,NA,NA,NA,NA
2026-09-03,Monthly,2014-01-01,2014-01-31,Metro,"St. Louis, MO metro area",NA,NA,NA,NA,NA,NA,NA,NA
2026-09-03,Monthly,2014-01-01,2014-01-31,Metro,"Tampa, FL metro area",NA,NA,NA,NA,NA,NA,NA,NA
2026-09-03,Monthly,2014-01-01,2014-01-31,Metro,"Virginia Beach, VA metro area",NA,NA,NA,NA,NA,NA,NA,NA
2026-09-03,Monthly,2014-01-01,2014-01-31,Metro,"Warren, MI metro area",NA,NA,NA,NA,NA,NA,NA,NA
2026-09-03,Monthly,2014-01-01,2014-01-31,Metro,"Washington, DC metro area",NA,NA,NA,NA,NA,NA,NA,NA
2026-09-03,Monthly,2014-01-01,2014-01-31,Metro,"West Palm Beach, FL metro area",NA,NA,NA,NA,NA,NA,NA,NA
2026-09-03,Monthly,2013-12-01,2013-12-31,Metro,"Anaheim, CA metro area",NA,NA,NA,NA,NA,NA,NA,NA
2026-09-03,Monthly,2013-12-01,2013-12-31,Metro,"Atlanta, GA metro area",NA,NA,NA,NA,NA,NA,NA,NA
2026-09-03,Monthly,2013-12-01,2013-12-31,Metro,"Austin, TX metro area",NA,NA,NA,NA,NA,NA,NA,NA
2026-09-03,Monthly,2013-12-01,2013-12-31,Metro,"Baltimore, MD metro area",NA,NA,NA,NA,NA,NA,NA,NA
2026-09-03,Monthly,2013-12-01,2013-12-31,Metro,"Boston, MA metro area",NA,NA,NA,NA,NA,NA,NA,NA
2026-09-03,Monthly,2013-12-01,2013-12-31,Metro,"Charlotte, NC metro area",NA,NA,NA,NA,NA,NA,NA,NA
2026-09-03,Monthly,2013-12-01,2013-12-31,Metro,"Chicago, IL metro area",NA,NA,NA,NA,NA,NA,NA,NA
2026-09-03,Monthly,2013-12-01,2013-12-31,Metro,"Cincinnati, OH metro area",NA,NA,NA,NA,NA,NA,NA,NA
2026-09-03,Monthly,2013-12-01,2013-12-31,Metro,"Cleveland, OH metro area",NA,NA,NA,NA,NA,NA,NA,NA
2026-09-03,Monthly,2013-12-01,2013-12-31,Metro,"Columbus, OH metro area",NA,NA,NA,NA,NA,NA,NA,NA
2026-09-03,Monthly,2013-12-01,2013-12-31,Metro,"Dallas, TX metro area",NA,NA,NA,NA,NA,NA,NA,NA
2026-09-03,Monthly,2013-12-01,2013-12-31,Metro,"Denver, CO metro area",NA,NA,NA,NA,NA,NA,NA,NA
2026-09-03,Monthly,2013-12-01,2013-12-31,Metro,"Detroit, MI metro area",NA,NA,NA,NA,NA,NA,NA,NA
2026-09-03,Monthly,2013-12-01,2013-12-31,Metro,"Fort Lauderdale, FL metro area",NA,NA,NA,NA,NA,NA,NA,NA
2026-09-03,Monthly,2013-12-01,2013-12-31,Metro,"Fort Worth, TX metro area",NA,NA,NA,NA,NA,NA,NA,NA
2026-09-03,Monthly,2013-12-01,2013-12-31,Metro,"Houston, TX metro area",NA,NA,NA,NA,NA,NA,NA,NA
2026-09-03,Monthly,2013-12-01,2013-12-31,Metro,"Indianapolis, IN metro area",NA,NA,NA,NA,NA,NA,NA,NA
2026-09-03,Monthly,2013-12-01,2013-12-31,Metro,"Jacksonville, FL metro area",NA,NA,NA,NA,NA,NA,NA,NA
2026-09-03,Monthly,2013-12-01,2013-12-31,Metro,"Kansas City, MO metro area",NA,NA,NA,NA,NA,NA,NA,NA
2026-09-03,Monthly,2013-12-01,2013-12-31,Metro,"Las Vegas, NV metro area",NA,NA,NA,NA,NA,NA,NA,NA
2026-09-03,Monthly,2013-12-01,2013-12-31,Metro,"Los Angeles, CA metro area",NA,NA,NA,NA,NA,NA,NA,NA
2026-09-03,Monthly,2013-12-01,2013-12-31,Metro,"Miami, FL metro area",NA,NA,NA,NA,NA,NA,NA,NA
2026-09-03,Monthly,2013-12-01,2013-12-31,Metro,"Milwaukee, WI metro area",NA,NA,NA,NA,NA,NA,NA,NA
2026-09-03,Monthly,2013-12-01,2013-12-31,Metro,"Minneapolis, MN metro area",NA,NA,NA,NA,NA,NA,NA,NA
2026-09-03,Monthly,2013-12-01,2013-12-31,Metro,"Montgomery County, PA metro area",NA,NA,NA,NA,NA,NA,NA,NA
2026-09-03,Monthly,2013-12-01,2013-12-31,Metro,"Nashville, TN metro area",NA,NA,NA,NA,NA,NA,NA,NA
2026-09-03,Monthly,2013-12-01,2013-12-31,Metro,"Nassau County, NY metro area",NA,NA,NA,NA,NA,NA,NA,NA
2026-09-03,Monthly,2013-12-01,2013-12-31,Metro,"New Brunswick, NJ metro area",NA,NA,NA,NA,NA,NA,NA,NA
2026-09-03,Monthly,2013-12-01,2013-12-31,Metro,"New York, NY metro area",NA,NA,NA,NA,NA,NA,NA,NA
2026-09-03,Monthly,2013-12-01,2013-12-31,Metro,"Newark, NJ metro area",NA,NA,NA,NA,NA,NA,NA,NA
2026-09-03,Monthly,2013-12-01,2013-12-31,Metro,"Oakland, CA metro area",NA,NA,NA,NA,NA,NA,NA,NA
2026-09-03,Monthly,2013-12-01,2013-12-31,Metro,"Orlando, FL metro area",NA,NA,NA,NA,NA,NA,NA,NA
2026-09-03,Monthly,2013-12-01,2013-12-31,Metro,"Philadelphia, PA metro area",NA,NA,NA,NA,NA,NA,NA,NA
2026-09-03,Monthly,2013-12-01,2013-12-31,Metro,"Phoenix, AZ metro area",NA,NA,NA,NA,NA,NA,NA,NA
2026-09-03,Monthly,2013-12-01,2013-12-31,Metro,"Pittsburgh, PA metro area",NA,NA,NA,NA,NA,NA,NA,NA
2026-09-03,Monthly,2013-12-01,2013-12-31,Metro,"Portland, OR metro area",NA,NA,NA,NA,NA,NA,NA,NA
2026-09-03,Monthly,2013-12-01,2013-12-31,Metro,"Providence, RI metro area",NA,NA,NA,NA,NA,NA,NA,NA
2026-09-03,Monthly,2013-12-01,2013-12-31,Metro,"Riverside, CA metro area",NA,NA,NA,NA,NA,NA,NA,NA
2026-09-03,Monthly,2013-12-01,2013-12-31,Metro,"Sacramento, CA metro area",NA,NA,NA,NA,NA,NA,NA,NA
2026-09-03,Monthly,2013-12-01,2013-12-31,Metro,"San Antonio, TX metro area",NA,NA,NA,NA,NA,NA,NA,NA
2026-09-03,Monthly,2013-12-01,2013-12-31,Metro,"San Diego, CA metro area",NA,NA,NA,NA,NA,NA,NA,NA
2026-09-03,Monthly,2013-12-01,2013-12-31,Metro,"San Francisco, CA metro area",NA,NA,NA,NA,NA,NA,NA,NA
2026-09-03,Monthly,2013-12-01,2013-12-31,Metro,"San Jose, CA metro area",NA,NA,NA,NA,NA,NA,NA,NA
2026-09-03,Monthly,2013-12-01,2013-12-31,Metro,"Seattle, WA metro area",NA,NA,NA,NA,NA,NA,NA,NA
2026-09-03,Monthly,2013-12-01,2013-12-31,Metro,"St. Louis, MO metro area",NA,NA,NA,NA,NA,NA,NA,NA
2026-09-03,Monthly,2013-12-01,2013-12-31,Metro,"Tampa, FL metro area",NA,NA,NA,NA,NA,NA,NA,NA
2026-09-03,Monthly,2013-12-01,2013-12-31,Metro,"Virginia Beach, VA metro area",NA,NA,NA,NA,NA,NA,NA,NA
2026-09-03,Monthly,2013-12-01,2013-12-31,Metro,"Warren, MI metro area",NA,NA,NA,NA,NA,NA,NA,NA
2026-09-03,Monthly,2013-12-01,2013-12-31,Metro,"Washington, DC metro area",NA,NA,NA,NA,NA,NA,NA,NA
2026-09-03,Monthly,2013-12-01,2013-12-31,Metro,"West Palm Beach, FL metro area",NA,NA,NA,NA,NA,NA,NA,NA
2026-09-03,Monthly,2013-11-01,2013-11-30,Metro,"Anaheim, CA metro area",NA,NA,NA,NA,NA,NA,NA,NA
2026-09-03,Monthly,2013-11-01,2013-11-30,Metro,"Atlanta, GA metro area",NA,NA,NA,NA,NA,NA,NA,NA
2026-09-03,Monthly,2013-11-01,2013-11-30,Metro,"Austin, TX metro area",NA,NA,NA,NA,NA,NA,NA,NA
2026-09-03,Monthly,2013-11-01,2013-11-30,Metro,"Baltimore, MD metro area",NA,NA,NA,NA,NA,NA,NA,NA
2026-09-03,Monthly,2013-11-01,2013-11-30,Metro,"Boston, MA metro area",NA,NA,NA,NA,NA,NA,NA,NA
2026-09-03,Monthly,2013-11-01,2013-11-30,Metro,"Charlotte, NC metro area",NA,NA,NA,NA,NA,NA,NA,NA
2026-09-03,Monthly,2013-11-01,2013-11-30,Metro,"Chicago, IL metro area",NA,NA,NA,NA,NA,NA,NA,NA
2026-09-03,Monthly,2013-11-01,2013-11-30,Metro,"Cincinnati, OH metro area",NA,NA,NA,NA,NA,NA,NA,NA
2026-09-03,Monthly,2013-11-01,2013-11-30,Metro,"Cleveland, OH metro area",NA,NA,NA,NA,NA,NA,NA,NA
2026-09-03,Monthly,2013-11-01,2013-11-30,Metro,"Columbus, OH metro area",NA,NA,NA,NA,NA,NA,NA,NA
2026-09-03,Monthly,2013-11-01,2013-11-30,Metro,"Dallas, TX metro area",NA,NA,NA,NA,NA,NA,NA,NA
2026-09-03,Monthly,2013-11-01,2013-11-30,Metro,"Denver, CO metro area",NA,NA,NA,NA,NA,NA,NA,NA
2026-09-03,Monthly,2013-11-01,2013-11-30,Metro,"Detroit, MI metro area",NA,NA,NA,NA,NA,NA,NA,NA
2026-09-03,Monthly,2013-11-01,2013-11-30,Metro,"Fort Lauderdale, FL metro area",NA,NA,NA,NA,NA,NA,NA,NA
2026-09-03,Monthly,2013-11-01,2013-11-30,Metro,"Fort Worth, TX metro area",NA,NA,NA,NA,NA,NA,NA,NA
2026-09-03,Monthly,2013-11-01,2013-11-30,Metro,"Houston, TX metro area",NA,NA,NA,NA,NA,NA,NA,NA
2026-09-03,Monthly,2013-11-01,2013-11-30,Metro,"Indianapolis, IN metro area",NA,NA,NA,NA,NA,NA,NA,NA
2026-09-03,Monthly,2013-11-01,2013-11-30,Metro,"Jacksonville, FL metro area",NA,NA,NA,NA,NA,NA,NA,NA
2026-09-03,Monthly,2013-11-01,2013-11-30,Metro,"Kansas City, MO metro area",NA,NA,NA,NA,NA,NA,NA,NA
2026-09-03,Monthly,2013-11-01,2013-11-30,Metro,"Las Vegas, NV metro area",NA,NA,NA,NA,NA,NA,NA,NA
2026-09-03,Monthly,2013-11-01,2013-11-30,Metro,"Los Angeles, CA metro area",NA,NA,NA,NA,NA,NA,NA,NA
2026-09-03,Monthly,2013-11-01,2013-11-30,Metro,"Miami, FL metro area",NA,NA,NA,NA,NA,NA,NA,NA
2026-09-03,Monthly,2013-11-01,2013-11-30,Metro,"Milwaukee, WI metro area",NA,NA,NA,NA,NA,NA,NA,NA
2026-09-03,Monthly,2013-11-01,2013-11-30,Metro,"Minneapolis, MN metro area",NA,NA,NA,NA,NA,NA,NA,NA
2026-09-03,Monthly,2013-11-01,2013-11-30,Metro,"Montgomery County, PA metro area",NA,NA,NA,NA,NA,NA,NA,NA
2026-09-03,Monthly,2013-11-01,2013-11-30,Metro,"Nashville, TN metro area",NA,NA,NA,NA,NA,NA,NA,NA
2026-09-03,Monthly,2013-11-01,2013-11-30,Metro,"Nassau County, NY metro area",NA,NA,NA,NA,NA,NA,NA,NA
2026-09-03,Monthly,2013-11-01,2013-11-30,Metro,"New Brunswick, NJ metro area",NA,NA,NA,NA,NA,NA,NA,NA
2026-09-03,Monthly,2013-11-01,2013-11-30,Metro,"New York, NY metro area",NA,NA,NA,NA,NA,NA,NA,NA
2026-09-03,Monthly,2013-11-01,2013-11-30,Metro,"Newark, NJ metro area",NA,NA,NA,NA,NA,NA,NA,NA
2026-09-03,Monthly,2013-11-01,2013-11-30,Metro,"Oakland, CA metro area",NA,NA,NA,NA,NA,NA,NA,NA
2026-09-03,Monthly,2013-11-01,2013-11-30,Metro,"Orlando, FL metro area",NA,NA,NA,NA,NA,NA,NA,NA
2026-09-03,Monthly,2013-11-01,2013-11-30,Metro,"Philadelphia, PA metro area",NA,NA,NA,NA,NA,NA,NA,NA
2026-09-03,Monthly,2013-11-01,2013-11-30,Metro,"Phoenix, AZ metro area",NA,NA,NA,NA,NA,NA,NA,NA
2026-09-03,Monthly,2013-11-01,2013-11-30,Metro,"Pittsburgh, PA metro area",NA,NA,NA,NA,NA,NA,NA,NA
2026-09-03,Monthly,2013-11-01,2013-11-30,Metro,"Portland, OR metro area",NA,NA,NA,NA,NA,NA,NA,NA
2026-09-03,Monthly,2013-11-01,2013-11-30,Metro,"Providence, RI metro area",NA,NA,NA,NA,NA,NA,NA,NA
2026-09-03,Monthly,2013-11-01,2013-11-30,Metro,"Riverside, CA metro area",NA,NA,NA,NA,NA,NA,NA,NA
2026-09-03,Monthly,2013-11-01,2013-11-30,Metro,"Sacramento, CA metro area",NA,NA,NA,NA,NA,NA,NA,NA
2026-09-03,Monthly,2013-11-01,2013-11-30,Metro,"San Antonio, TX metro area",NA,NA,NA,NA,NA,NA,NA,NA
2026-09-03,Monthly,2013-11-01,2013-11-30,Metro,"San Diego, CA metro area",NA,NA,NA,NA,NA,NA,NA,NA
2026-09-03,Monthly,2013-11-01,2013-11-30,Metro,"San Francisco, CA metro area",NA,NA,NA,NA,NA,NA,NA,NA
2026-09-03,Monthly,2013-11-01,2013-11-30,Metro,"San Jose, CA metro area",NA,NA,NA,NA,NA,NA,NA,NA
2026-09-03,Monthly,2013-11-01,2013-11-30,Metro,"Seattle, WA metro area",NA,NA,NA,NA,NA,NA,NA,NA
2026-09-03,Monthly,2013-11-01,2013-11-30,Metro,"St. Louis, MO metro area",NA,NA,NA,NA,NA,NA,NA,NA
2026-09-03,Monthly,2013-11-01,2013-11-30,Metro,"Tampa, FL metro area",NA,NA,NA,NA,NA,NA,NA,NA
2026-09-03,Monthly,2013-11-01,2013-11-30,Metro,"Virginia Beach, VA metro area",NA,NA,NA,NA,NA,NA,NA,NA
2026-09-03,Monthly,2013-11-01,2013-11-30,Metro,"Warren, MI metro area",NA,NA,NA,NA,NA,NA,NA,NA
2026-09-03,Monthly,2013-11-01,2013-11-30,Metro,"Washington, DC metro area",NA,NA,NA,NA,NA,NA,NA,NA
2026-09-03,Monthly,2013-11-01,2013-11-30,Metro,"West Palm Beach, FL metro area",NA,NA,NA,NA,NA,NA,NA,NA
2026-09-03,Monthly,2013-10-01,2013-10-31,Metro,"Anaheim, CA metro area",NA,NA,NA,NA,NA,NA,NA,NA
2026-09-03,Monthly,2013-10-01,2013-10-31,Metro,"Atlanta, GA metro area",NA,NA,NA,NA,NA,NA,NA,NA
2026-09-03,Monthly,2013-10-01,2013-10-31,Metro,"Austin, TX metro area",NA,NA,NA,NA,NA,NA,NA,NA
2026-09-03,Monthly,2013-10-01,2013-10-31,Metro,"Baltimore, MD metro area",NA,NA,NA,NA,NA,NA,NA,NA
2026-09-03,Monthly,2013-10-01,2013-10-31,Metro,"Boston, MA metro area",NA,NA,NA,NA,NA,NA,NA,NA
2026-09-03,Monthly,2013-10-01,2013-10-31,Metro,"Charlotte, NC metro area",NA,NA,NA,NA,NA,NA,NA,NA
2026-09-03,Monthly,2013-10-01,2013-10-31,Metro,"Chicago, IL metro area",NA,NA,NA,NA,NA,NA,NA,NA
2026-09-03,Monthly,2013-10-01,2013-10-31,Metro,"Cincinnati, OH metro area",NA,NA,NA,NA,NA,NA,NA,NA
2026-09-03,Monthly,2013-10-01,2013-10-31,Metro,"Cleveland, OH metro area",NA,NA,NA,NA,NA,NA,NA,NA
2026-09-03,Monthly,2013-10-01,2013-10-31,Metro,"Columbus, OH metro area",NA,NA,NA,NA,NA,NA,NA,NA
2026-09-03,Monthly,2013-10-01,2013-10-31,Metro,"Dallas, TX metro area",NA,NA,NA,NA,NA,NA,NA,NA
2026-09-03,Monthly,2013-10-01,2013-10-31,Metro,"Denver, CO metro area",NA,NA,NA,NA,NA,NA,NA,NA
2026-09-03,Monthly,2013-10-01,2013-10-31,Metro,"Detroit, MI metro area",NA,NA,NA,NA,NA,NA,NA,NA
2026-09-03,Monthly,2013-10-01,2013-10-31,Metro,"Fort Lauderdale, FL metro area",NA,NA,NA,NA,NA,NA,NA,NA
2026-09-03,Monthly,2013-10-01,2013-10-31,Metro,"Fort Worth, TX metro area",NA,NA,NA,NA,NA,NA,NA,NA
2026-09-03,Monthly,2013-10-01,2013-10-31,Metro,"Houston, TX metro area",NA,NA,NA,NA,NA,NA,NA,NA
2026-09-03,Monthly,2013-10-01,2013-10-31,Metro,"Indianapolis, IN metro area",NA,NA,NA,NA,NA,NA,NA,NA
2026-09-03,Monthly,2013-10-01,2013-10-31,Metro,"Jacksonville, FL metro area",NA,NA,NA,NA,NA,NA,NA,NA
2026-09-03,Monthly,2013-10-01,2013-10-31,Metro,"Kansas City, MO metro area",NA,NA,NA,NA,NA,NA,NA,NA
2026-09-03,Monthly,2013-10-01,2013-10-31,Metro,"Las Vegas, NV metro area",NA,NA,NA,NA,NA,NA,NA,NA
2026-09-03,Monthly,2013-10-01,2013-10-31,Metro,"Los Angeles, CA metro area",NA,NA,NA,NA,NA,NA,NA,NA
2026-09-03,Monthly,2013-10-01,2013-10-31,Metro,"Miami, FL metro area",NA,NA,NA,NA,NA,NA,NA,NA
2026-09-03,Monthly,2013-10-01,2013-10-31,Metro,"Milwaukee, WI metro area",NA,NA,NA,NA,NA,NA,NA,NA
2026-09-03,Monthly,2013-10-01,2013-10-31,Metro,"Minneapolis, MN metro area",NA,NA,NA,NA,NA,NA,NA,NA
2026-09-03,Monthly,2013-10-01,2013-10-31,Metro,"Montgomery County, PA metro area",NA,NA,NA,NA,NA,NA,NA,NA
2026-09-03,Monthly,2013-10-01,2013-10-31,Metro,"Nashville, TN metro area",NA,NA,NA,NA,NA,NA,NA,NA
2026-09-03,Monthly,2013-10-01,2013-10-31,Metro,"Nassau County, NY metro area",NA,NA,NA,NA,NA,NA,NA,NA
2026-09-03,Monthly,2013-10-01,2013-10-31,Metro,"New Brunswick, NJ metro area",NA,NA,NA,NA,NA,NA,NA,NA
2026-09-03,Monthly,2013-10-01,2013-10-31,Metro,"New York, NY metro area",NA,NA,NA,NA,NA,NA,NA,NA
2026-09-03,Monthly,2013-10-01,2013-10-31,Metro,"Newark, NJ metro area",NA,NA,NA,NA,NA,NA,NA,NA
2026-09-03,Monthly,2013-10-01,2013-10-31,Metro,"Oakland, CA metro area",NA,NA,NA,NA,NA,NA,NA,NA
2026-09-03,Monthly,2013-10-01,2013-10-31,Metro,"Orlando, FL metro area",NA,NA,NA,NA,NA,NA,NA,NA
2026-09-03,Monthly,2013-10-01,2013-10-31,Metro,"Philadelphia, PA metro area",NA,NA,NA,NA,NA,NA,NA,NA
2026-09-03,Monthly,2013-10-01,2013-10-31,Metro,"Phoenix, AZ metro area",NA,NA,NA,NA,NA,NA,NA,NA
2026-09-03,Monthly,2013-10-01,2013-10-31,Metro,"Pittsburgh, PA metro area",NA,NA,NA,NA,NA,NA,NA,NA
2026-09-03,Monthly,2013-10-01,2013-10-31,Metro,"Portland, OR metro area",NA,NA,NA,NA,NA,NA,NA,NA
2026-09-03,Monthly,2013-10-01,2013-10-31,Metro,"Providence, RI metro area",NA,NA,NA,NA,NA,NA,NA,NA
2026-09-03,Monthly,2013-10-01,2013-10-31,Metro,"Riverside, CA metro area",NA,NA,NA,NA,NA,NA,NA,NA
2026-09-03,Monthly,2013-10-01,2013-10-31,Metro,"Sacramento, CA metro area",NA,NA,NA,NA,NA,NA,NA,NA
2026-09-03,Monthly,2013-10-01,2013-10-31,Metro,"San Antonio, TX metro area",NA,NA,NA,NA,NA,NA,NA,NA
2026-09-03,Monthly,2013-10-01,2013-10-31,Metro,"San Diego, CA metro area",NA,NA,NA,NA,NA,NA,NA,NA
2026-09-03,Monthly,2013-10-01,2013-10-31,Metro,"San Francisco, CA metro area",NA,NA,NA,NA,NA,NA,NA,NA
2026-09-03,Monthly,2013-10-01,2013-10-31,Metro,"San Jose, CA metro area",NA,NA,NA,NA,NA,NA,NA,NA
2026-09-03,Monthly,2013-10-01,2013-10-31,Metro,"Seattle, WA metro area",NA,NA,NA,NA,NA,NA,NA,NA
2026-09-03,Monthly,2013-10-01,2013-10-31,Metro,"St. Louis, MO metro area",NA,NA,NA,NA,NA,NA,NA,NA
2026-09-03,Monthly,2013-10-01,2013-10-31,Metro,"Tampa, FL metro area",NA,NA,NA,NA,NA,NA,NA,NA
2026-09-03,Monthly,2013-10-01,2013-10-31,Metro,"Virginia Beach, VA metro area",NA,NA,NA,NA,NA,NA,NA,NA
2026-09-03,Monthly,2013-10-01,2013-10-31,Metro,"Warren, MI metro area",NA,NA,NA,NA,NA,NA,NA,NA
2026-09-03,Monthly,2013-10-01,2013-10-31,Metro,"Washington, DC metro area",NA,NA,NA,NA,NA,NA,NA,NA
2026-09-03,Monthly,2013-10-01,2013-10-31,Metro,"West Palm Beach, FL metro area",NA,NA,NA,NA,NA,NA,NA,NA
2026-09-03,Monthly,2013-09-01,2013-09-30,Metro,"Anaheim, CA metro area",NA,NA,NA,NA,NA,NA,NA,NA
2026-09-03,Monthly,2013-09-01,2013-09-30,Metro,"Atlanta, GA metro area",NA,NA,NA,NA,NA,NA,NA,NA
2026-09-03,Monthly,2013-09-01,2013-09-30,Metro,"Austin, TX metro area",NA,NA,NA,NA,NA,NA,NA,NA
2026-09-03,Monthly,2013-09-01,2013-09-30,Metro,"Baltimore, MD metro area",NA,NA,NA,NA,NA,NA,NA,NA
2026-09-03,Monthly,2013-09-01,2013-09-30,Metro,"Boston, MA metro area",NA,NA,NA,NA,NA,NA,NA,NA
2026-09-03,Monthly,2013-09-01,2013-09-30,Metro,"Charlotte, NC metro area",NA,NA,NA,NA,NA,NA,NA,NA
2026-09-03,Monthly,2013-09-01,2013-09-30,Metro,"Chicago, IL metro area",NA,NA,NA,NA,NA,NA,NA,NA
2026-09-03,Monthly,2013-09-01,2013-09-30,Metro,"Cincinnati, OH metro area",NA,NA,NA,NA,NA,NA,NA,NA
2026-09-03,Monthly,2013-09-01,2013-09-30,Metro,"Cleveland, OH metro area",NA,NA,NA,NA,NA,NA,NA,NA
2026-09-03,Monthly,2013-09-01,2013-09-30,Metro,"Columbus, OH metro area",NA,NA,NA,NA,NA,NA,NA,NA
2026-09-03,Monthly,2013-09-01,2013-09-30,Metro,"Dallas, TX metro area",NA,NA,NA,NA,NA,NA,NA,NA
2026-09-03,Monthly,2013-09-01,2013-09-30,Metro,"Denver, CO metro area",NA,NA,NA,NA,NA,NA,NA,NA
2026-09-03,Monthly,2013-09-01,2013-09-30,Metro,"Detroit, MI metro area",NA,NA,NA,NA,NA,NA,NA,NA
2026-09-03,Monthly,2013-09-01,2013-09-30,Metro,"Fort Lauderdale, FL metro area",NA,NA,NA,NA,NA,NA,NA,NA
2026-09-03,Monthly,2013-09-01,2013-09-30,Metro,"Fort Worth, TX metro area",NA,NA,NA,NA,NA,NA,NA,NA
2026-09-03,Monthly,2013-09-01,2013-09-30,Metro,"Houston, TX metro area",NA,NA,NA,NA,NA,NA,NA,NA
2026-09-03,Monthly,2013-09-01,2013-09-30,Metro,"Indianapolis, IN metro area",NA,NA,NA,NA,NA,NA,NA,NA
2026-09-03,Monthly,2013-09-01,2013-09-30,Metro,"Jacksonville, FL metro area",NA,NA,NA,NA,NA,NA,NA,NA
2026-09-03,Monthly,2013-09-01,2013-09-30,Metro,"Kansas City, MO metro area",NA,NA,NA,NA,NA,NA,NA,NA
2026-09-03,Monthly,2013-09-01,2013-09-30,Metro,"Las Vegas, NV metro area",NA,NA,NA,NA,NA,NA,NA,NA
2026-09-03,Monthly,2013-09-01,2013-09-30,Metro,"Los Angeles, CA metro area",NA,NA,NA,NA,NA,NA,NA,NA
2026-09-03,Monthly,2013-09-01,2013-09-30,Metro,"Miami, FL metro area",NA,NA,NA,NA,NA,NA,NA,NA
2026-09-03,Monthly,2013-09-01,2013-09-30,Metro,"Milwaukee, WI metro area",NA,NA,NA,NA,NA,NA,NA,NA
2026-09-03,Monthly,2013-09-01,2013-09-30,Metro,"Minneapolis, MN metro area",NA,NA,NA,NA,NA,NA,NA,NA
2026-09-03,Monthly,2013-09-01,2013-09-30,Metro,"Montgomery County, PA metro area",NA,NA,NA,NA,NA,NA,NA,NA
2026-09-03,Monthly,2013-09-01,2013-09-30,Metro,"Nashville, TN metro area",NA,NA,NA,NA,NA,NA,NA,NA
2026-09-03,Monthly,2013-09-01,2013-09-30,Metro,"Nassau County, NY metro area",NA,NA,NA,NA,NA,NA,NA,NA
2026-09-03,Monthly,2013-09-01,2013-09-30,Metro,"New Brunswick, NJ metro area",NA,NA,NA,NA,NA,NA,NA,NA
2026-09-03,Monthly,2013-09-01,2013-09-30,Metro,"New York, NY metro area",NA,NA,NA,NA,NA,NA,NA,NA
2026-09-03,Monthly,2013-09-01,2013-09-30,Metro,"Newark, NJ metro area",NA,NA,NA,NA,NA,NA,NA,NA
2026-09-03,Monthly,2013-09-01,2013-09-30,Metro,"Oakland, CA metro area",NA,NA,NA,NA,NA,NA,NA,NA
2026-09-03,Monthly,2013-09-01,2013-09-30,Metro,"Orlando, FL metro area",NA,NA,NA,NA,NA,NA,NA,NA
2026-09-03,Monthly,2013-09-01,2013-09-30,Metro,"Philadelphia, PA metro area",NA,NA,NA,NA,NA,NA,NA,NA
2026-09-03,Monthly,2013-09-01,2013-09-30,Metro,"Phoenix, AZ metro area",NA,NA,NA,NA,NA,NA,NA,NA
2026-09-03,Monthly,2013-09-01,2013-09-30,Metro,"Pittsburgh, PA metro area",NA,NA,NA,NA,NA,NA,NA,NA
2026-09-03,Monthly,2013-09-01,2013-09-30,Metro,"Portland, OR metro area",NA,NA,NA,NA,NA,NA,NA,NA
2026-09-03,Monthly,2013-09-01,2013-09-30,Metro,"Providence, RI metro area",NA,NA,NA,NA,NA,NA,NA,NA
2026-09-03,Monthly,2013-09-01,2013-09-30,Metro,"Riverside, CA metro area",NA,NA,NA,NA,NA,NA,NA,NA
2026-09-03,Monthly,2013-09-01,2013-09-30,Metro,"Sacramento, CA metro area",NA,NA,NA,NA,NA,NA,NA,NA
2026-09-03,Monthly,2013-09-01,2013-09-30,Metro,"San Antonio, TX metro area",NA,NA,NA,NA,NA,NA,NA,NA
2026-09-03,Monthly,2013-09-01,2013-09-30,Metro,"San Diego, CA metro area",NA,NA,NA,NA,NA,NA,NA,NA
2026-09-03,Monthly,2013-09-01,2013-09-30,Metro,"San Francisco, CA metro area",NA,NA,NA,NA,NA,NA,NA,NA
2026-09-03,Monthly,2013-09-01,2013-09-30,Metro,"San Jose, CA metro area",NA,NA,NA,NA,NA,NA,NA,NA
2026-09-03,Monthly,2013-09-01,2013-09-30,Metro,"Seattle, WA metro area",NA,NA,NA,NA,NA,NA,NA,NA
2026-09-03,Monthly,2013-09-01,2013-09-30,Metro,"St. Louis, MO metro area",NA,NA,NA,NA,NA,NA,NA,NA
2026-09-03,Monthly,2013-09-01,2013-09-30,Metro,"Tampa, FL metro area",NA,NA,NA,NA,NA,NA,NA,NA
2026-09-03,Monthly,2013-09-01,2013-09-30,Metro,"Virginia Beach, VA metro area",NA,NA,NA,NA,NA,NA,NA,NA
2026-09-03,Monthly,2013-09-01,2013-09-30,Metro,"Warren, MI metro area",NA,NA,NA,NA,NA,NA,NA,NA
2026-09-03,Monthly,2013-09-01,2013-09-30,Metro,"Washington, DC metro area",NA,NA,NA,NA,NA,NA,NA,NA
2026-09-03,Monthly,2013-09-01,2013-09-30,Metro,"West Palm Beach, FL metro area",NA,NA,NA,NA,NA,NA,NA,NA
2026-09-03,Monthly,2013-08-01,2013-08-31,Metro,"Anaheim, CA metro area",NA,NA,NA,NA,NA,NA,NA,NA
2026-09-03,Monthly,2013-08-01,2013-08-31,Metro,"Atlanta, GA metro area",NA,NA,NA,NA,NA,NA,NA,NA
2026-09-03,Monthly,2013-08-01,2013-08-31,Metro,"Austin, TX metro area",NA,NA,NA,NA,NA,NA,NA,NA
2026-09-03,Monthly,2013-08-01,2013-08-31,Metro,"Baltimore, MD metro area",NA,NA,NA,NA,NA,NA,NA,NA
2026-09-03,Monthly,2013-08-01,2013-08-31,Metro,"Boston, MA metro area",NA,NA,NA,NA,NA,NA,NA,NA
2026-09-03,Monthly,2013-08-01,2013-08-31,Metro,"Charlotte, NC metro area",NA,NA,NA,NA,NA,NA,NA,NA
2026-09-03,Monthly,2013-08-01,2013-08-31,Metro,"Chicago, IL metro area",NA,NA,NA,NA,NA,NA,NA,NA
2026-09-03,Monthly,2013-08-01,2013-08-31,Metro,"Cincinnati, OH metro area",NA,NA,NA,NA,NA,NA,NA,NA
2026-09-03,Monthly,2013-08-01,2013-08-31,Metro,"Cleveland, OH metro area",NA,NA,NA,NA,NA,NA,NA,NA
2026-09-03,Monthly,2013-08-01,2013-08-31,Metro,"Columbus, OH metro area",NA,NA,NA,NA,NA,NA,NA,NA
2026-09-03,Monthly,2013-08-01,2013-08-31,Metro,"Dallas, TX metro area",NA,NA,NA,NA,NA,NA,NA,NA
2026-09-03,Monthly,2013-08-01,2013-08-31,Metro,"Denver, CO metro area",NA,NA,NA,NA,NA,NA,NA,NA
2026-09-03,Monthly,2013-08-01,2013-08-31,Metro,"Detroit, MI metro area",NA,NA,NA,NA,NA,NA,NA,NA
2026-09-03,Monthly,2013-08-01,2013-08-31,Metro,"Fort Lauderdale, FL metro area",NA,NA,NA,NA,NA,NA,NA,NA
2026-09-03,Monthly,2013-08-01,2013-08-31,Metro,"Fort Worth, TX metro area",NA,NA,NA,NA,NA,NA,NA,NA
2026-09-03,Monthly,2013-08-01,2013-08-31,Metro,"Houston, TX metro area",NA,NA,NA,NA,NA,NA,NA,NA
2026-09-03,Monthly,2013-08-01,2013-08-31,Metro,"Indianapolis, IN metro area",NA,NA,NA,NA,NA,NA,NA,NA
2026-09-03,Monthly,2013-08-01,2013-08-31,Metro,"Jacksonville, FL metro area",NA,NA,NA,NA,NA,NA,NA,NA
2026-09-03,Monthly,2013-08-01,2013-08-31,Metro,"Kansas City, MO metro area",NA,NA,NA,NA,NA,NA,NA,NA
2026-09-03,Monthly,2013-08-01,2013-08-31,Metro,"Las Vegas, NV metro area",NA,NA,NA,NA,NA,NA,NA,NA
2026-09-03,Monthly,2013-08-01,2013-08-31,Metro,"Los Angeles, CA metro area",NA,NA,NA,NA,NA,NA,NA,NA
2026-09-03,Monthly,2013-08-01,2013-08-31,Metro,"Miami, FL metro area",NA,NA,NA,NA,NA,NA,NA,NA
2026-09-03,Monthly,2013-08-01,2013-08-31,Metro,"Milwaukee, WI metro area",NA,NA,NA,NA,NA,NA,NA,NA
2026-09-03,Monthly,2013-08-01,2013-08-31,Metro,"Minneapolis, MN metro area",NA,NA,NA,NA,NA,NA,NA,NA
2026-09-03,Monthly,2013-08-01,2013-08-31,Metro,"Montgomery County, PA metro area",NA,NA,NA,NA,NA,NA,NA,NA
2026-09-03,Monthly,2013-08-01,2013-08-31,Metro,"Nashville, TN metro area",NA,NA,NA,NA,NA,NA,NA,NA
2026-09-03,Monthly,2013-08-01,2013-08-31,Metro,"Nassau County, NY metro area",NA,NA,NA,NA,NA,NA,NA,NA
2026-09-03,Monthly,2013-08-01,2013-08-31,Metro,"New Brunswick, NJ metro area",NA,NA,NA,NA,NA,NA,NA,NA
2026-09-03,Monthly,2013-08-01,2013-08-31,Metro,"New York, NY metro area",NA,NA,NA,NA,NA,NA,NA,NA
2026-09-03,Monthly,2013-08-01,2013-08-31,Metro,"Newark, NJ metro area",NA,NA,NA,NA,NA,NA,NA,NA
2026-09-03,Monthly,2013-08-01,2013-08-31,Metro,"Oakland, CA metro area",NA,NA,NA,NA,NA,NA,NA,NA
2026-09-03,Monthly,2013-08-01,2013-08-31,Metro,"Orlando, FL metro area",NA,NA,NA,NA,NA,NA,NA,NA
2026-09-03,Monthly,2013-08-01,2013-08-31,Metro,"Philadelphia, PA metro area",NA,NA,NA,NA,NA,NA,NA,NA
2026-09-03,Monthly,2013-08-01,2013-08-31,Metro,"Phoenix, AZ metro area",NA,NA,NA,NA,NA,NA,NA,NA
2026-09-03,Monthly,2013-08-01,2013-08-31,Metro,"Pittsburgh, PA metro area",NA,NA,NA,NA,NA,NA,NA,NA
2026-09-03,Monthly,2013-08-01,2013-08-31,Metro,"Portland, OR metro area",NA,NA,NA,NA,NA,NA,NA,NA
2026-09-03,Monthly,2013-08-01,2013-08-31,Metro,"Providence, RI metro area",NA,NA,NA,NA,NA,NA,NA,NA
2026-09-03,Monthly,2013-08-01,2013-08-31,Metro,"Riverside, CA metro area",NA,NA,NA,NA,NA,NA,NA,NA
2026-09-03,Monthly,2013-08-01,2013-08-31,Metro,"Sacramento, CA metro area",NA,NA,NA,NA,NA,NA,NA,NA
2026-09-03,Monthly,2013-08-01,2013-08-31,Metro,"San Antonio, TX metro area",NA,NA,NA,NA,NA,NA,NA,NA
2026-09-03,Monthly,2013-08-01,2013-08-31,Metro,"San Diego, CA metro area",NA,NA,NA,NA,NA,NA,NA,NA
2026-09-03,Monthly,2013-08-01,2013-08-31,Metro,"San Francisco, CA metro area",NA,NA,NA,NA,NA,NA,NA,NA
2026-09-03,Monthly,2013-08-01,2013-08-31,Metro,"San Jose, CA metro area",NA,NA,NA,NA,NA,NA,NA,NA
2026-09-03,Monthly,2013-08-01,2013-08-31,Metro,"Seattle, WA metro area",NA,NA,NA,NA,NA,NA,NA,NA
2026-09-03,Monthly,2013-08-01,2013-08-31,Metro,"St. Louis, MO metro area",NA,NA,NA,NA,NA,NA,NA,NA
2026-09-03,Monthly,2013-08-01,2013-08-31,Metro,"Tampa, FL metro area",NA,NA,NA,NA,NA,NA,NA,NA
2026-09-03,Monthly,2013-08-01,2013-08-31,Metro,"Virginia Beach, VA metro area",NA,NA,NA,NA,NA,NA,NA,NA
2026-09-03,Monthly,2013-08-01,2013-08-31,Metro,"Warren, MI metro area",NA,NA,NA,NA,NA,NA,NA,NA
2026-09-03,Monthly,2013-08-01,2013-08-31,Metro,"Washington, DC metro area",NA,NA,NA,NA,NA,NA,NA,NA
2026-09-03,Monthly,2013-08-01,2013-08-31,Metro,"West Palm Beach, FL metro area",NA,NA,NA,NA,NA,NA,NA,NA
2026-09-03,Monthly,2013-07-01,2013-07-31,Metro,"Anaheim, CA metro area",NA,NA,NA,NA,NA,NA,NA,NA
2026-09-03,Monthly,2013-07-01,2013-07-31,Metro,"Atlanta, GA metro area",NA,NA,NA,NA,NA,NA,NA,NA
2026-09-03,Monthly,2013-07-01,2013-07-31,Metro,"Austin, TX metro area",NA,NA,NA,NA,NA,NA,NA,NA
2026-09-03,Monthly,2013-07-01,2013-07-31,Metro,"Baltimore, MD metro area",NA,NA,NA,NA,NA,NA,NA,NA
2026-09-03,Monthly,2013-07-01,2013-07-31,Metro,"Boston, MA metro area",NA,NA,NA,NA,NA,NA,NA,NA
2026-09-03,Monthly,2013-07-01,2013-07-31,Metro,"Charlotte, NC metro area",NA,NA,NA,NA,NA,NA,NA,NA
2026-09-03,Monthly,2013-07-01,2013-07-31,Metro,"Chicago, IL metro area",NA,NA,NA,NA,NA,NA,NA,NA
2026-09-03,Monthly,2013-07-01,2013-07-31,Metro,"Cincinnati, OH metro area",NA,NA,NA,NA,NA,NA,NA,NA
2026-09-03,Monthly,2013-07-01,2013-07-31,Metro,"Cleveland, OH metro area",NA,NA,NA,NA,NA,NA,NA,NA
2026-09-03,Monthly,2013-07-01,2013-07-31,Metro,"Columbus, OH metro area",NA,NA,NA,NA,NA,NA,NA,NA
2026-09-03,Monthly,2013-07-01,2013-07-31,Metro,"Dallas, TX metro area",NA,NA,NA,NA,NA,NA,NA,NA
2026-09-03,Monthly,2013-07-01,2013-07-31,Metro,"Denver, CO metro area",NA,NA,NA,NA,NA,NA,NA,NA
2026-09-03,Monthly,2013-07-01,2013-07-31,Metro,"Detroit, MI metro area",NA,NA,NA,NA,NA,NA,NA,NA
2026-09-03,Monthly,2013-07-01,2013-07-31,Metro,"Fort Lauderdale, FL metro area",NA,NA,NA,NA,NA,NA,NA,NA
2026-09-03,Monthly,2013-07-01,2013-07-31,Metro,"Fort Worth, TX metro area",NA,NA,NA,NA,NA,NA,NA,NA
2026-09-03,Monthly,2013-07-01,2013-07-31,Metro,"Houston, TX metro area",NA,NA,NA,NA,NA,NA,NA,NA
2026-09-03,Monthly,2013-07-01,2013-07-31,Metro,"Indianapolis, IN metro area",NA,NA,NA,NA,NA,NA,NA,NA
2026-09-03,Monthly,2013-07-01,2013-07-31,Metro,"Jacksonville, FL metro area",NA,NA,NA,NA,NA,NA,NA,NA
2026-09-03,Monthly,2013-07-01,2013-07-31,Metro,"Kansas City, MO metro area",NA,NA,NA,NA,NA,NA,NA,NA
2026-09-03,Monthly,2013-07-01,2013-07-31,Metro,"Las Vegas, NV metro area",NA,NA,NA,NA,NA,NA,NA,NA
2026-09-03,Monthly,2013-07-01,2013-07-31,Metro,"Los Angeles, CA metro area",NA,NA,NA,NA,NA,NA,NA,NA
2026-09-03,Monthly,2013-07-01,2013-07-31,Metro,"Miami, FL metro area",NA,NA,NA,NA,NA,NA,NA,NA
2026-09-03,Monthly,2013-07-01,2013-07-31,Metro,"Milwaukee, WI metro area",NA,NA,NA,NA,NA,NA,NA,NA
2026-09-03,Monthly,2013-07-01,2013-07-31,Metro,"Minneapolis, MN metro area",NA,NA,NA,NA,NA,NA,NA,NA
2026-09-03,Monthly,2013-07-01,2013-07-31,Metro,"Montgomery County, PA metro area",NA,NA,NA,NA,NA,NA,NA,NA
2026-09-03,Monthly,2013-07-01,2013-07-31,Metro,"Nashville, TN metro area",NA,NA,NA,NA,NA,NA,NA,NA
2026-09-03,Monthly,2013-07-01,2013-07-31,Metro,"Nassau County, NY metro area",NA,NA,NA,NA,NA,NA,NA,NA
2026-09-03,Monthly,2013-07-01,2013-07-31,Metro,"New Brunswick, NJ metro area",NA,NA,NA,NA,NA,NA,NA,NA
2026-09-03,Monthly,2013-07-01,2013-07-31,Metro,"New York, NY metro area",NA,NA,NA,NA,NA,NA,NA,NA
2026-09-03,Monthly,2013-07-01,2013-07-31,Metro,"Newark, NJ metro area",NA,NA,NA,NA,NA,NA,NA,NA
2026-09-03,Monthly,2013-07-01,2013-07-31,Metro,"Oakland, CA metro area",NA,NA,NA,NA,NA,NA,NA,NA
2026-09-03,Monthly,2013-07-01,2013-07-31,Metro,"Orlando, FL metro area",NA,NA,NA,NA,NA,NA,NA,NA
2026-09-03,Monthly,2013-07-01,2013-07-31,Metro,"Philadelphia, PA metro area",NA,NA,NA,NA,NA,NA,NA,NA
2026-09-03,Monthly,2013-07-01,2013-07-31,Metro,"Phoenix, AZ metro area",NA,NA,NA,NA,NA,NA,NA,NA
2026-09-03,Monthly,2013-07-01,2013-07-31,Metro,"Pittsburgh, PA metro area",NA,NA,NA,NA,NA,NA,NA,NA
2026-09-03,Monthly,2013-07-01,2013-07-31,Metro,"Portland, OR metro area",NA,NA,NA,NA,NA,NA,NA,NA
2026-09-03,Monthly,2013-07-01,2013-07-31,Metro,"Providence, RI metro area",NA,NA,NA,NA,NA,NA,NA,NA
2026-09-03,Monthly,2013-07-01,2013-07-31,Metro,"Riverside, CA metro area",NA,NA,NA,NA,NA,NA,NA,NA
2026-09-03,Monthly,2013-07-01,2013-07-31,Metro,"Sacramento, CA metro area",NA,NA,NA,NA,NA,NA,NA,NA
2026-09-03,Monthly,2013-07-01,2013-07-31,Metro,"San Antonio, TX metro area",NA,NA,NA,NA,NA,NA,NA,NA
2026-09-03,Monthly,2013-07-01,2013-07-31,Metro,"San Diego, CA metro area",NA,NA,NA,NA,NA,NA,NA,NA
2026-09-03,Monthly,2013-07-01,2013-07-31,Metro,"San Francisco, CA metro area",NA,NA,NA,NA,NA,NA,NA,NA
2026-09-03,Monthly,2013-07-01,2013-07-31,Metro,"San Jose, CA metro area",NA,NA,NA,NA,NA,NA,NA,NA
2026-09-03,Monthly,2013-07-01,2013-07-31,Metro,"Seattle, WA metro area",NA,NA,NA,NA,NA,NA,NA,NA
2026-09-03,Monthly,2013-07-01,2013-07-31,Metro,"St. Louis, MO metro area",NA,NA,NA,NA,NA,NA,NA,NA
2026-09-03,Monthly,2013-07-01,2013-07-31,Metro,"Tampa, FL metro area",NA,NA,NA,NA,NA,NA,NA,NA
2026-09-03,Monthly,2013-07-01,2013-07-31,Metro,"Virginia Beach, VA metro area",NA,NA,NA,NA,NA,NA,NA,NA
2026-09-03,Monthly,2013-07-01,2013-07-31,Metro,"Warren, MI metro area",NA,NA,NA,NA,NA,NA,NA,NA
2026-09-03,Monthly,2013-07-01,2013-07-31,Metro,"Washington, DC metro area",NA,NA,NA,NA,NA,NA,NA,NA
2026-09-03,Monthly,2013-07-01,2013-07-31,Metro,"West Palm Beach, FL metro area",NA,NA,NA,NA,NA,NA,NA,NA
2026-09-03,Monthly,2013-06-01,2013-06-30,Metro,"Anaheim, CA metro area",NA,NA,NA,NA,NA,NA,NA,NA
2026-09-03,Monthly,2013-06-01,2013-06-30,Metro,"Atlanta, GA metro area",NA,NA,NA,NA,NA,NA,NA,NA
2026-09-03,Monthly,2013-06-01,2013-06-30,Metro,"Austin, TX metro area",NA,NA,NA,NA,NA,NA,NA,NA
2026-09-03,Monthly,2013-06-01,2013-06-30,Metro,"Baltimore, MD metro area",NA,NA,NA,NA,NA,NA,NA,NA
2026-09-03,Monthly,2013-06-01,2013-06-30,Metro,"Boston, MA metro area",NA,NA,NA,NA,NA,NA,NA,NA
2026-09-03,Monthly,2013-06-01,2013-06-30,Metro,"Charlotte, NC metro area",NA,NA,NA,NA,NA,NA,NA,NA
2026-09-03,Monthly,2013-06-01,2013-06-30,Metro,"Chicago, IL metro area",NA,NA,NA,NA,NA,NA,NA,NA
2026-09-03,Monthly,2013-06-01,2013-06-30,Metro,"Cincinnati, OH metro area",NA,NA,NA,NA,NA,NA,NA,NA
2026-09-03,Monthly,2013-06-01,2013-06-30,Metro,"Cleveland, OH metro area",NA,NA,NA,NA,NA,NA,NA,NA
2026-09-03,Monthly,2013-06-01,2013-06-30,Metro,"Columbus, OH metro area",NA,NA,NA,NA,NA,NA,NA,NA
2026-09-03,Monthly,2013-06-01,2013-06-30,Metro,"Dallas, TX metro area",NA,NA,NA,NA,NA,NA,NA,NA
2026-09-03,Monthly,2013-06-01,2013-06-30,Metro,"Denver, CO metro area",NA,NA,NA,NA,NA,NA,NA,NA
2026-09-03,Monthly,2013-06-01,2013-06-30,Metro,"Detroit, MI metro area",NA,NA,NA,NA,NA,NA,NA,NA
2026-09-03,Monthly,2013-06-01,2013-06-30,Metro,"Fort Lauderdale, FL metro area",NA,NA,NA,NA,NA,NA,NA,NA
2026-09-03,Monthly,2013-06-01,2013-06-30,Metro,"Fort Worth, TX metro area",NA,NA,NA,NA,NA,NA,NA,NA
2026-09-03,Monthly,2013-06-01,2013-06-30,Metro,"Houston, TX metro area",NA,NA,NA,NA,NA,NA,NA,NA
2026-09-03,Monthly,2013-06-01,2013-06-30,Metro,"Indianapolis, IN metro area",NA,NA,NA,NA,NA,NA,NA,NA
2026-09-03,Monthly,2013-06-01,2013-06-30,Metro,"Jacksonville, FL metro area",NA,NA,NA,NA,NA,NA,NA,NA
2026-09-03,Monthly,2013-06-01,2013-06-30,Metro,"Kansas City, MO metro area",NA,NA,NA,NA,NA,NA,NA,NA
2026-09-03,Monthly,2013-06-01,2013-06-30,Metro,"Las Vegas, NV metro area",NA,NA,NA,NA,NA,NA,NA,NA
2026-09-03,Monthly,2013-06-01,2013-06-30,Metro,"Los Angeles, CA metro area",NA,NA,NA,NA,NA,NA,NA,NA
2026-09-03,Monthly,2013-06-01,2013-06-30,Metro,"Miami, FL metro area",NA,NA,NA,NA,NA,NA,NA,NA
2026-09-03,Monthly,2013-06-01,2013-06-30,Metro,"Milwaukee, WI metro area",NA,NA,NA,NA,NA,NA,NA,NA
2026-09-03,Monthly,2013-06-01,2013-06-30,Metro,"Minneapolis, MN metro area",NA,NA,NA,NA,NA,NA,NA,NA
2026-09-03,Monthly,2013-06-01,2013-06-30,Metro,"Montgomery County, PA metro area",NA,NA,NA,NA,NA,NA,NA,NA
2026-09-03,Monthly,2013-06-01,2013-06-30,Metro,"Nashville, TN metro area",NA,NA,NA,NA,NA,NA,NA,NA
2026-09-03,Monthly,2013-06-01,2013-06-30,Metro,"Nassau County, NY metro area",NA,NA,NA,NA,NA,NA,NA,NA
2026-09-03,Monthly,2013-06-01,2013-06-30,Metro,"New Brunswick, NJ metro area",NA,NA,NA,NA,NA,NA,NA,NA
2026-09-03,Monthly,2013-06-01,2013-06-30,Metro,"New York, NY metro area",NA,NA,NA,NA,NA,NA,NA,NA
2026-09-03,Monthly,2013-06-01,2013-06-30,Metro,"Newark, NJ metro area",NA,NA,NA,NA,NA,NA,NA,NA
2026-09-03,Monthly,2013-06-01,2013-06-30,Metro,"Oakland, CA metro area",NA,NA,NA,NA,NA,NA,NA,NA
2026-09-03,Monthly,2013-06-01,2013-06-30,Metro,"Orlando, FL metro area",NA,NA,NA,NA,NA,NA,NA,NA
2026-09-03,Monthly,2013-06-01,2013-06-30,Metro,"Philadelphia, PA metro area",NA,NA,NA,NA,NA,NA,NA,NA
2026-09-03,Monthly,2013-06-01,2013-06-30,Metro,"Phoenix, AZ metro area",NA,NA,NA,NA,NA,NA,NA,NA
2026-09-03,Monthly,2013-06-01,2013-06-30,Metro,"Pittsburgh, PA metro area",NA,NA,NA,NA,NA,NA,NA,NA
2026-09-03,Monthly,2013-06-01,2013-06-30,Metro,"Portland, OR metro area",NA,NA,NA,NA,NA,NA,NA,NA
2026-09-03,Monthly,2013-06-01,2013-06-30,Metro,"Providence, RI metro area",NA,NA,NA,NA,NA,NA,NA,NA
2026-09-03,Monthly,2013-06-01,2013-06-30,Metro,"Riverside, CA metro area",NA,NA,NA,NA,NA,NA,NA,NA
2026-09-03,Monthly,2013-06-01,2013-06-30,Metro,"Sacramento, CA metro area",NA,NA,NA,NA,NA,NA,NA,NA
2026-09-03,Monthly,2013-06-01,2013-06-30,Metro,"San Antonio, TX metro area",NA,NA,NA,NA,NA,NA,NA,NA
2026-09-03,Monthly,2013-06-01,2013-06-30,Metro,"San Diego, CA metro area",NA,NA,NA,NA,NA,NA,NA,NA
2026-09-03,Monthly,2013-06-01,2013-06-30,Metro,"San Francisco, CA metro area",NA,NA,NA,NA,NA,NA,NA,NA
2026-09-03,Monthly,2013-06-01,2013-06-30,Metro,"San Jose, CA metro area",NA,NA,NA,NA,NA,NA,NA,NA
2026-09-03,Monthly,2013-06-01,2013-06-30,Metro,"Seattle, WA metro area",NA,NA,NA,NA,NA,NA,NA,NA
2026-09-03,Monthly,2013-06-01,2013-06-30,Metro,"St. Louis, MO metro area",NA,NA,NA,NA,NA,NA,NA,NA
2026-09-03,Monthly,2013-06-01,2013-06-30,Metro,"Tampa, FL metro area",NA,NA,NA,NA,NA,NA,NA,NA
2026-09-03,Monthly,2013-06-01,2013-06-30,Metro,"Virginia Beach, VA metro area",NA,NA,NA,NA,NA,NA,NA,NA
2026-09-03,Monthly,2013-06-01,2013-06-30,Metro,"Warren, MI metro area",NA,NA,NA,NA,NA,NA,NA,NA
2026-09-03,Monthly,2013-06-01,2013-06-30,Metro,"Washington, DC metro area",NA,NA,NA,NA,NA,NA,NA,NA
2026-09-03,Monthly,2013-06-01,2013-06-30,Metro,"West Palm Beach, FL metro area",NA,NA,NA,NA,NA,NA,NA,NA
2026-09-03,Monthly,2013-05-01,2013-05-31,Metro,"Anaheim, CA metro area",NA,NA,NA,NA,NA,NA,NA,NA
2026-09-03,Monthly,2013-05-01,2013-05-31,Metro,"Atlanta, GA metro area",NA,NA,NA,NA,NA,NA,NA,NA
2026-09-03,Monthly,2013-05-01,2013-05-31,Metro,"Austin, TX metro area",NA,NA,NA,NA,NA,NA,NA,NA
2026-09-03,Monthly,2013-05-01,2013-05-31,Metro,"Baltimore, MD metro area",NA,NA,NA,NA,NA,NA,NA,NA
2026-09-03,Monthly,2013-05-01,2013-05-31,Metro,"Boston, MA metro area",NA,NA,NA,NA,NA,NA,NA,NA
2026-09-03,Monthly,2013-05-01,2013-05-31,Metro,"Charlotte, NC metro area",NA,NA,NA,NA,NA,NA,NA,NA
2026-09-03,Monthly,2013-05-01,2013-05-31,Metro,"Chicago, IL metro area",NA,NA,NA,NA,NA,NA,NA,NA
2026-09-03,Monthly,2013-05-01,2013-05-31,Metro,"Cincinnati, OH metro area",NA,NA,NA,NA,NA,NA,NA,NA
2026-09-03,Monthly,2013-05-01,2013-05-31,Metro,"Cleveland, OH metro area",NA,NA,NA,NA,NA,NA,NA,NA
2026-09-03,Monthly,2013-05-01,2013-05-31,Metro,"Columbus, OH metro area",NA,NA,NA,NA,NA,NA,NA,NA
2026-09-03,Monthly,2013-05-01,2013-05-31,Metro,"Dallas, TX metro area",NA,NA,NA,NA,NA,NA,NA,NA
2026-09-03,Monthly,2013-05-01,2013-05-31,Metro,"Denver, CO metro area",NA,NA,NA,NA,NA,NA,NA,NA
2026-09-03,Monthly,2013-05-01,2013-05-31,Metro,"Detroit, MI metro area",NA,NA,NA,NA,NA,NA,NA,NA
2026-09-03,Monthly,2013-05-01,2013-05-31,Metro,"Fort Lauderdale, FL metro area",NA,NA,NA,NA,NA,NA,NA,NA
2026-09-03,Monthly,2013-05-01,2013-05-31,Metro,"Fort Worth, TX metro area",NA,NA,NA,NA,NA,NA,NA,NA
2026-09-03,Monthly,2013-05-01,2013-05-31,Metro,"Houston, TX metro area",NA,NA,NA,NA,NA,NA,NA,NA
2026-09-03,Monthly,2013-05-01,2013-05-31,Metro,"Indianapolis, IN metro area",NA,NA,NA,NA,NA,NA,NA,NA
2026-09-03,Monthly,2013-05-01,2013-05-31,Metro,"Jacksonville, FL metro area",NA,NA,NA,NA,NA,NA,NA,NA
2026-09-03,Monthly,2013-05-01,2013-05-31,Metro,"Kansas City, MO metro area",NA,NA,NA,NA,NA,NA,NA,NA
2026-09-03,Monthly,2013-05-01,2013-05-31,Metro,"Las Vegas, NV metro area",NA,NA,NA,NA,NA,NA,NA,NA
2026-09-03,Monthly,2013-05-01,2013-05-31,Metro,"Los Angeles, CA metro area",NA,NA,NA,NA,NA,NA,NA,NA
2026-09-03,Monthly,2013-05-01,2013-05-31,Metro,"Miami, FL metro area",NA,NA,NA,NA,NA,NA,NA,NA
2026-09-03,Monthly,2013-05-01,2013-05-31,Metro,"Milwaukee, WI metro area",NA,NA,NA,NA,NA,NA,NA,NA
2026-09-03,Monthly,2013-05-01,2013-05-31,Metro,"Minneapolis, MN metro area",NA,NA,NA,NA,NA,NA,NA,NA
2026-09-03,Monthly,2013-05-01,2013-05-31,Metro,"Montgomery County, PA metro area",NA,NA,NA,NA,NA,NA,NA,NA
2026-09-03,Monthly,2013-05-01,2013-05-31,Metro,"Nashville, TN metro area",NA,NA,NA,NA,NA,NA,NA,NA
2026-09-03,Monthly,2013-05-01,2013-05-31,Metro,"Nassau County, NY metro area",NA,NA,NA,NA,NA,NA,NA,NA
2026-09-03,Monthly,2013-05-01,2013-05-31,Metro,"New Brunswick, NJ metro area",NA,NA,NA,NA,NA,NA,NA,NA
2026-09-03,Monthly,2013-05-01,2013-05-31,Metro,"New York, NY metro area",NA,NA,NA,NA,NA,NA,NA,NA
2026-09-03,Monthly,2013-05-01,2013-05-31,Metro,"Newark, NJ metro area",NA,NA,NA,NA,NA,NA,NA,NA
2026-09-03,Monthly,2013-05-01,2013-05-31,Metro,"Oakland, CA metro area",NA,NA,NA,NA,NA,NA,NA,NA
2026-09-03,Monthly,2013-05-01,2013-05-31,Metro,"Orlando, FL metro area",NA,NA,NA,NA,NA,NA,NA,NA
2026-09-03,Monthly,2013-05-01,2013-05-31,Metro,"Philadelphia, PA metro area",NA,NA,NA,NA,NA,NA,NA,NA
2026-09-03,Monthly,2013-05-01,2013-05-31,Metro,"Phoenix, AZ metro area",NA,NA,NA,NA,NA,NA,NA,NA
2026-09-03,Monthly,2013-05-01,2013-05-31,Metro,"Pittsburgh, PA metro area",NA,NA,NA,NA,NA,NA,NA,NA
2026-09-03,Monthly,2013-05-01,2013-05-31,Metro,"Portland, OR metro area",NA,NA,NA,NA,NA,NA,NA,NA
2026-09-03,Monthly,2013-05-01,2013-05-31,Metro,"Providence, RI metro area",NA,NA,NA,NA,NA,NA,NA,NA
2026-09-03,Monthly,2013-05-01,2013-05-31,Metro,"Riverside, CA metro area",NA,NA,NA,NA,NA,NA,NA,NA
2026-09-03,Monthly,2013-05-01,2013-05-31,Metro,"Sacramento, CA metro area",NA,NA,NA,NA,NA,NA,NA,NA
2026-09-03,Monthly,2013-05-01,2013-05-31,Metro,"San Antonio, TX metro area",NA,NA,NA,NA,NA,NA,NA,NA
2026-09-03,Monthly,2013-05-01,2013-05-31,Metro,"San Diego, CA metro area",NA,NA,NA,NA,NA,NA,NA,NA
2026-09-03,Monthly,2013-05-01,2013-05-31,Metro,"San Francisco, CA metro area",NA,NA,NA,NA,NA,NA,NA,NA
2026-09-03,Monthly,2013-05-01,2013-05-31,Metro,"San Jose, CA metro area",NA,NA,NA,NA,NA,NA,NA,NA
2026-09-03,Monthly,2013-05-01,2013-05-31,Metro,"Seattle, WA metro area",NA,NA,NA,NA,NA,NA,NA,NA
2026-09-03,Monthly,2013-05-01,2013-05-31,Metro,"St. Louis, MO metro area",NA,NA,NA,NA,NA,NA,NA,NA
2026-09-03,Monthly,2013-05-01,2013-05-31,Metro,"Tampa, FL metro area",NA,NA,NA,NA,NA,NA,NA,NA
2026-09-03,Monthly,2013-05-01,2013-05-31,Metro,"Virginia Beach, VA metro area",NA,NA,NA,NA,NA,NA,NA,NA
2026-09-03,Monthly,2013-05-01,2013-05-31,Metro,"Warren, MI metro area",NA,NA,NA,NA,NA,NA,NA,NA
2026-09-03,Monthly,2013-05-01,2013-05-31,Metro,"Washington, DC metro area",NA,NA,NA,NA,NA,NA,NA,NA
2026-09-03,Monthly,2013-05-01,2013-05-31,Metro,"West Palm Beach, FL metro area",NA,NA,NA,NA,NA,NA,NA,NA
2026-09-03,Monthly,2013-04-01,2013-04-30,Metro,"Anaheim, CA metro area",NA,NA,NA,NA,NA,NA,NA,NA
2026-09-03,Monthly,2013-04-01,2013-04-30,Metro,"Atlanta, GA metro area",NA,NA,NA,NA,NA,NA,NA,NA
2026-09-03,Monthly,2013-04-01,2013-04-30,Metro,"Austin, TX metro area",NA,NA,NA,NA,NA,NA,NA,NA
2026-09-03,Monthly,2013-04-01,2013-04-30,Metro,"Baltimore, MD metro area",NA,NA,NA,NA,NA,NA,NA,NA
2026-09-03,Monthly,2013-04-01,2013-04-30,Metro,"Boston, MA metro area",NA,NA,NA,NA,NA,NA,NA,NA
2026-09-03,Monthly,2013-04-01,2013-04-30,Metro,"Charlotte, NC metro area",NA,NA,NA,NA,NA,NA,NA,NA
2026-09-03,Monthly,2013-04-01,2013-04-30,Metro,"Chicago, IL metro area",NA,NA,NA,NA,NA,NA,NA,NA
2026-09-03,Monthly,2013-04-01,2013-04-30,Metro,"Cincinnati, OH metro area",NA,NA,NA,NA,NA,NA,NA,NA
2026-09-03,Monthly,2013-04-01,2013-04-30,Metro,"Cleveland, OH metro area",NA,NA,NA,NA,NA,NA,NA,NA
2026-09-03,Monthly,2013-04-01,2013-04-30,Metro,"Columbus, OH metro area",NA,NA,NA,NA,NA,NA,NA,NA
2026-09-03,Monthly,2013-04-01,2013-04-30,Metro,"Dallas, TX metro area",NA,NA,NA,NA,NA,NA,NA,NA
2026-09-03,Monthly,2013-04-01,2013-04-30,Metro,"Denver, CO metro area",NA,NA,NA,NA,NA,NA,NA,NA
2026-09-03,Monthly,2013-04-01,2013-04-30,Metro,"Detroit, MI metro area",NA,NA,NA,NA,NA,NA,NA,NA
2026-09-03,Monthly,2013-04-01,2013-04-30,Metro,"Fort Lauderdale, FL metro area",NA,NA,NA,NA,NA,NA,NA,NA
2026-09-03,Monthly,2013-04-01,2013-04-30,Metro,"Fort Worth, TX metro area",NA,NA,NA,NA,NA,NA,NA,NA
2026-09-03,Monthly,2013-04-01,2013-04-30,Metro,"Houston, TX metro area",NA,NA,NA,NA,NA,NA,NA,NA
2026-09-03,Monthly,2013-04-01,2013-04-30,Metro,"Indianapolis, IN metro area",NA,NA,NA,NA,NA,NA,NA,NA
2026-09-03,Monthly,2013-04-01,2013-04-30,Metro,"Jacksonville, FL metro area",NA,NA,NA,NA,NA,NA,NA,NA
2026-09-03,Monthly,2013-04-01,2013-04-30,Metro,"Kansas City, MO metro area",NA,NA,NA,NA,NA,NA,NA,NA
2026-09-03,Monthly,2013-04-01,2013-04-30,Metro,"Las Vegas, NV metro area",NA,NA,NA,NA,NA,NA,NA,NA
2026-09-03,Monthly,2013-04-01,2013-04-30,Metro,"Los Angeles, CA metro area",NA,NA,NA,NA,NA,NA,NA,NA
2026-09-03,Monthly,2013-04-01,2013-04-30,Metro,"Miami, FL metro area",NA,NA,NA,NA,NA,NA,NA,NA
2026-09-03,Monthly,2013-04-01,2013-04-30,Metro,"Milwaukee, WI metro area",NA,NA,NA,NA,NA,NA,NA,NA
2026-09-03,Monthly,2013-04-01,2013-04-30,Metro,"Minneapolis, MN metro area",NA,NA,NA,NA,NA,NA,NA,NA
2026-09-03,Monthly,2013-04-01,2013-04-30,Metro,"Montgomery County, PA metro area",NA,NA,NA,NA,NA,NA,NA,NA
2026-09-03,Monthly,2013-04-01,2013-04-30,Metro,"Nashville, TN metro area",NA,NA,NA,NA,NA,NA,NA,NA
2026-09-03,Monthly,2013-04-01,2013-04-30,Metro,"Nassau County, NY metro area",NA,NA,NA,NA,NA,NA,NA,NA
2026-09-03,Monthly,2013-04-01,2013-04-30,Metro,"New Brunswick, NJ metro area",NA,NA,NA,NA,NA,NA,NA,NA
2026-09-03,Monthly,2013-04-01,2013-04-30,Metro,"New York, NY metro area",NA,NA,NA,NA,NA,NA,NA,NA
2026-09-03,Monthly,2013-04-01,2013-04-30,Metro,"Newark, NJ metro area",NA,NA,NA,NA,NA,NA,NA,NA
2026-09-03,Monthly,2013-04-01,2013-04-30,Metro,"Oakland, CA metro area",NA,NA,NA,NA,NA,NA,NA,NA
2026-09-03,Monthly,2013-04-01,2013-04-30,Metro,"Orlando, FL metro area",NA,NA,NA,NA,NA,NA,NA,NA
2026-09-03,Monthly,2013-04-01,2013-04-30,Metro,"Philadelphia, PA metro area",NA,NA,NA,NA,NA,NA,NA,NA
2026-09-03,Monthly,2013-04-01,2013-04-30,Metro,"Phoenix, AZ metro area",NA,NA,NA,NA,NA,NA,NA,NA
2026-09-03,Monthly,2013-04-01,2013-04-30,Metro,"Pittsburgh, PA metro area",NA,NA,NA,NA,NA,NA,NA,NA
2026-09-03,Monthly,2013-04-01,2013-04-30,Metro,"Portland, OR metro area",NA,NA,NA,NA,NA,NA,NA,NA
2026-09-03,Monthly,2013-04-01,2013-04-30,Metro,"Providence, RI metro area",NA,NA,NA,NA,NA,NA,NA,NA
2026-09-03,Monthly,2013-04-01,2013-04-30,Metro,"Riverside, CA metro area",NA,NA,NA,NA,NA,NA,NA,NA
2026-09-03,Monthly,2013-04-01,2013-04-30,Metro,"Sacramento, CA metro area",NA,NA,NA,NA,NA,NA,NA,NA
2026-09-03,Monthly,2013-04-01,2013-04-30,Metro,"San Antonio, TX metro area",NA,NA,NA,NA,NA,NA,NA,NA
2026-09-03,Monthly,2013-04-01,2013-04-30,Metro,"San Diego, CA metro area",NA,NA,NA,NA,NA,NA,NA,NA
2026-09-03,Monthly,2013-04-01,2013-04-30,Metro,"San Francisco, CA metro area",NA,NA,NA,NA,NA,NA,NA,NA
2026-09-03,Monthly,2013-04-01,2013-04-30,Metro,"San Jose, CA metro area",NA,NA,NA,NA,NA,NA,NA,NA
2026-09-03,Monthly,2013-04-01,2013-04-30,Metro,"Seattle, WA metro area",NA,NA,NA,NA,NA,NA,NA,NA
2026-09-03,Monthly,2013-04-01,2013-04-30,Metro,"St. Louis, MO metro area",NA,NA,NA,NA,NA,NA,NA,NA
2026-09-03,Monthly,2013-04-01,2013-04-30,Metro,"Tampa, FL metro area",NA,NA,NA,NA,NA,NA,NA,NA
2026-09-03,Monthly,2013-04-01,2013-04-30,Metro,"Virginia Beach, VA metro area",NA,NA,NA,NA,NA,NA,NA,NA
2026-09-03,Monthly,2013-04-01,2013-04-30,Metro,"Warren, MI metro area",NA,NA,NA,NA,NA,NA,NA,NA
2026-09-03,Monthly,2013-04-01,2013-04-30,Metro,"Washington, DC metro area",NA,NA,NA,NA,NA,NA,NA,NA
2026-09-03,Monthly,2013-04-01,2013-04-30,Metro,"West Palm Beach, FL metro area",NA,NA,NA,NA,NA,NA,NA,NA
2026-09-03,Monthly,2013-03-01,2013-03-31,Metro,"Anaheim, CA metro area",NA,NA,NA,NA,NA,NA,NA,NA
2026-09-03,Monthly,2013-03-01,2013-03-31,Metro,"Atlanta, GA metro area",NA,NA,NA,NA,NA,NA,NA,NA
2026-09-03,Monthly,2013-03-01,2013-03-31,Metro,"Austin, TX metro area",NA,NA,NA,NA,NA,NA,NA,NA
2026-09-03,Monthly,2013-03-01,2013-03-31,Metro,"Baltimore, MD metro area",NA,NA,NA,NA,NA,NA,NA,NA
2026-09-03,Monthly,2013-03-01,2013-03-31,Metro,"Boston, MA metro area",NA,NA,NA,NA,NA,NA,NA,NA
2026-09-03,Monthly,2013-03-01,2013-03-31,Metro,"Charlotte, NC metro area",NA,NA,NA,NA,NA,NA,NA,NA
2026-09-03,Monthly,2013-03-01,2013-03-31,Metro,"Chicago, IL metro area",NA,NA,NA,NA,NA,NA,NA,NA
2026-09-03,Monthly,2013-03-01,2013-03-31,Metro,"Cincinnati, OH metro area",NA,NA,NA,NA,NA,NA,NA,NA
2026-09-03,Monthly,2013-03-01,2013-03-31,Metro,"Cleveland, OH metro area",NA,NA,NA,NA,NA,NA,NA,NA
2026-09-03,Monthly,2013-03-01,2013-03-31,Metro,"Columbus, OH metro area",NA,NA,NA,NA,NA,NA,NA,NA
2026-09-03,Monthly,2013-03-01,2013-03-31,Metro,"Dallas, TX metro area",NA,NA,NA,NA,NA,NA,NA,NA
2026-09-03,Monthly,2013-03-01,2013-03-31,Metro,"Denver, CO metro area",NA,NA,NA,NA,NA,NA,NA,NA
2026-09-03,Monthly,2013-03-01,2013-03-31,Metro,"Detroit, MI metro area",NA,NA,NA,NA,NA,NA,NA,NA
2026-09-03,Monthly,2013-03-01,2013-03-31,Metro,"Fort Lauderdale, FL metro area",NA,NA,NA,NA,NA,NA,NA,NA
2026-09-03,Monthly,2013-03-01,2013-03-31,Metro,"Fort Worth, TX metro area",NA,NA,NA,NA,NA,NA,NA,NA
2026-09-03,Monthly,2013-03-01,2013-03-31,Metro,"Houston, TX metro area",NA,NA,NA,NA,NA,NA,NA,NA
2026-09-03,Monthly,2013-03-01,2013-03-31,Metro,"Indianapolis, IN metro area",NA,NA,NA,NA,NA,NA,NA,NA
2026-09-03,Monthly,2013-03-01,2013-03-31,Metro,"Jacksonville, FL metro area",NA,NA,NA,NA,NA,NA,NA,NA
2026-09-03,Monthly,2013-03-01,2013-03-31,Metro,"Kansas City, MO metro area",NA,NA,NA,NA,NA,NA,NA,NA
2026-09-03,Monthly,2013-03-01,2013-03-31,Metro,"Las Vegas, NV metro area",NA,NA,NA,NA,NA,NA,NA,NA
2026-09-03,Monthly,2013-03-01,2013-03-31,Metro,"Los Angeles, CA metro area",NA,NA,NA,NA,NA,NA,NA,NA
2026-09-03,Monthly,2013-03-01,2013-03-31,Metro,"Miami, FL metro area",NA,NA,NA,NA,NA,NA,NA,NA
2026-09-03,Monthly,2013-03-01,2013-03-31,Metro,"Milwaukee, WI metro area",NA,NA,NA,NA,NA,NA,NA,NA
2026-09-03,Monthly,2013-03-01,2013-03-31,Metro,"Minneapolis, MN metro area",NA,NA,NA,NA,NA,NA,NA,NA
2026-09-03,Monthly,2013-03-01,2013-03-31,Metro,"Montgomery County, PA metro area",NA,NA,NA,NA,NA,NA,NA,NA
2026-09-03,Monthly,2013-03-01,2013-03-31,Metro,"Nashville, TN metro area",NA,NA,NA,NA,NA,NA,NA,NA
2026-09-03,Monthly,2013-03-01,2013-03-31,Metro,"Nassau County, NY metro area",NA,NA,NA,NA,NA,NA,NA,NA
2026-09-03,Monthly,2013-03-01,2013-03-31,Metro,"New Brunswick, NJ metro area",NA,NA,NA,NA,NA,NA,NA,NA
2026-09-03,Monthly,2013-03-01,2013-03-31,Metro,"New York, NY metro area",NA,NA,NA,NA,NA,NA,NA,NA
2026-09-03,Monthly,2013-03-01,2013-03-31,Metro,"Newark, NJ metro area",NA,NA,NA,NA,NA,NA,NA,NA
2026-09-03,Monthly,2013-03-01,2013-03-31,Metro,"Oakland, CA metro area",NA,NA,NA,NA,NA,NA,NA,NA
2026-09-03,Monthly,2013-03-01,2013-03-31,Metro,"Orlando, FL metro area",NA,NA,NA,NA,NA,NA,NA,NA
2026-09-03,Monthly,2013-03-01,2013-03-31,Metro,"Philadelphia, PA metro area",NA,NA,NA,NA,NA,NA,NA,NA
2026-09-03,Monthly,2013-03-01,2013-03-31,Metro,"Phoenix, AZ metro area",NA,NA,NA,NA,NA,NA,NA,NA
2026-09-03,Monthly,2013-03-01,2013-03-31,Metro,"Pittsburgh, PA metro area",NA,NA,NA,NA,NA,NA,NA,NA
2026-09-03,Monthly,2013-03-01,2013-03-31,Metro,"Portland, OR metro area",NA,NA,NA,NA,NA,NA,NA,NA
2026-09-03,Monthly,2013-03-01,2013-03-31,Metro,"Providence, RI metro area",NA,NA,NA,NA,NA,NA,NA,NA
2026-09-03,Monthly,2013-03-01,2013-03-31,Metro,"Riverside, CA metro area",NA,NA,NA,NA,NA,NA,NA,NA
2026-09-03,Monthly,2013-03-01,2013-03-31,Metro,"Sacramento, CA metro area",NA,NA,NA,NA,NA,NA,NA,NA
2026-09-03,Monthly,2013-03-01,2013-03-31,Metro,"San Antonio, TX metro area",NA,NA,NA,NA,NA,NA,NA,NA
2026-09-03,Monthly,2013-03-01,2013-03-31,Metro,"San Diego, CA metro area",NA,NA,NA,NA,NA,NA,NA,NA
2026-09-03,Monthly,2013-03-01,2013-03-31,Metro,"San Francisco, CA metro area",NA,NA,NA,NA,NA,NA,NA,NA
2026-09-03,Monthly,2013-03-01,2013-03-31,Metro,"San Jose, CA metro area",NA,NA,NA,NA,NA,NA,NA,NA
2026-09-03,Monthly,2013-03-01,2013-03-31,Metro,"Seattle, WA metro area",NA,NA,NA,NA,NA,NA,NA,NA
2026-09-03,Monthly,2013-03-01,2013-03-31,Metro,"St. Louis, MO metro area",NA,NA,NA,NA,NA,NA,NA,NA
2026-09-03,Monthly,2013-03-01,2013-03-31,Metro,"Tampa, FL metro area",NA,NA,NA,NA,NA,NA,NA,NA
2026-09-03,Monthly,2013-03-01,2013-03-31,Metro,"Virginia Beach, VA metro area",NA,NA,NA,NA,NA,NA,NA,NA
2026-09-03,Monthly,2013-03-01,2013-03-31,Metro,"Warren, MI metro area",NA,NA,NA,NA,NA,NA,NA,NA
2026-09-03,Monthly,2013-03-01,2013-03-31,Metro,"Washington, DC metro area",NA,NA,NA,NA,NA,NA,NA,NA
2026-09-03,Monthly,2013-03-01,2013-03-31,Metro,"West Palm Beach, FL metro area",NA,NA,NA,NA,NA,NA,NA,NA
2026-09-03,Monthly,2013-02-01,2013-02-28,Metro,"Anaheim, CA metro area",NA,NA,NA,NA,NA,NA,NA,NA
2026-09-03,Monthly,2013-02-01,2013-02-28,Metro,"Atlanta, GA metro area",NA,NA,NA,NA,NA,NA,NA,NA
2026-09-03,Monthly,2013-02-01,2013-02-28,Metro,"Austin, TX metro area",NA,NA,NA,NA,NA,NA,NA,NA
2026-09-03,Monthly,2013-02-01,2013-02-28,Metro,"Baltimore, MD metro area",NA,NA,NA,NA,NA,NA,NA,NA
2026-09-03,Monthly,2013-02-01,2013-02-28,Metro,"Boston, MA metro area",NA,NA,NA,NA,NA,NA,NA,NA
2026-09-03,Monthly,2013-02-01,2013-02-28,Metro,"Charlotte, NC metro area",NA,NA,NA,NA,NA,NA,NA,NA
2026-09-03,Monthly,2013-02-01,2013-02-28,Metro,"Chicago, IL metro area",NA,NA,NA,NA,NA,NA,NA,NA
2026-09-03,Monthly,2013-02-01,2013-02-28,Metro,"Cincinnati, OH metro area",NA,NA,NA,NA,NA,NA,NA,NA
2026-09-03,Monthly,2013-02-01,2013-02-28,Metro,"Cleveland, OH metro area",NA,NA,NA,NA,NA,NA,NA,NA
2026-09-03,Monthly,2013-02-01,2013-02-28,Metro,"Columbus, OH metro area",NA,NA,NA,NA,NA,NA,NA,NA
2026-09-03,Monthly,2013-02-01,2013-02-28,Metro,"Dallas, TX metro area",NA,NA,NA,NA,NA,NA,NA,NA
2026-09-03,Monthly,2013-02-01,2013-02-28,Metro,"Denver, CO metro area",NA,NA,NA,NA,NA,NA,NA,NA
2026-09-03,Monthly,2013-02-01,2013-02-28,Metro,"Detroit, MI metro area",NA,NA,NA,NA,NA,NA,NA,NA
2026-09-03,Monthly,2013-02-01,2013-02-28,Metro,"Fort Lauderdale, FL metro area",NA,NA,NA,NA,NA,NA,NA,NA
2026-09-03,Monthly,2013-02-01,2013-02-28,Metro,"Fort Worth, TX metro area",NA,NA,NA,NA,NA,NA,NA,NA
2026-09-03,Monthly,2013-02-01,2013-02-28,Metro,"Houston, TX metro area",NA,NA,NA,NA,NA,NA,NA,NA
2026-09-03,Monthly,2013-02-01,2013-02-28,Metro,"Indianapolis, IN metro area",NA,NA,NA,NA,NA,NA,NA,NA
2026-09-03,Monthly,2013-02-01,2013-02-28,Metro,"Jacksonville, FL metro area",NA,NA,NA,NA,NA,NA,NA,NA
2026-09-03,Monthly,2013-02-01,2013-02-28,Metro,"Kansas City, MO metro area",NA,NA,NA,NA,NA,NA,NA,NA
2026-09-03,Monthly,2013-02-01,2013-02-28,Metro,"Las Vegas, NV metro area",NA,NA,NA,NA,NA,NA,NA,NA
2026-09-03,Monthly,2013-02-01,2013-02-28,Metro,"Los Angeles, CA metro area",NA,NA,NA,NA,NA,NA,NA,NA
2026-09-03,Monthly,2013-02-01,2013-02-28,Metro,"Miami, FL metro area",NA,NA,NA,NA,NA,NA,NA,NA
2026-09-03,Monthly,2013-02-01,2013-02-28,Metro,"Milwaukee, WI metro area",NA,NA,NA,NA,NA,NA,NA,NA
2026-09-03,Monthly,2013-02-01,2013-02-28,Metro,"Minneapolis, MN metro area",NA,NA,NA,NA,NA,NA,NA,NA
2026-09-03,Monthly,2013-02-01,2013-02-28,Metro,"Montgomery County, PA metro area",NA,NA,NA,NA,NA,NA,NA,NA
2026-09-03,Monthly,2013-02-01,2013-02-28,Metro,"Nashville, TN metro area",NA,NA,NA,NA,NA,NA,NA,NA
2026-09-03,Monthly,2013-02-01,2013-02-28,Metro,"Nassau County, NY metro area",NA,NA,NA,NA,NA,NA,NA,NA
2026-09-03,Monthly,2013-02-01,2013-02-28,Metro,"New Brunswick, NJ metro area",NA,NA,NA,NA,NA,NA,NA,NA
2026-09-03,Monthly,2013-02-01,2013-02-28,Metro,"New York, NY metro area",NA,NA,NA,NA,NA,NA,NA,NA
2026-09-03,Monthly,2013-02-01,2013-02-28,Metro,"Newark, NJ metro area",NA,NA,NA,NA,NA,NA,NA,NA
2026-09-03,Monthly,2013-02-01,2013-02-28,Metro,"Oakland, CA metro area",NA,NA,NA,NA,NA,NA,NA,NA
2026-09-03,Monthly,2013-02-01,2013-02-28,Metro,"Orlando, FL metro area",NA,NA,NA,NA,NA,NA,NA,NA
2026-09-03,Monthly,2013-02-01,2013-02-28,Metro,"Philadelphia, PA metro area",NA,NA,NA,NA,NA,NA,NA,NA
2026-09-03,Monthly,2013-02-01,2013-02-28,Metro,"Phoenix, AZ metro area",NA,NA,NA,NA,NA,NA,NA,NA
2026-09-03,Monthly,2013-02-01,2013-02-28,Metro,"Pittsburgh, PA metro area",NA,NA,NA,NA,NA,NA,NA,NA
2026-09-03,Monthly,2013-02-01,2013-02-28,Metro,"Portland, OR metro area",NA,NA,NA,NA,NA,NA,NA,NA
2026-09-03,Monthly,2013-02-01,2013-02-28,Metro,"Providence, RI metro area",NA,NA,NA,NA,NA,NA,NA,NA
2026-09-03,Monthly,2013-02-01,2013-02-28,Metro,"Riverside, CA metro area",NA,NA,NA,NA,NA,NA,NA,NA
2026-09-03,Monthly,2013-02-01,2013-02-28,Metro,"Sacramento, CA metro area",NA,NA,NA,NA,NA,NA,NA,NA
2026-09-03,Monthly,2013-02-01,2013-02-28,Metro,"San Antonio, TX metro area",NA,NA,NA,NA,NA,NA,NA,NA
2026-09-03,Monthly,2013-02-01,2013-02-28,Metro,"San Diego, CA metro area",NA,NA,NA,NA,NA,NA,NA,NA
2026-09-03,Monthly,2013-02-01,2013-02-28,Metro,"San Francisco, CA metro area",NA,NA,NA,NA,NA,NA,NA,NA
2026-09-03,Monthly,2013-02-01,2013-02-28,Metro,"San Jose, CA metro area",NA,NA,NA,NA,NA,NA,NA,NA
2026-09-03,Monthly,2013-02-01,2013-02-28,Metro,"Seattle, WA metro area",NA,NA,NA,NA,NA,NA,NA,NA
2026-09-03,Monthly,2013-02-01,2013-02-28,Metro,"St. Louis, MO metro area",NA,NA,NA,NA,NA,NA,NA,NA
2026-09-03,Monthly,2013-02-01,2013-02-28,Metro,"Tampa, FL metro area",NA,NA,NA,NA,NA,NA,NA,NA
2026-09-03,Monthly,2013-02-01,2013-02-28,Metro,"Virginia Beach, VA metro area",NA,NA,NA,NA,NA,NA,NA,NA
2026-09-03,Monthly,2013-02-01,2013-02-28,Metro,"Warren, MI metro area",NA,NA,NA,NA,NA,NA,NA,NA
2026-09-03,Monthly,2013-02-01,2013-02-28,Metro,"Washington, DC metro area",NA,NA,NA,NA,NA,NA,NA,NA
2026-09-03,Monthly,2013-02-01,2013-02-28,Metro,"West Palm Beach, FL metro area",NA,NA,NA,NA,NA,NA,NA,NA
2026-09-03,Monthly,2013-01-01,2013-01-31,Metro,"Anaheim, CA metro area",NA,NA,NA,NA,NA,NA,NA,NA
2026-09-03,Monthly,2013-01-01,2013-01-31,Metro,"Atlanta, GA metro area",NA,NA,NA,NA,NA,NA,NA,NA
2026-09-03,Monthly,2013-01-01,2013-01-31,Metro,"Austin, TX metro area",NA,NA,NA,NA,NA,NA,NA,NA
2026-09-03,Monthly,2013-01-01,2013-01-31,Metro,"Baltimore, MD metro area",NA,NA,NA,NA,NA,NA,NA,NA
2026-09-03,Monthly,2013-01-01,2013-01-31,Metro,"Boston, MA metro area",NA,NA,NA,NA,NA,NA,NA,NA
2026-09-03,Monthly,2013-01-01,2013-01-31,Metro,"Charlotte, NC metro area",NA,NA,NA,NA,NA,NA,NA,NA
2026-09-03,Monthly,2013-01-01,2013-01-31,Metro,"Chicago, IL metro area",NA,NA,NA,NA,NA,NA,NA,NA
2026-09-03,Monthly,2013-01-01,2013-01-31,Metro,"Cincinnati, OH metro area",NA,NA,NA,NA,NA,NA,NA,NA
2026-09-03,Monthly,2013-01-01,2013-01-31,Metro,"Cleveland, OH metro area",NA,NA,NA,NA,NA,NA,NA,NA
2026-09-03,Monthly,2013-01-01,2013-01-31,Metro,"Columbus, OH metro area",NA,NA,NA,NA,NA,NA,NA,NA
2026-09-03,Monthly,2013-01-01,2013-01-31,Metro,"Dallas, TX metro area",NA,NA,NA,NA,NA,NA,NA,NA
2026-09-03,Monthly,2013-01-01,2013-01-31,Metro,"Denver, CO metro area",NA,NA,NA,NA,NA,NA,NA,NA
2026-09-03,Monthly,2013-01-01,2013-01-31,Metro,"Detroit, MI metro area",NA,NA,NA,NA,NA,NA,NA,NA
2026-09-03,Monthly,2013-01-01,2013-01-31,Metro,"Fort Lauderdale, FL metro area",NA,NA,NA,NA,NA,NA,NA,NA
2026-09-03,Monthly,2013-01-01,2013-01-31,Metro,"Fort Worth, TX metro area",NA,NA,NA,NA,NA,NA,NA,NA
2026-09-03,Monthly,2013-01-01,2013-01-31,Metro,"Houston, TX metro area",NA,NA,NA,NA,NA,NA,NA,NA
2026-09-03,Monthly,2013-01-01,2013-01-31,Metro,"Indianapolis, IN metro area",NA,NA,NA,NA,NA,NA,NA,NA
2026-09-03,Monthly,2013-01-01,2013-01-31,Metro,"Jacksonville, FL metro area",NA,NA,NA,NA,NA,NA,NA,NA
2026-09-03,Monthly,2013-01-01,2013-01-31,Metro,"Kansas City, MO metro area",NA,NA,NA,NA,NA,NA,NA,NA
2026-09-03,Monthly,2013-01-01,2013-01-31,Metro,"Las Vegas, NV metro area",NA,NA,NA,NA,NA,NA,NA,NA
2026-09-03,Monthly,2013-01-01,2013-01-31,Metro,"Los Angeles, CA metro area",NA,NA,NA,NA,NA,NA,NA,NA
2026-09-03,Monthly,2013-01-01,2013-01-31,Metro,"Miami, FL metro area",NA,NA,NA,NA,NA,NA,NA,NA
2026-09-03,Monthly,2013-01-01,2013-01-31,Metro,"Milwaukee, WI metro area",NA,NA,NA,NA,NA,NA,NA,NA
2026-09-03,Monthly,2013-01-01,2013-01-31,Metro,"Minneapolis, MN metro area",NA,NA,NA,NA,NA,NA,NA,NA
2026-09-03,Monthly,2013-01-01,2013-01-31,Metro,"Montgomery County, PA metro area",NA,NA,NA,NA,NA,NA,NA,NA
2026-09-03,Monthly,2013-01-01,2013-01-31,Metro,"Nashville, TN metro area",NA,NA,NA,NA,NA,NA,NA,NA
2026-09-03,Monthly,2013-01-01,2013-01-31,Metro,"Nassau County, NY metro area",NA,NA,NA,NA,NA,NA,NA,NA
2026-09-03,Monthly,2013-01-01,2013-01-31,Metro,"New Brunswick, NJ metro area",NA,NA,NA,NA,NA,NA,NA,NA
2026-09-03,Monthly,2013-01-01,2013-01-31,Metro,"New York, NY metro area",NA,NA,NA,NA,NA,NA,NA,NA
2026-09-03,Monthly,2013-01-01,2013-01-31,Metro,"Newark, NJ metro area",NA,NA,NA,NA,NA,NA,NA,NA
2026-09-03,Monthly,2013-01-01,2013-01-31,Metro,"Oakland, CA metro area",NA,NA,NA,NA,NA,NA,NA,NA
2026-09-03,Monthly,2013-01-01,2013-01-31,Metro,"Orlando, FL metro area",NA,NA,NA,NA,NA,NA,NA,NA
2026-09-03,Monthly,2013-01-01,2013-01-31,Metro,"Philadelphia, PA metro area",NA,NA,NA,NA,NA,NA,NA,NA
2026-09-03,Monthly,2013-01-01,2013-01-31,Metro,"Phoenix, AZ metro area",NA,NA,NA,NA,NA,NA,NA,NA
2026-09-03,Monthly,2013-01-01,2013-01-31,Metro,"Pittsburgh, PA metro area",NA,NA,NA,NA,NA,NA,NA,NA
2026-09-03,Monthly,2013-01-01,2013-01-31,Metro,"Portland, OR metro area",NA,NA,NA,NA,NA,NA,NA,NA
2026-09-03,Monthly,2013-01-01,2013-01-31,Metro,"Providence, RI metro area",NA,NA,NA,NA,NA,NA,NA,NA
2026-09-03,Monthly,2013-01-01,2013-01-31,Metro,"Riverside, CA metro area",NA,NA,NA,NA,NA,NA,NA,NA
2026-09-03,Monthly,2013-01-01,2013-01-31,Metro,"Sacramento, CA metro area",NA,NA,NA,NA,NA,NA,NA,NA
2026-09-03,Monthly,2013-01-01,2013-01-31,Metro,"San Antonio, TX metro area",NA,NA,NA,NA,NA,NA,NA,NA
2026-09-03,Monthly,2013-01-01,2013-01-31,Metro,"San Diego, CA metro area",NA,NA,NA,NA,NA,NA,NA,NA
2026-09-03,Monthly,2013-01-01,2013-01-31,Metro,"San Francisco, CA metro area",NA,NA,NA,NA,NA,NA,NA,NA
2026-09-03,Monthly,2013-01-01,2013-01-31,Metro,"San Jose, CA metro area",NA,NA,NA,NA,NA,NA,NA,NA
2026-09-03,Monthly,2013-01-01,2013-01-31,Metro,"Seattle, WA metro area",NA,NA,NA,NA,NA,NA,NA,NA
2026-09-03,Monthly,2013-01-01,2013-01-31,Metro,"St. Louis, MO metro area",NA,NA,NA,NA,NA,NA,NA,NA
2026-09-03,Monthly,2013-01-01,2013-01-31,Metro,"Tampa, FL metro area",NA,NA,NA,NA,NA,NA,NA,NA
2026-09-03,Monthly,2013-01-01,2013-01-31,Metro,"Virginia Beach, VA metro area",NA,NA,NA,NA,NA,NA,NA,NA
2026-09-03,Monthly,2013-01-01,2013-01-31,Metro,"Warren, MI metro area",NA,NA,NA,NA,NA,NA,NA,NA
2026-09-03,Monthly,2013-01-01,2013-01-31,Metro,"Washington, DC metro area",NA,NA,NA,NA,NA,NA,NA,NA
2026-09-03,Monthly,2013-01-01,2013-01-31,Metro,"West Palm Beach, FL metro area",NA,NA,NA,NA,NA,NA,NA,NA
2026-09-03,Monthly,2012-12-01,2012-12-31,Metro,"Anaheim, CA metro area",NA,NA,NA,NA,NA,NA,NA,NA
2026-09-03,Monthly,2012-12-01,2012-12-31,Metro,"Atlanta, GA metro area",NA,NA,NA,NA,NA,NA,NA,NA
2026-09-03,Monthly,2012-12-01,2012-12-31,Metro,"Austin, TX metro area",NA,NA,NA,NA,NA,NA,NA,NA
2026-09-03,Monthly,2012-12-01,2012-12-31,Metro,"Baltimore, MD metro area",NA,NA,NA,NA,NA,NA,NA,NA
2026-09-03,Monthly,2012-12-01,2012-12-31,Metro,"Boston, MA metro area",NA,NA,NA,NA,NA,NA,NA,NA
2026-09-03,Monthly,2012-12-01,2012-12-31,Metro,"Charlotte, NC metro area",NA,NA,NA,NA,NA,NA,NA,NA
2026-09-03,Monthly,2012-12-01,2012-12-31,Metro,"Chicago, IL metro area",NA,NA,NA,NA,NA,NA,NA,NA
2026-09-03,Monthly,2012-12-01,2012-12-31,Metro,"Cincinnati, OH metro area",NA,NA,NA,NA,NA,NA,NA,NA
2026-09-03,Monthly,2012-12-01,2012-12-31,Metro,"Cleveland, OH metro area",NA,NA,NA,NA,NA,NA,NA,NA
2026-09-03,Monthly,2012-12-01,2012-12-31,Metro,"Columbus, OH metro area",NA,NA,NA,NA,NA,NA,NA,NA
2026-09-03,Monthly,2012-12-01,2012-12-31,Metro,"Dallas, TX metro area",NA,NA,NA,NA,NA,NA,NA,NA
2026-09-03,Monthly,2012-12-01,2012-12-31,Metro,"Denver, CO metro area",NA,NA,NA,NA,NA,NA,NA,NA
2026-09-03,Monthly,2012-12-01,2012-12-31,Metro,"Detroit, MI metro area",NA,NA,NA,NA,NA,NA,NA,NA
2026-09-03,Monthly,2012-12-01,2012-12-31,Metro,"Fort Lauderdale, FL metro area",NA,NA,NA,NA,NA,NA,NA,NA
2026-09-03,Monthly,2012-12-01,2012-12-31,Metro,"Fort Worth, TX metro area",NA,NA,NA,NA,NA,NA,NA,NA
2026-09-03,Monthly,2012-12-01,2012-12-31,Metro,"Houston, TX metro area",NA,NA,NA,NA,NA,NA,NA,NA
2026-09-03,Monthly,2012-12-01,2012-12-31,Metro,"Indianapolis, IN metro area",NA,NA,NA,NA,NA,NA,NA,NA
2026-09-03,Monthly,2012-12-01,2012-12-31,Metro,"Jacksonville, FL metro area",NA,NA,NA,NA,NA,NA,NA,NA
2026-09-03,Monthly,2012-12-01,2012-12-31,Metro,"Kansas City, MO metro area",NA,NA,NA,NA,NA,NA,NA,NA
2026-09-03,Monthly,2012-12-01,2012-12-31,Metro,"Las Vegas, NV metro area",NA,NA,NA,NA,NA,NA,NA,NA
2026-09-03,Monthly,2012-12-01,2012-12-31,Metro,"Los Angeles, CA metro area",NA,NA,NA,NA,NA,NA,NA,NA
2026-09-03,Monthly,2012-12-01,2012-12-31,Metro,"Miami, FL metro area",NA,NA,NA,NA,NA,NA,NA,NA
2026-09-03,Monthly,2012-12-01,2012-12-31,Metro,"Milwaukee, WI metro area",NA,NA,NA,NA,NA,NA,NA,NA
2026-09-03,Monthly,2012-12-01,2012-12-31,Metro,"Minneapolis, MN metro area",NA,NA,NA,NA,NA,NA,NA,NA
2026-09-03,Monthly,2012-12-01,2012-12-31,Metro,"Montgomery County, PA metro area",NA,NA,NA,NA,NA,NA,NA,NA
2026-09-03,Monthly,2012-12-01,2012-12-31,Metro,"Nashville, TN metro area",NA,NA,NA,NA,NA,NA,NA,NA
2026-09-03,Monthly,2012-12-01,2012-12-31,Metro,"Nassau County, NY metro area",NA,NA,NA,NA,NA,NA,NA,NA
2026-09-03,Monthly,2012-12-01,2012-12-31,Metro,"New Brunswick, NJ metro area",NA,NA,NA,NA,NA,NA,NA,NA
2026-09-03,Monthly,2012-12-01,2012-12-31,Metro,"New York, NY metro area",NA,NA,NA,NA,NA,NA,NA,NA
2026-09-03,Monthly,2012-12-01,2012-12-31,Metro,"Newark, NJ metro area",NA,NA,NA,NA,NA,NA,NA,NA
2026-09-03,Monthly,2012-12-01,2012-12-31,Metro,"Oakland, CA metro area",NA,NA,NA,NA,NA,NA,NA,NA
2026-09-03,Monthly,2012-12-01,2012-12-31,Metro,"Orlando, FL metro area",NA,NA,NA,NA,NA,NA,NA,NA
2026-09-03,Monthly,2012-12-01,2012-12-31,Metro,"Philadelphia, PA metro area",NA,NA,NA,NA,NA,NA,NA,NA
2026-09-03,Monthly,2012-12-01,2012-12-31,Metro,"Phoenix, AZ metro area",NA,NA,NA,NA,NA,NA,NA,NA
2026-09-03,Monthly,2012-12-01,2012-12-31,Metro,"Pittsburgh, PA metro area",NA,NA,NA,NA,NA,NA,NA,NA
2026-09-03,Monthly,2012-12-01,2012-12-31,Metro,"Portland, OR metro area",NA,NA,NA,NA,NA,NA,NA,NA
2026-09-03,Monthly,2012-12-01,2012-12-31,Metro,"Providence, RI metro area",NA,NA,NA,NA,NA,NA,NA,NA
2026-09-03,Monthly,2012-12-01,2012-12-31,Metro,"Riverside, CA metro area",NA,NA,NA,NA,NA,NA,NA,NA
2026-09-03,Monthly,2012-12-01,2012-12-31,Metro,"Sacramento, CA metro area",NA,NA,NA,NA,NA,NA,NA,NA
2026-09-03,Monthly,2012-12-01,2012-12-31,Metro,"San Antonio, TX metro area",NA,NA,NA,NA,NA,NA,NA,NA
2026-09-03,Monthly,2012-12-01,2012-12-31,Metro,"San Diego, CA metro area",NA,NA,NA,NA,NA,NA,NA,NA
2026-09-03,Monthly,2012-12-01,2012-12-31,Metro,"San Francisco, CA metro area",NA,NA,NA,NA,NA,NA,NA,NA
2026-09-03,Monthly,2012-12-01,2012-12-31,Metro,"San Jose, CA metro area",NA,NA,NA,NA,NA,NA,NA,NA
2026-09-03,Monthly,2012-12-01,2012-12-31,Metro,"Seattle, WA metro area",NA,NA,NA,NA,NA,NA,NA,NA
2026-09-03,Monthly,2012-12-01,2012-12-31,Metro,"St. Louis, MO metro area",NA,NA,NA,NA,NA,NA,NA,NA
2026-09-03,Monthly,2012-12-01,2012-12-31,Metro,"Tampa, FL metro area",NA,NA,NA,NA,NA,NA,NA,NA
2026-09-03,Monthly,2012-12-01,2012-12-31,Metro,"Virginia Beach, VA metro area",NA,NA,NA,NA,NA,NA,NA,NA
2026-09-03,Monthly,2012-12-01,2012-12-31,Metro,"Warren, MI metro area",NA,NA,NA,NA,NA,NA,NA,NA
2026-09-03,Monthly,2012-12-01,2012-12-31,Metro,"Washington, DC metro area",NA,NA,NA,NA,NA,NA,NA,NA
2026-09-03,Monthly,2012-12-01,2012-12-31,Metro,"West Palm Beach, FL metro area",NA,NA,NA,NA,NA,NA,NA,NA
2026-09-03,Monthly,2012-11-01,2012-11-30,Metro,"Anaheim, CA metro area",NA,NA,NA,NA,NA,NA,NA,NA
2026-09-03,Monthly,2012-11-01,2012-11-30,Metro,"Atlanta, GA metro area",NA,NA,NA,NA,NA,NA,NA,NA
2026-09-03,Monthly,2012-11-01,2012-11-30,Metro,"Austin, TX metro area",NA,NA,NA,NA,NA,NA,NA,NA
2026-09-03,Monthly,2012-11-01,2012-11-30,Metro,"Baltimore, MD metro area",NA,NA,NA,NA,NA,NA,NA,NA
2026-09-03,Monthly,2012-11-01,2012-11-30,Metro,"Boston, MA metro area",NA,NA,NA,NA,NA,NA,NA,NA
2026-09-03,Monthly,2012-11-01,2012-11-30,Metro,"Charlotte, NC metro area",NA,NA,NA,NA,NA,NA,NA,NA
2026-09-03,Monthly,2012-11-01,2012-11-30,Metro,"Chicago, IL metro area",NA,NA,NA,NA,NA,NA,NA,NA
2026-09-03,Monthly,2012-11-01,2012-11-30,Metro,"Cincinnati, OH metro area",NA,NA,NA,NA,NA,NA,NA,NA
2026-09-03,Monthly,2012-11-01,2012-11-30,Metro,"Cleveland, OH metro area",NA,NA,NA,NA,NA,NA,NA,NA
2026-09-03,Monthly,2012-11-01,2012-11-30,Metro,"Columbus, OH metro area",NA,NA,NA,NA,NA,NA,NA,NA
2026-09-03,Monthly,2012-11-01,2012-11-30,Metro,"Dallas, TX metro area",NA,NA,NA,NA,NA,NA,NA,NA
2026-09-03,Monthly,2012-11-01,2012-11-30,Metro,"Denver, CO metro area",NA,NA,NA,NA,NA,NA,NA,NA
2026-09-03,Monthly,2012-11-01,2012-11-30,Metro,"Detroit, MI metro area",NA,NA,NA,NA,NA,NA,NA,NA
2026-09-03,Monthly,2012-11-01,2012-11-30,Metro,"Fort Lauderdale, FL metro area",NA,NA,NA,NA,NA,NA,NA,NA
2026-09-03,Monthly,2012-11-01,2012-11-30,Metro,"Fort Worth, TX metro area",NA,NA,NA,NA,NA,NA,NA,NA
2026-09-03,Monthly,2012-11-01,2012-11-30,Metro,"Houston, TX metro area",NA,NA,NA,NA,NA,NA,NA,NA
2026-09-03,Monthly,2012-11-01,2012-11-30,Metro,"Indianapolis, IN metro area",NA,NA,NA,NA,NA,NA,NA,NA
2026-09-03,Monthly,2012-11-01,2012-11-30,Metro,"Jacksonville, FL metro area",NA,NA,NA,NA,NA,NA,NA,NA
2026-09-03,Monthly,2012-11-01,2012-11-30,Metro,"Kansas City, MO metro area",NA,NA,NA,NA,NA,NA,NA,NA
2026-09-03,Monthly,2012-11-01,2012-11-30,Metro,"Las Vegas, NV metro area",NA,NA,NA,NA,NA,NA,NA,NA
2026-09-03,Monthly,2012-11-01,2012-11-30,Metro,"Los Angeles, CA metro area",NA,NA,NA,NA,NA,NA,NA,NA
2026-09-03,Monthly,2012-11-01,2012-11-30,Metro,"Miami, FL metro area",NA,NA,NA,NA,NA,NA,NA,NA
2026-09-03,Monthly,2012-11-01,2012-11-30,Metro,"Milwaukee, WI metro area",NA,NA,NA,NA,NA,NA,NA,NA
2026-09-03,Monthly,2012-11-01,2012-11-30,Metro,"Minneapolis, MN metro area",NA,NA,NA,NA,NA,NA,NA,NA
2026-09-03,Monthly,2012-11-01,2012-11-30,Metro,"Montgomery County, PA metro area",NA,NA,NA,NA,NA,NA,NA,NA
2026-09-03,Monthly,2012-11-01,2012-11-30,Metro,"Nashville, TN metro area",NA,NA,NA,NA,NA,NA,NA,NA
2026-09-03,Monthly,2012-11-01,2012-11-30,Metro,"Nassau County, NY metro area",NA,NA,NA,NA,NA,NA,NA,NA
2026-09-03,Monthly,2012-11-01,2012-11-30,Metro,"New Brunswick, NJ metro area",NA,NA,NA,NA,NA,NA,NA,NA
2026-09-03,Monthly,2012-11-01,2012-11-30,Metro,"New York, NY metro area",NA,NA,NA,NA,NA,NA,NA,NA
2026-09-03,Monthly,2012-11-01,2012-11-30,Metro,"Newark, NJ metro area",NA,NA,NA,NA,NA,NA,NA,NA
2026-09-03,Monthly,2012-11-01,2012-11-30,Metro,"Oakland, CA metro area",NA,NA,NA,NA,NA,NA,NA,NA
2026-09-03,Monthly,2012-11-01,2012-11-30,Metro,"Orlando, FL metro area",NA,NA,NA,NA,NA,NA,NA,NA
2026-09-03,Monthly,2012-11-01,2012-11-30,Metro,"Philadelphia, PA metro area",NA,NA,NA,NA,NA,NA,NA,NA
2026-09-03,Monthly,2012-11-01,2012-11-30,Metro,"Phoenix, AZ metro area",NA,NA,NA,NA,NA,NA,NA,NA
2026-09-03,Monthly,2012-11-01,2012-11-30,Metro,"Pittsburgh, PA metro area",NA,NA,NA,NA,NA,NA,NA,NA
2026-09-03,Monthly,2012-11-01,2012-11-30,Metro,"Portland, OR metro area",NA,NA,NA,NA,NA,NA,NA,NA
2026-09-03,Monthly,2012-11-01,2012-11-30,Metro,"Providence, RI metro area",NA,NA,NA,NA,NA,NA,NA,NA
2026-09-03,Monthly,2012-11-01,2012-11-30,Metro,"Riverside, CA metro area",NA,NA,NA,NA,NA,NA,NA,NA
2026-09-03,Monthly,2012-11-01,2012-11-30,Metro,"Sacramento, CA metro area",NA,NA,NA,NA,NA,NA,NA,NA
2026-09-03,Monthly,2012-11-01,2012-11-30,Metro,"San Antonio, TX metro area",NA,NA,NA,NA,NA,NA,NA,NA
2026-09-03,Monthly,2012-11-01,2012-11-30,Metro,"San Diego, CA metro area",NA,NA,NA,NA,NA,NA,NA,NA
2026-09-03,Monthly,2012-11-01,2012-11-30,Metro,"San Francisco, CA metro area",NA,NA,NA,NA,NA,NA,NA,NA
2026-09-03,Monthly,2012-11-01,2012-11-30,Metro,"San Jose, CA metro area",NA,NA,NA,NA,NA,NA,NA,NA
2026-09-03,Monthly,2012-11-01,2012-11-30,Metro,"Seattle, WA metro area",NA,NA,NA,NA,NA,NA,NA,NA
2026-09-03,Monthly,2012-11-01,2012-11-30,Metro,"St. Louis, MO metro area",NA,NA,NA,NA,NA,NA,NA,NA
2026-09-03,Monthly,2012-11-01,2012-11-30,Metro,"Tampa, FL metro area",NA,NA,NA,NA,NA,NA,NA,NA
2026-09-03,Monthly,2012-11-01,2012-11-30,Metro,"Virginia Beach, VA metro area",NA,NA,NA,NA,NA,NA,NA,NA
2026-09-03,Monthly,2012-11-01,2012-11-30,Metro,"Warren, MI metro area",NA,NA,NA,NA,NA,NA,NA,NA
2026-09-03,Monthly,2012-11-01,2012-11-30,Metro,"Washington, DC metro area",NA,NA,NA,NA,NA,NA,NA,NA
2026-09-03,Monthly,2012-11-01,2012-11-30,Metro,"West Palm Beach, FL metro area",NA,NA,NA,NA,NA,NA,NA,NA
2026-09-03,Monthly,2012-10-01,2012-10-31,Metro,"Anaheim, CA metro area",NA,NA,NA,NA,NA,NA,NA,NA
2026-09-03,Monthly,2012-10-01,2012-10-31,Metro,"Atlanta, GA metro area",NA,NA,NA,NA,NA,NA,NA,NA
2026-09-03,Monthly,2012-10-01,2012-10-31,Metro,"Austin, TX metro area",NA,NA,NA,NA,NA,NA,NA,NA
2026-09-03,Monthly,2012-10-01,2012-10-31,Metro,"Baltimore, MD metro area",NA,NA,NA,NA,NA,NA,NA,NA
2026-09-03,Monthly,2012-10-01,2012-10-31,Metro,"Boston, MA metro area",NA,NA,NA,NA,NA,NA,NA,NA
2026-09-03,Monthly,2012-10-01,2012-10-31,Metro,"Charlotte, NC metro area",NA,NA,NA,NA,NA,NA,NA,NA
2026-09-03,Monthly,2012-10-01,2012-10-31,Metro,"Chicago, IL metro area",NA,NA,NA,NA,NA,NA,NA,NA
2026-09-03,Monthly,2012-10-01,2012-10-31,Metro,"Cincinnati, OH metro area",NA,NA,NA,NA,NA,NA,NA,NA
2026-09-03,Monthly,2012-10-01,2012-10-31,Metro,"Cleveland, OH metro area",NA,NA,NA,NA,NA,NA,NA,NA
2026-09-03,Monthly,2012-10-01,2012-10-31,Metro,"Columbus, OH metro area",NA,NA,NA,NA,NA,NA,NA,NA
2026-09-03,Monthly,2012-10-01,2012-10-31,Metro,"Dallas, TX metro area",NA,NA,NA,NA,NA,NA,NA,NA
2026-09-03,Monthly,2012-10-01,2012-10-31,Metro,"Denver, CO metro area",NA,NA,NA,NA,NA,NA,NA,NA
2026-09-03,Monthly,2012-10-01,2012-10-31,Metro,"Detroit, MI metro area",NA,NA,NA,NA,NA,NA,NA,NA
2026-09-03,Monthly,2012-10-01,2012-10-31,Metro,"Fort Lauderdale, FL metro area",NA,NA,NA,NA,NA,NA,NA,NA
2026-09-03,Monthly,2012-10-01,2012-10-31,Metro,"Fort Worth, TX metro area",NA,NA,NA,NA,NA,NA,NA,NA
2026-09-03,Monthly,2012-10-01,2012-10-31,Metro,"Houston, TX metro area",NA,NA,NA,NA,NA,NA,NA,NA
2026-09-03,Monthly,2012-10-01,2012-10-31,Metro,"Indianapolis, IN metro area",NA,NA,NA,NA,NA,NA,NA,NA
2026-09-03,Monthly,2012-10-01,2012-10-31,Metro,"Jacksonville, FL metro area",NA,NA,NA,NA,NA,NA,NA,NA
2026-09-03,Monthly,2012-10-01,2012-10-31,Metro,"Kansas City, MO metro area",NA,NA,NA,NA,NA,NA,NA,NA
2026-09-03,Monthly,2012-10-01,2012-10-31,Metro,"Las Vegas, NV metro area",NA,NA,NA,NA,NA,NA,NA,NA
2026-09-03,Monthly,2012-10-01,2012-10-31,Metro,"Los Angeles, CA metro area",NA,NA,NA,NA,NA,NA,NA,NA
2026-09-03,Monthly,2012-10-01,2012-10-31,Metro,"Miami, FL metro area",NA,NA,NA,NA,NA,NA,NA,NA
2026-09-03,Monthly,2012-10-01,2012-10-31,Metro,"Milwaukee, WI metro area",NA,NA,NA,NA,NA,NA,NA,NA
2026-09-03,Monthly,2012-10-01,2012-10-31,Metro,"Minneapolis, MN metro area",NA,NA,NA,NA,NA,NA,NA,NA
2026-09-03,Monthly,2012-10-01,2012-10-31,Metro,"Montgomery County, PA metro area",NA,NA,NA,NA,NA,NA,NA,NA
2026-09-03,Monthly,2012-10-01,2012-10-31,Metro,"Nashville, TN metro area",NA,NA,NA,NA,NA,NA,NA,NA
2026-09-03,Monthly,2012-10-01,2012-10-31,Metro,"Nassau County, NY metro area",NA,NA,NA,NA,NA,NA,NA,NA
2026-09-03,Monthly,2012-10-01,2012-10-31,Metro,"New Brunswick, NJ metro area",NA,NA,NA,NA,NA,NA,NA,NA
2026-09-03,Monthly,2012-10-01,2012-10-31,Metro,"New York, NY metro area",NA,NA,NA,NA,NA,NA,NA,NA
2026-09-03,Monthly,2012-10-01,2012-10-31,Metro,"Newark, NJ metro area",NA,NA,NA,NA,NA,NA,NA,NA
2026-09-03,Monthly,2012-10-01,2012-10-31,Metro,"Oakland, CA metro area",NA,NA,NA,NA,NA,NA,NA,NA
2026-09-03,Monthly,2012-10-01,2012-10-31,Metro,"Orlando, FL metro area",NA,NA,NA,NA,NA,NA,NA,NA
2026-09-03,Monthly,2012-10-01,2012-10-31,Metro,"Philadelphia, PA metro area",NA,NA,NA,NA,NA,NA,NA,NA
2026-09-03,Monthly,2012-10-01,2012-10-31,Metro,"Phoenix, AZ metro area",NA,NA,NA,NA,NA,NA,NA,NA
2026-09-03,Monthly,2012-10-01,2012-10-31,Metro,"Pittsburgh, PA metro area",NA,NA,NA,NA,NA,NA,NA,NA
2026-09-03,Monthly,2012-10-01,2012-10-31,Metro,"Portland, OR metro area",NA,NA,NA,NA,NA,NA,NA,NA
2026-09-03,Monthly,2012-10-01,2012-10-31,Metro,"Providence, RI metro area",NA,NA,NA,NA,NA,NA,NA,NA
2026-09-03,Monthly,2012-10-01,2012-10-31,Metro,"Riverside, CA metro area",NA,NA,NA,NA,NA,NA,NA,NA
2026-09-03,Monthly,2012-10-01,2012-10-31,Metro,"Sacramento, CA metro area",NA,NA,NA,NA,NA,NA,NA,NA
2026-09-03,Monthly,2012-10-01,2012-10-31,Metro,"San Antonio, TX metro area",NA,NA,NA,NA,NA,NA,NA,NA
2026-09-03,Monthly,2012-10-01,2012-10-31,Metro,"San Diego, CA metro area",NA,NA,NA,NA,NA,NA,NA,NA
2026-09-03,Monthly,2012-10-01,2012-10-31,Metro,"San Francisco, CA metro area",NA,NA,NA,NA,NA,NA,NA,NA
2026-09-03,Monthly,2012-10-01,2012-10-31,Metro,"San Jose, CA metro area",NA,NA,NA,NA,NA,NA,NA,NA
2026-09-03,Monthly,2012-10-01,2012-10-31,Metro,"Seattle, WA metro area",NA,NA,NA,NA,NA,NA,NA,NA
2026-09-03,Monthly,2012-10-01,2012-10-31,Metro,"St. Louis, MO metro area",NA,NA,NA,NA,NA,NA,NA,NA
2026-09-03,Monthly,2012-10-01,2012-10-31,Metro,"Tampa, FL metro area",NA,NA,NA,NA,NA,NA,NA,NA
2026-09-03,Monthly,2012-10-01,2012-10-31,Metro,"Virginia Beach, VA metro area",NA,NA,NA,NA,NA,NA,NA,NA
2026-09-03,Monthly,2012-10-01,2012-10-31,Metro,"Warren, MI metro area",NA,NA,NA,NA,NA,NA,NA,NA
2026-09-03,Monthly,2012-10-01,2012-10-31,Metro,"Washington, DC metro area",NA,NA,NA,NA,NA,NA,NA,NA
2026-09-03,Monthly,2012-10-01,2012-10-31,Metro,"West Palm Beach, FL metro area",NA,NA,NA,NA,NA,NA,NA,NA
2026-09-03,Monthly,2012-09-01,2012-09-30,Metro,"Anaheim, CA metro area",NA,NA,NA,NA,NA,NA,NA,NA
2026-09-03,Monthly,2012-09-01,2012-09-30,Metro,"Atlanta, GA metro area",NA,NA,NA,NA,NA,NA,NA,NA
2026-09-03,Monthly,2012-09-01,2012-09-30,Metro,"Austin, TX metro area",NA,NA,NA,NA,NA,NA,NA,NA
2026-09-03,Monthly,2012-09-01,2012-09-30,Metro,"Baltimore, MD metro area",NA,NA,NA,NA,NA,NA,NA,NA
2026-09-03,Monthly,2012-09-01,2012-09-30,Metro,"Boston, MA metro area",NA,NA,NA,NA,NA,NA,NA,NA
2026-09-03,Monthly,2012-09-01,2012-09-30,Metro,"Charlotte, NC metro area",NA,NA,NA,NA,NA,NA,NA,NA
2026-09-03,Monthly,2012-09-01,2012-09-30,Metro,"Chicago, IL metro area",NA,NA,NA,NA,NA,NA,NA,NA
2026-09-03,Monthly,2012-09-01,2012-09-30,Metro,"Cincinnati, OH metro area",NA,NA,NA,NA,NA,NA,NA,NA
2026-09-03,Monthly,2012-09-01,2012-09-30,Metro,"Cleveland, OH metro area",NA,NA,NA,NA,NA,NA,NA,NA
2026-09-03,Monthly,2012-09-01,2012-09-30,Metro,"Columbus, OH metro area",NA,NA,NA,NA,NA,NA,NA,NA
2026-09-03,Monthly,2012-09-01,2012-09-30,Metro,"Dallas, TX metro area",NA,NA,NA,NA,NA,NA,NA,NA
2026-09-03,Monthly,2012-09-01,2012-09-30,Metro,"Denver, CO metro area",NA,NA,NA,NA,NA,NA,NA,NA
2026-09-03,Monthly,2012-09-01,2012-09-30,Metro,"Detroit, MI metro area",NA,NA,NA,NA,NA,NA,NA,NA
2026-09-03,Monthly,2012-09-01,2012-09-30,Metro,"Fort Lauderdale, FL metro area",NA,NA,NA,NA,NA,NA,NA,NA
2026-09-03,Monthly,2012-09-01,2012-09-30,Metro,"Fort Worth, TX metro area",NA,NA,NA,NA,NA,NA,NA,NA
2026-09-03,Monthly,2012-09-01,2012-09-30,Metro,"Houston, TX metro area",NA,NA,NA,NA,NA,NA,NA,NA
2026-09-03,Monthly,2012-09-01,2012-09-30,Metro,"Indianapolis, IN metro area",NA,NA,NA,NA,NA,NA,NA,NA
2026-09-03,Monthly,2012-09-01,2012-09-30,Metro,"Jacksonville, FL metro area",NA,NA,NA,NA,NA,NA,NA,NA
2026-09-03,Monthly,2012-09-01,2012-09-30,Metro,"Kansas City, MO metro area",NA,NA,NA,NA,NA,NA,NA,NA
2026-09-03,Monthly,2012-09-01,2012-09-30,Metro,"Las Vegas, NV metro area",NA,NA,NA,NA,NA,NA,NA,NA
2026-09-03,Monthly,2012-09-01,2012-09-30,Metro,"Los Angeles, CA metro area",NA,NA,NA,NA,NA,NA,NA,NA
2026-09-03,Monthly,2012-09-01,2012-09-30,Metro,"Miami, FL metro area",NA,NA,NA,NA,NA,NA,NA,NA
2026-09-03,Monthly,2012-09-01,2012-09-30,Metro,"Milwaukee, WI metro area",NA,NA,NA,NA,NA,NA,NA,NA
2026-09-03,Monthly,2012-09-01,2012-09-30,Metro,"Minneapolis, MN metro area",NA,NA,NA,NA,NA,NA,NA,NA
2026-09-03,Monthly,2012-09-01,2012-09-30,Metro,"Montgomery County, PA metro area",NA,NA,NA,NA,NA,NA,NA,NA
2026-09-03,Monthly,2012-09-01,2012-09-30,Metro,"Nashville, TN metro area",NA,NA,NA,NA,NA,NA,NA,NA
2026-09-03,Monthly,2012-09-01,2012-09-30,Metro,"Nassau County, NY metro area",NA,NA,NA,NA,NA,NA,NA,NA
2026-09-03,Monthly,2012-09-01,2012-09-30,Metro,"New Brunswick, NJ metro area",NA,NA,NA,NA,NA,NA,NA,NA
2026-09-03,Monthly,2012-09-01,2012-09-30,Metro,"New York, NY metro area",NA,NA,NA,NA,NA,NA,NA,NA
2026-09-03,Monthly,2012-09-01,2012-09-30,Metro,"Newark, NJ metro area",NA,NA,NA,NA,NA,NA,NA,NA
2026-09-03,Monthly,2012-09-01,2012-09-30,Metro,"Oakland, CA metro area",NA,NA,NA,NA,NA,NA,NA,NA
2026-09-03,Monthly,2012-09-01,2012-09-30,Metro,"Orlando, FL metro area",NA,NA,NA,NA,NA,NA,NA,NA
2026-09-03,Monthly,2012-09-01,2012-09-30,Metro,"Philadelphia, PA metro area",NA,NA,NA,NA,NA,NA,NA,NA
2026-09-03,Monthly,2012-09-01,2012-09-30,Metro,"Phoenix, AZ metro area",NA,NA,NA,NA,NA,NA,NA,NA
2026-09-03,Monthly,2012-09-01,2012-09-30,Metro,"Pittsburgh, PA metro area",NA,NA,NA,NA,NA,NA,NA,NA
2026-09-03,Monthly,2012-09-01,2012-09-30,Metro,"Portland, OR metro area",NA,NA,NA,NA,NA,NA,NA,NA
2026-09-03,Monthly,2012-09-01,2012-09-30,Metro,"Providence, RI metro area",NA,NA,NA,NA,NA,NA,NA,NA
2026-09-03,Monthly,2012-09-01,2012-09-30,Metro,"Riverside, CA metro area",NA,NA,NA,NA,NA,NA,NA,NA
2026-09-03,Monthly,2012-09-01,2012-09-30,Metro,"Sacramento, CA metro area",NA,NA,NA,NA,NA,NA,NA,NA
2026-09-03,Monthly,2012-09-01,2012-09-30,Metro,"San Antonio, TX metro area",NA,NA,NA,NA,NA,NA,NA,NA
2026-09-03,Monthly,2012-09-01,2012-09-30,Metro,"San Diego, CA metro area",NA,NA,NA,NA,NA,NA,NA,NA
2026-09-03,Monthly,2012-09-01,2012-09-30,Metro,"San Francisco, CA metro area",NA,NA,NA,NA,NA,NA,NA,NA
2026-09-03,Monthly,2012-09-01,2012-09-30,Metro,"San Jose, CA metro area",NA,NA,NA,NA,NA,NA,NA,NA
2026-09-03,Monthly,2012-09-01,2012-09-30,Metro,"Seattle, WA metro area",NA,NA,NA,NA,NA,NA,NA,NA
2026-09-03,Monthly,2012-09-01,2012-09-30,Metro,"St. Louis, MO metro area",NA,NA,NA,NA,NA,NA,NA,NA
2026-09-03,Monthly,2012-09-01,2012-09-30,Metro,"Tampa, FL metro area",NA,NA,NA,NA,NA,NA,NA,NA
2026-09-03,Monthly,2012-09-01,2012-09-30,Metro,"Virginia Beach, VA metro area",NA,NA,NA,NA,NA,NA,NA,NA
2026-09-03,Monthly,2012-09-01,2012-09-30,Metro,"Warren, MI metro area",NA,NA,NA,NA,NA,NA,NA,NA
2026-09-03,Monthly,2012-09-01,2012-09-30,Metro,"Washington, DC metro area",NA,NA,NA,NA,NA,NA,NA,NA
2026-09-03,Monthly,2012-09-01,2012-09-30,Metro,"West Palm Beach, FL metro area",NA,NA,NA,NA,NA,NA,NA,NA
2026-09-03,Monthly,2012-08-01,2012-08-31,Metro,"Anaheim, CA metro area",NA,NA,NA,NA,NA,NA,NA,NA
2026-09-03,Monthly,2012-08-01,2012-08-31,Metro,"Atlanta, GA metro area",NA,NA,NA,NA,NA,NA,NA,NA
2026-09-03,Monthly,2012-08-01,2012-08-31,Metro,"Austin, TX metro area",NA,NA,NA,NA,NA,NA,NA,NA
2026-09-03,Monthly,2012-08-01,2012-08-31,Metro,"Baltimore, MD metro area",NA,NA,NA,NA,NA,NA,NA,NA
2026-09-03,Monthly,2012-08-01,2012-08-31,Metro,"Boston, MA metro area",NA,NA,NA,NA,NA,NA,NA,NA
2026-09-03,Monthly,2012-08-01,2012-08-31,Metro,"Charlotte, NC metro area",NA,NA,NA,NA,NA,NA,NA,NA
2026-09-03,Monthly,2012-08-01,2012-08-31,Metro,"Chicago, IL metro area",NA,NA,NA,NA,NA,NA,NA,NA
2026-09-03,Monthly,2012-08-01,2012-08-31,Metro,"Cincinnati, OH metro area",NA,NA,NA,NA,NA,NA,NA,NA
2026-09-03,Monthly,2012-08-01,2012-08-31,Metro,"Cleveland, OH metro area",NA,NA,NA,NA,NA,NA,NA,NA
2026-09-03,Monthly,2012-08-01,2012-08-31,Metro,"Columbus, OH metro area",NA,NA,NA,NA,NA,NA,NA,NA
2026-09-03,Monthly,2012-08-01,2012-08-31,Metro,"Dallas, TX metro area",NA,NA,NA,NA,NA,NA,NA,NA
2026-09-03,Monthly,2012-08-01,2012-08-31,Metro,"Denver, CO metro area",NA,NA,NA,NA,NA,NA,NA,NA
2026-09-03,Monthly,2012-08-01,2012-08-31,Metro,"Detroit, MI metro area",NA,NA,NA,NA,NA,NA,NA,NA
2026-09-03,Monthly,2012-08-01,2012-08-31,Metro,"Fort Lauderdale, FL metro area",NA,NA,NA,NA,NA,NA,NA,NA
2026-09-03,Monthly,2012-08-01,2012-08-31,Metro,"Fort Worth, TX metro area",NA,NA,NA,NA,NA,NA,NA,NA
2026-09-03,Monthly,2012-08-01,2012-08-31,Metro,"Houston, TX metro area",NA,NA,NA,NA,NA,NA,NA,NA
2026-09-03,Monthly,2012-08-01,2012-08-31,Metro,"Indianapolis, IN metro area",NA,NA,NA,NA,NA,NA,NA,NA
2026-09-03,Monthly,2012-08-01,2012-08-31,Metro,"Jacksonville, FL metro area",NA,NA,NA,NA,NA,NA,NA,NA
2026-09-03,Monthly,2012-08-01,2012-08-31,Metro,"Kansas City, MO metro area",NA,NA,NA,NA,NA,NA,NA,NA
2026-09-03,Monthly,2012-08-01,2012-08-31,Metro,"Las Vegas, NV metro area",NA,NA,NA,NA,NA,NA,NA,NA
2026-09-03,Monthly,2012-08-01,2012-08-31,Metro,"Los Angeles, CA metro area",NA,NA,NA,NA,NA,NA,NA,NA
2026-09-03,Monthly,2012-08-01,2012-08-31,Metro,"Miami, FL metro area",NA,NA,NA,NA,NA,NA,NA,NA
2026-09-03,Monthly,2012-08-01,2012-08-31,Metro,"Milwaukee, WI metro area",NA,NA,NA,NA,NA,NA,NA,NA
2026-09-03,Monthly,2012-08-01,2012-08-31,Metro,"Minneapolis, MN metro area",NA,NA,NA,NA,NA,NA,NA,NA
2026-09-03,Monthly,2012-08-01,2012-08-31,Metro,"Montgomery County, PA metro area",NA,NA,NA,NA,NA,NA,NA,NA
2026-09-03,Monthly,2012-08-01,2012-08-31,Metro,"Nashville, TN metro area",NA,NA,NA,NA,NA,NA,NA,NA
2026-09-03,Monthly,2012-08-01,2012-08-31,Metro,"Nassau County, NY metro area",NA,NA,NA,NA,NA,NA,NA,NA
2026-09-03,Monthly,2012-08-01,2012-08-31,Metro,"New Brunswick, NJ metro area",NA,NA,NA,NA,NA,NA,NA,NA
2026-09-03,Monthly,2012-08-01,2012-08-31,Metro,"New York, NY metro area",NA,NA,NA,NA,NA,NA,NA,NA
2026-09-03,Monthly,2012-08-01,2012-08-31,Metro,"Newark, NJ metro area",NA,NA,NA,NA,NA,NA,NA,NA
2026-09-03,Monthly,2012-08-01,2012-08-31,Metro,"Oakland, CA metro area",NA,NA,NA,NA,NA,NA,NA,NA
2026-09-03,Monthly,2012-08-01,2012-08-31,Metro,"Orlando, FL metro area",NA,NA,NA,NA,NA,NA,NA,NA
2026-09-03,Monthly,2012-08-01,2012-08-31,Metro,"Philadelphia, PA metro area",NA,NA,NA,NA,NA,NA,NA,NA
2026-09-03,Monthly,2012-08-01,2012-08-31,Metro,"Phoenix, AZ metro area",NA,NA,NA,NA,NA,NA,NA,NA
2026-09-03,Monthly,2012-08-01,2012-08-31,Metro,"Pittsburgh, PA metro area",NA,NA,NA,NA,NA,NA,NA,NA
2026-09-03,Monthly,2012-08-01,2012-08-31,Metro,"Portland, OR metro area",NA,NA,NA,NA,NA,NA,NA,NA
2026-09-03,Monthly,2012-08-01,2012-08-31,Metro,"Providence, RI metro area",NA,NA,NA,NA,NA,NA,NA,NA
2026-09-03,Monthly,2012-08-01,2012-08-31,Metro,"Riverside, CA metro area",NA,NA,NA,NA,NA,NA,NA,NA
2026-09-03,Monthly,2012-08-01,2012-08-31,Metro,"Sacramento, CA metro area",NA,NA,NA,NA,NA,NA,NA,NA
2026-09-03,Monthly,2012-08-01,2012-08-31,Metro,"San Antonio, TX metro area",NA,NA,NA,NA,NA,NA,NA,NA
2026-09-03,Monthly,2012-08-01,2012-08-31,Metro,"San Diego, CA metro area",NA,NA,NA,NA,NA,NA,NA,NA
2026-09-03,Monthly,2012-08-01,2012-08-31,Metro,"San Francisco, CA metro area",NA,NA,NA,NA,NA,NA,NA,NA
2026-09-03,Monthly,2012-08-01,2012-08-31,Metro,"San Jose, CA metro area",NA,NA,NA,NA,NA,NA,NA,NA
2026-09-03,Monthly,2012-08-01,2012-08-31,Metro,"Seattle, WA metro area",NA,NA,NA,NA,NA,NA,NA,NA
2026-09-03,Monthly,2012-08-01,2012-08-31,Metro,"St. Louis, MO metro area",NA,NA,NA,NA,NA,NA,NA,NA
2026-09-03,Monthly,2012-08-01,2012-08-31,Metro,"Tampa, FL metro area",NA,NA,NA,NA,NA,NA,NA,NA
2026-09-03,Monthly,2012-08-01,2012-08-31,Metro,"Virginia Beach, VA metro area",NA,NA,NA,NA,NA,NA,NA,NA
2026-09-03,Monthly,2012-08-01,2012-08-31,Metro,"Warren, MI metro area",NA,NA,NA,NA,NA,NA,NA,NA
2026-09-03,Monthly,2012-08-01,2012-08-31,Metro,"Washington, DC metro area",NA,NA,NA,NA,NA,NA,NA,NA
2026-09-03,Monthly,2012-08-01,2012-08-31,Metro,"West Palm Beach, FL metro area",NA,NA,NA,NA,NA,NA,NA,NA
2026-09-03,Monthly,2012-07-01,2012-07-31,Metro,"Anaheim, CA metro area",NA,NA,NA,NA,NA,NA,NA,NA
2026-09-03,Monthly,2012-07-01,2012-07-31,Metro,"Atlanta, GA metro area",NA,NA,NA,NA,NA,NA,NA,NA
2026-09-03,Monthly,2012-07-01,2012-07-31,Metro,"Austin, TX metro area",NA,NA,NA,NA,NA,NA,NA,NA
2026-09-03,Monthly,2012-07-01,2012-07-31,Metro,"Baltimore, MD metro area",NA,NA,NA,NA,NA,NA,NA,NA
2026-09-03,Monthly,2012-07-01,2012-07-31,Metro,"Boston, MA metro area",NA,NA,NA,NA,NA,NA,NA,NA
2026-09-03,Monthly,2012-07-01,2012-07-31,Metro,"Charlotte, NC metro area",NA,NA,NA,NA,NA,NA,NA,NA
2026-09-03,Monthly,2012-07-01,2012-07-31,Metro,"Chicago, IL metro area",NA,NA,NA,NA,NA,NA,NA,NA
2026-09-03,Monthly,2012-07-01,2012-07-31,Metro,"Cincinnati, OH metro area",NA,NA,NA,NA,NA,NA,NA,NA
2026-09-03,Monthly,2012-07-01,2012-07-31,Metro,"Cleveland, OH metro area",NA,NA,NA,NA,NA,NA,NA,NA
2026-09-03,Monthly,2012-07-01,2012-07-31,Metro,"Columbus, OH metro area",NA,NA,NA,NA,NA,NA,NA,NA
2026-09-03,Monthly,2012-07-01,2012-07-31,Metro,"Dallas, TX metro area",NA,NA,NA,NA,NA,NA,NA,NA
2026-09-03,Monthly,2012-07-01,2012-07-31,Metro,"Denver, CO metro area",NA,NA,NA,NA,NA,NA,NA,NA
2026-09-03,Monthly,2012-07-01,2012-07-31,Metro,"Detroit, MI metro area",NA,NA,NA,NA,NA,NA,NA,NA
2026-09-03,Monthly,2012-07-01,2012-07-31,Metro,"Fort Lauderdale, FL metro area",NA,NA,NA,NA,NA,NA,NA,NA
2026-09-03,Monthly,2012-07-01,2012-07-31,Metro,"Fort Worth, TX metro area",NA,NA,NA,NA,NA,NA,NA,NA
2026-09-03,Monthly,2012-07-01,2012-07-31,Metro,"Houston, TX metro area",NA,NA,NA,NA,NA,NA,NA,NA
2026-09-03,Monthly,2012-07-01,2012-07-31,Metro,"Indianapolis, IN metro area",NA,NA,NA,NA,NA,NA,NA,NA
2026-09-03,Monthly,2012-07-01,2012-07-31,Metro,"Jacksonville, FL metro area",NA,NA,NA,NA,NA,NA,NA,NA
2026-09-03,Monthly,2012-07-01,2012-07-31,Metro,"Kansas City, MO metro area",NA,NA,NA,NA,NA,NA,NA,NA
2026-09-03,Monthly,2012-07-01,2012-07-31,Metro,"Las Vegas, NV metro area",NA,NA,NA,NA,NA,NA,NA,NA
2026-09-03,Monthly,2012-07-01,2012-07-31,Metro,"Los Angeles, CA metro area",NA,NA,NA,NA,NA,NA,NA,NA
2026-09-03,Monthly,2012-07-01,2012-07-31,Metro,"Miami, FL metro area",NA,NA,NA,NA,NA,NA,NA,NA
2026-09-03,Monthly,2012-07-01,2012-07-31,Metro,"Milwaukee, WI metro area",NA,NA,NA,NA,NA,NA,NA,NA
2026-09-03,Monthly,2012-07-01,2012-07-31,Metro,"Minneapolis, MN metro area",NA,NA,NA,NA,NA,NA,NA,NA
2026-09-03,Monthly,2012-07-01,2012-07-31,Metro,"Montgomery County, PA metro area",NA,NA,NA,NA,NA,NA,NA,NA
2026-09-03,Monthly,2012-07-01,2012-07-31,Metro,"Nashville, TN metro area",NA,NA,NA,NA,NA,NA,NA,NA
2026-09-03,Monthly,2012-07-01,2012-07-31,Metro,"Nassau County, NY metro area",NA,NA,NA,NA,NA,NA,NA,NA
2026-09-03,Monthly,2012-07-01,2012-07-31,Metro,"New Brunswick, NJ metro area",NA,NA,NA,NA,NA,NA,NA,NA
2026-09-03,Monthly,2012-07-01,2012-07-31,Metro,"New York, NY metro area",NA,NA,NA,NA,NA,NA,NA,NA
2026-09-03,Monthly,2012-07-01,2012-07-31,Metro,"Newark, NJ metro area",NA,NA,NA,NA,NA,NA,NA,NA
2026-09-03,Monthly,2012-07-01,2012-07-31,Metro,"Oakland, CA metro area",NA,NA,NA,NA,NA,NA,NA,NA
2026-09-03,Monthly,2012-07-01,2012-07-31,Metro,"Orlando, FL metro area",NA,NA,NA,NA,NA,NA,NA,NA
2026-09-03,Monthly,2012-07-01,2012-07-31,Metro,"Philadelphia, PA metro area",NA,NA,NA,NA,NA,NA,NA,NA
2026-09-03,Monthly,2012-07-01,2012-07-31,Metro,"Phoenix, AZ metro area",NA,NA,NA,NA,NA,NA,NA,NA
2026-09-03,Monthly,2012-07-01,2012-07-31,Metro,"Pittsburgh, PA metro area",NA,NA,NA,NA,NA,NA,NA,NA
2026-09-03,Monthly,2012-07-01,2012-07-31,Metro,"Portland, OR metro area",NA,NA,NA,NA,NA,NA,NA,NA
2026-09-03,Monthly,2012-07-01,2012-07-31,Metro,"Providence, RI metro area",NA,NA,NA,NA,NA,NA,NA,NA
2026-09-03,Monthly,2012-07-01,2012-07-31,Metro,"Riverside, CA metro area",NA,NA,NA,NA,NA,NA,NA,NA
2026-09-03,Monthly,2012-07-01,2012-07-31,Metro,"Sacramento, CA metro area",NA,NA,NA,NA,NA,NA,NA,NA
2026-09-03,Monthly,2012-07-01,2012-07-31,Metro,"San Antonio, TX metro area",NA,NA,NA,NA,NA,NA,NA,NA
2026-09-03,Monthly,2012-07-01,2012-07-31,Metro,"San Diego, CA metro area",NA,NA,NA,NA,NA,NA,NA,NA
2026-09-03,Monthly,2012-07-01,2012-07-31,Metro,"San Francisco, CA metro area",NA,NA,NA,NA,NA,NA,NA,NA
2026-09-03,Monthly,2012-07-01,2012-07-31,Metro,"San Jose, CA metro area",NA,NA,NA,NA,NA,NA,NA,NA
2026-09-03,Monthly,2012-07-01,2012-07-31,Metro,"Seattle, WA metro area",NA,NA,NA,NA,NA,NA,NA,NA
2026-09-03,Monthly,2012-07-01,2012-07-31,Metro,"St. Louis, MO metro area",NA,NA,NA,NA,NA,NA,NA,NA
2026-09-03,Monthly,2012-07-01,2012-07-31,Metro,"Tampa, FL metro area",NA,NA,NA,NA,NA,NA,NA,NA
2026-09-03,Monthly,2012-07-01,2012-07-31,Metro,"Virginia Beach, VA metro area",NA,NA,NA,NA,NA,NA,NA,NA
2026-09-03,Monthly,2012-07-01,2012-07-31,Metro,"Warren, MI metro area",NA,NA,NA,NA,NA,NA,NA,NA
2026-09-03,Monthly,2012-07-01,2012-07-31,Metro,"Washington, DC metro area",NA,NA,NA,NA,NA,NA,NA,NA
2026-09-03,Monthly,2012-07-01,2012-07-31,Metro,"West Palm Beach, FL metro area",NA,NA,NA,NA,NA,NA,NA,NA
2026-09-03,Monthly,2012-06-01,2012-06-30,Metro,"Anaheim, CA metro area",NA,NA,NA,NA,NA,NA,NA,NA
2026-09-03,Monthly,2012-06-01,2012-06-30,Metro,"Atlanta, GA metro area",NA,NA,NA,NA,NA,NA,NA,NA
2026-09-03,Monthly,2012-06-01,2012-06-30,Metro,"Austin, TX metro area",NA,NA,NA,NA,NA,NA,NA,NA
2026-09-03,Monthly,2012-06-01,2012-06-30,Metro,"Baltimore, MD metro area",NA,NA,NA,NA,NA,NA,NA,NA
2026-09-03,Monthly,2012-06-01,2012-06-30,Metro,"Boston, MA metro area",NA,NA,NA,NA,NA,NA,NA,NA
2026-09-03,Monthly,2012-06-01,2012-06-30,Metro,"Charlotte, NC metro area",NA,NA,NA,NA,NA,NA,NA,NA
2026-09-03,Monthly,2012-06-01,2012-06-30,Metro,"Chicago, IL metro area",NA,NA,NA,NA,NA,NA,NA,NA
2026-09-03,Monthly,2012-06-01,2012-06-30,Metro,"Cincinnati, OH metro area",NA,NA,NA,NA,NA,NA,NA,NA
2026-09-03,Monthly,2012-06-01,2012-06-30,Metro,"Cleveland, OH metro area",NA,NA,NA,NA,NA,NA,NA,NA
2026-09-03,Monthly,2012-06-01,2012-06-30,Metro,"Columbus, OH metro area",NA,NA,NA,NA,NA,NA,NA,NA
2026-09-03,Monthly,2012-06-01,2012-06-30,Metro,"Dallas, TX metro area",NA,NA,NA,NA,NA,NA,NA,NA
2026-09-03,Monthly,2012-06-01,2012-06-30,Metro,"Denver, CO metro area",NA,NA,NA,NA,NA,NA,NA,NA
2026-09-03,Monthly,2012-06-01,2012-06-30,Metro,"Detroit, MI metro area",NA,NA,NA,NA,NA,NA,NA,NA
2026-09-03,Monthly,2012-06-01,2012-06-30,Metro,"Fort Lauderdale, FL metro area",NA,NA,NA,NA,NA,NA,NA,NA
2026-09-03,Monthly,2012-06-01,2012-06-30,Metro,"Fort Worth, TX metro area",NA,NA,NA,NA,NA,NA,NA,NA
2026-09-03,Monthly,2012-06-01,2012-06-30,Metro,"Houston, TX metro area",NA,NA,NA,NA,NA,NA,NA,NA
2026-09-03,Monthly,2012-06-01,2012-06-30,Metro,"Indianapolis, IN metro area",NA,NA,NA,NA,NA,NA,NA,NA
2026-09-03,Monthly,2012-06-01,2012-06-30,Metro,"Jacksonville, FL metro area",NA,NA,NA,NA,NA,NA,NA,NA
2026-09-03,Monthly,2012-06-01,2012-06-30,Metro,"Kansas City, MO metro area",NA,NA,NA,NA,NA,NA,NA,NA
2026-09-03,Monthly,2012-06-01,2012-06-30,Metro,"Las Vegas, NV metro area",NA,NA,NA,NA,NA,NA,NA,NA
2026-09-03,Monthly,2012-06-01,2012-06-30,Metro,"Los Angeles, CA metro area",NA,NA,NA,NA,NA,NA,NA,NA
2026-09-03,Monthly,2012-06-01,2012-06-30,Metro,"Miami, FL metro area",NA,NA,NA,NA,NA,NA,NA,NA
2026-09-03,Monthly,2012-06-01,2012-06-30,Metro,"Milwaukee, WI metro area",NA,NA,NA,NA,NA,NA,NA,NA
2026-09-03,Monthly,2012-06-01,2012-06-30,Metro,"Minneapolis, MN metro area",NA,NA,NA,NA,NA,NA,NA,NA
2026-09-03,Monthly,2012-06-01,2012-06-30,Metro,"Montgomery County, PA metro area",NA,NA,NA,NA,NA,NA,NA,NA
2026-09-03,Monthly,2012-06-01,2012-06-30,Metro,"Nashville, TN metro area",NA,NA,NA,NA,NA,NA,NA,NA
2026-09-03,Monthly,2012-06-01,2012-06-30,Metro,"Nassau County, NY metro area",NA,NA,NA,NA,NA,NA,NA,NA
2026-09-03,Monthly,2012-06-01,2012-06-30,Metro,"New Brunswick, NJ metro area",NA,NA,NA,NA,NA,NA,NA,NA
2026-09-03,Monthly,2012-06-01,2012-06-30,Metro,"New York, NY metro area",NA,NA,NA,NA,NA,NA,NA,NA
2026-09-03,Monthly,2012-06-01,2012-06-30,Metro,"Newark, NJ metro area",NA,NA,NA,NA,NA,NA,NA,NA
2026-09-03,Monthly,2012-06-01,2012-06-30,Metro,"Oakland, CA metro area",NA,NA,NA,NA,NA,NA,NA,NA
2026-09-03,Monthly,2012-06-01,2012-06-30,Metro,"Orlando, FL metro area",NA,NA,NA,NA,NA,NA,NA,NA
2026-09-03,Monthly,2012-06-01,2012-06-30,Metro,"Philadelphia, PA metro area",NA,NA,NA,NA,NA,NA,NA,NA
2026-09-03,Monthly,2012-06-01,2012-06-30,Metro,"Phoenix, AZ metro area",NA,NA,NA,NA,NA,NA,NA,NA
2026-09-03,Monthly,2012-06-01,2012-06-30,Metro,"Pittsburgh, PA metro area",NA,NA,NA,NA,NA,NA,NA,NA
2026-09-03,Monthly,2012-06-01,2012-06-30,Metro,"Portland, OR metro area",NA,NA,NA,NA,NA,NA,NA,NA
2026-09-03,Monthly,2012-06-01,2012-06-30,Metro,"Providence, RI metro area",NA,NA,NA,NA,NA,NA,NA,NA
2026-09-03,Monthly,2012-06-01,2012-06-30,Metro,"Riverside, CA metro area",NA,NA,NA,NA,NA,NA,NA,NA
2026-09-03,Monthly,2012-06-01,2012-06-30,Metro,"Sacramento, CA metro area",NA,NA,NA,NA,NA,NA,NA,NA
2026-09-03,Monthly,2012-06-01,2012-06-30,Metro,"San Antonio, TX metro area",NA,NA,NA,NA,NA,NA,NA,NA
2026-09-03,Monthly,2012-06-01,2012-06-30,Metro,"San Diego, CA metro area",NA,NA,NA,NA,NA,NA,NA,NA
2026-09-03,Monthly,2012-06-01,2012-06-30,Metro,"San Francisco, CA metro area",NA,NA,NA,NA,NA,NA,NA,NA
2026-09-03,Monthly,2012-06-01,2012-06-30,Metro,"San Jose, CA metro area",NA,NA,NA,NA,NA,NA,NA,NA
2026-09-03,Monthly,2012-06-01,2012-06-30,Metro,"Seattle, WA metro area",NA,NA,NA,NA,NA,NA,NA,NA
2026-09-03,Monthly,2012-06-01,2012-06-30,Metro,"St. Louis, MO metro area",NA,NA,NA,NA,NA,NA,NA,NA
2026-09-03,Monthly,2012-06-01,2012-06-30,Metro,"Tampa, FL metro area",NA,NA,NA,NA,NA,NA,NA,NA
2026-09-03,Monthly,2012-06-01,2012-06-30,Metro,"Virginia Beach, VA metro area",NA,NA,NA,NA,NA,NA,NA,NA
2026-09-03,Monthly,2012-06-01,2012-06-30,Metro,"Warren, MI metro area",NA,NA,NA,NA,NA,NA,NA,NA
2026-09-03,Monthly,2012-06-01,2012-06-30,Metro,"Washington, DC metro area",NA,NA,NA,NA,NA,NA,NA,NA
2026-09-03,Monthly,2012-06-01,2012-06-30,Metro,"West Palm Beach, FL metro area",NA,NA,NA,NA,NA,NA,NA,NA
2026-09-03,Monthly,2012-05-01,2012-05-31,Metro,"Anaheim, CA metro area",NA,NA,NA,NA,NA,NA,NA,NA
2026-09-03,Monthly,2012-05-01,2012-05-31,Metro,"Atlanta, GA metro area",NA,NA,NA,NA,NA,NA,NA,NA
2026-09-03,Monthly,2012-05-01,2012-05-31,Metro,"Austin, TX metro area",NA,NA,NA,NA,NA,NA,NA,NA
2026-09-03,Monthly,2012-05-01,2012-05-31,Metro,"Baltimore, MD metro area",NA,NA,NA,NA,NA,NA,NA,NA
2026-09-03,Monthly,2012-05-01,2012-05-31,Metro,"Boston, MA metro area",NA,NA,NA,NA,NA,NA,NA,NA
2026-09-03,Monthly,2012-05-01,2012-05-31,Metro,"Charlotte, NC metro area",NA,NA,NA,NA,NA,NA,NA,NA
2026-09-03,Monthly,2012-05-01,2012-05-31,Metro,"Chicago, IL metro area",NA,NA,NA,NA,NA,NA,NA,NA
2026-09-03,Monthly,2012-05-01,2012-05-31,Metro,"Cincinnati, OH metro area",NA,NA,NA,NA,NA,NA,NA,NA
2026-09-03,Monthly,2012-05-01,2012-05-31,Metro,"Cleveland, OH metro area",NA,NA,NA,NA,NA,NA,NA,NA
2026-09-03,Monthly,2012-05-01,2012-05-31,Metro,"Columbus, OH metro area",NA,NA,NA,NA,NA,NA,NA,NA
2026-09-03,Monthly,2012-05-01,2012-05-31,Metro,"Dallas, TX metro area",NA,NA,NA,NA,NA,NA,NA,NA
2026-09-03,Monthly,2012-05-01,2012-05-31,Metro,"Denver, CO metro area",NA,NA,NA,NA,NA,NA,NA,NA
2026-09-03,Monthly,2012-05-01,2012-05-31,Metro,"Detroit, MI metro area",NA,NA,NA,NA,NA,NA,NA,NA
2026-09-03,Monthly,2012-05-01,2012-05-31,Metro,"Fort Lauderdale, FL metro area",NA,NA,NA,NA,NA,NA,NA,NA
2026-09-03,Monthly,2012-05-01,2012-05-31,Metro,"Fort Worth, TX metro area",NA,NA,NA,NA,NA,NA,NA,NA
2026-09-03,Monthly,2012-05-01,2012-05-31,Metro,"Houston, TX metro area",NA,NA,NA,NA,NA,NA,NA,NA
2026-09-03,Monthly,2012-05-01,2012-05-31,Metro,"Indianapolis, IN metro area",NA,NA,NA,NA,NA,NA,NA,NA
2026-09-03,Monthly,2012-05-01,2012-05-31,Metro,"Jacksonville, FL metro area",NA,NA,NA,NA,NA,NA,NA,NA
2026-09-03,Monthly,2012-05-01,2012-05-31,Metro,"Kansas City, MO metro area",NA,NA,NA,NA,NA,NA,NA,NA
2026-09-03,Monthly,2012-05-01,2012-05-31,Metro,"Las Vegas, NV metro area",NA,NA,NA,NA,NA,NA,NA,NA
2026-09-03,Monthly,2012-05-01,2012-05-31,Metro,"Los Angeles, CA metro area",NA,NA,NA,NA,NA,NA,NA,NA
2026-09-03,Monthly,2012-05-01,2012-05-31,Metro,"Miami, FL metro area",NA,NA,NA,NA,NA,NA,NA,NA
2026-09-03,Monthly,2012-05-01,2012-05-31,Metro,"Milwaukee, WI metro area",NA,NA,NA,NA,NA,NA,NA,NA
2026-09-03,Monthly,2012-05-01,2012-05-31,Metro,"Minneapolis, MN metro area",NA,NA,NA,NA,NA,NA,NA,NA
2026-09-03,Monthly,2012-05-01,2012-05-31,Metro,"Montgomery County, PA metro area",NA,NA,NA,NA,NA,NA,NA,NA
2026-09-03,Monthly,2012-05-01,2012-05-31,Metro,"Nashville, TN metro area",NA,NA,NA,NA,NA,NA,NA,NA
2026-09-03,Monthly,2012-05-01,2012-05-31,Metro,"Nassau County, NY metro area",NA,NA,NA,NA,NA,NA,NA,NA
2026-09-03,Monthly,2012-05-01,2012-05-31,Metro,"New Brunswick, NJ metro area",NA,NA,NA,NA,NA,NA,NA,NA
2026-09-03,Monthly,2012-05-01,2012-05-31,Metro,"New York, NY metro area",NA,NA,NA,NA,NA,NA,NA,NA
2026-09-03,Monthly,2012-05-01,2012-05-31,Metro,"Newark, NJ metro area",NA,NA,NA,NA,NA,NA,NA,NA
2026-09-03,Monthly,2012-05-01,2012-05-31,Metro,"Oakland, CA metro area",NA,NA,NA,NA,NA,NA,NA,NA
2026-09-03,Monthly,2012-05-01,2012-05-31,Metro,"Orlando, FL metro area",NA,NA,NA,NA,NA,NA,NA,NA
2026-09-03,Monthly,2012-05-01,2012-05-31,Metro,"Philadelphia, PA metro area",NA,NA,NA,NA,NA,NA,NA,NA
2026-09-03,Monthly,2012-05-01,2012-05-31,Metro,"Phoenix, AZ metro area",NA,NA,NA,NA,NA,NA,NA,NA
2026-09-03,Monthly,2012-05-01,2012-05-31,Metro,"Pittsburgh, PA metro area",NA,NA,NA,NA,NA,NA,NA,NA
2026-09-03,Monthly,2012-05-01,2012-05-31,Metro,"Portland, OR metro area",NA,NA,NA,NA,NA,NA,NA,NA
2026-09-03,Monthly,2012-05-01,2012-05-31,Metro,"Providence, RI metro area",NA,NA,NA,NA,NA,NA,NA,NA
2026-09-03,Monthly,2012-05-01,2012-05-31,Metro,"Riverside, CA metro area",NA,NA,NA,NA,NA,NA,NA,NA
2026-09-03,Monthly,2012-05-01,2012-05-31,Metro,"Sacramento, CA metro area",NA,NA,NA,NA,NA,NA,NA,NA
2026-09-03,Monthly,2012-05-01,2012-05-31,Metro,"San Antonio, TX metro area",NA,NA,NA,NA,NA,NA,NA,NA
2026-09-03,Monthly,2012-05-01,2012-05-31,Metro,"San Diego, CA metro area",NA,NA,NA,NA,NA,NA,NA,NA
2026-09-03,Monthly,2012-05-01,2012-05-31,Metro,"San Francisco, CA metro area",NA,NA,NA,NA,NA,NA,NA,NA
2026-09-03,Monthly,2012-05-01,2012-05-31,Metro,"San Jose, CA metro area",NA,NA,NA,NA,NA,NA,NA,NA
2026-09-03,Monthly,2012-05-01,2012-05-31,Metro,"Seattle, WA metro area",NA,NA,NA,NA,NA,NA,NA,NA
2026-09-03,Monthly,2012-05-01,2012-05-31,Metro,"St. Louis, MO metro area",NA,NA,NA,NA,NA,NA,NA,NA
2026-09-03,Monthly,2012-05-01,2012-05-31,Metro,"Tampa, FL metro area",NA,NA,NA,NA,NA,NA,NA,NA
2026-09-03,Monthly,2012-05-01,2012-05-31,Metro,"Virginia Beach, VA metro area",NA,NA,NA,NA,NA,NA,NA,NA
2026-09-03,Monthly,2012-05-01,2012-05-31,Metro,"Warren, MI metro area",NA,NA,NA,NA,NA,NA,NA,NA
2026-09-03,Monthly,2012-05-01,2012-05-31,Metro,"Washington, DC metro area",NA,NA,NA,NA,NA,NA,NA,NA
2026-09-03,Monthly,2012-05-01,2012-05-31,Metro,"West Palm Beach, FL metro area",NA,NA,NA,NA,NA,NA,NA,NA
2026-09-03,Monthly,2012-04-01,2012-04-30,Metro,"Anaheim, CA metro area",NA,NA,NA,NA,NA,NA,NA,NA
2026-09-03,Monthly,2012-04-01,2012-04-30,Metro,"Atlanta, GA metro area",NA,NA,NA,NA,NA,NA,NA,NA
2026-09-03,Monthly,2012-04-01,2012-04-30,Metro,"Austin, TX metro area",NA,NA,NA,NA,NA,NA,NA,NA
2026-09-03,Monthly,2012-04-01,2012-04-30,Metro,"Baltimore, MD metro area",NA,NA,NA,NA,NA,NA,NA,NA
2026-09-03,Monthly,2012-04-01,2012-04-30,Metro,"Boston, MA metro area",NA,NA,NA,NA,NA,NA,NA,NA
2026-09-03,Monthly,2012-04-01,2012-04-30,Metro,"Charlotte, NC metro area",NA,NA,NA,NA,NA,NA,NA,NA
2026-09-03,Monthly,2012-04-01,2012-04-30,Metro,"Chicago, IL metro area",NA,NA,NA,NA,NA,NA,NA,NA
2026-09-03,Monthly,2012-04-01,2012-04-30,Metro,"Cincinnati, OH metro area",NA,NA,NA,NA,NA,NA,NA,NA
2026-09-03,Monthly,2012-04-01,2012-04-30,Metro,"Cleveland, OH metro area",NA,NA,NA,NA,NA,NA,NA,NA
2026-09-03,Monthly,2012-04-01,2012-04-30,Metro,"Columbus, OH metro area",NA,NA,NA,NA,NA,NA,NA,NA
2026-09-03,Monthly,2012-04-01,2012-04-30,Metro,"Dallas, TX metro area",NA,NA,NA,NA,NA,NA,NA,NA
2026-09-03,Monthly,2012-04-01,2012-04-30,Metro,"Denver, CO metro area",NA,NA,NA,NA,NA,NA,NA,NA
2026-09-03,Monthly,2012-04-01,2012-04-30,Metro,"Detroit, MI metro area",NA,NA,NA,NA,NA,NA,NA,NA
2026-09-03,Monthly,2012-04-01,2012-04-30,Metro,"Fort Lauderdale, FL metro area",NA,NA,NA,NA,NA,NA,NA,NA
2026-09-03,Monthly,2012-04-01,2012-04-30,Metro,"Fort Worth, TX metro area",NA,NA,NA,NA,NA,NA,NA,NA
2026-09-03,Monthly,2012-04-01,2012-04-30,Metro,"Houston, TX metro area",NA,NA,NA,NA,NA,NA,NA,NA
2026-09-03,Monthly,2012-04-01,2012-04-30,Metro,"Indianapolis, IN metro area",NA,NA,NA,NA,NA,NA,NA,NA
2026-09-03,Monthly,2012-04-01,2012-04-30,Metro,"Jacksonville, FL metro area",NA,NA,NA,NA,NA,NA,NA,NA
2026-09-03,Monthly,2012-04-01,2012-04-30,Metro,"Kansas City, MO metro area",NA,NA,NA,NA,NA,NA,NA,NA
2026-09-03,Monthly,2012-04-01,2012-04-30,Metro,"Las Vegas, NV metro area",NA,NA,NA,NA,NA,NA,NA,NA
2026-09-03,Monthly,2012-04-01,2012-04-30,Metro,"Los Angeles, CA metro area",NA,NA,NA,NA,NA,NA,NA,NA
2026-09-03,Monthly,2012-04-01,2012-04-30,Metro,"Miami, FL metro area",NA,NA,NA,NA,NA,NA,NA,NA
2026-09-03,Monthly,2012-04-01,2012-04-30,Metro,"Milwaukee, WI metro area",NA,NA,NA,NA,NA,NA,NA,NA
2026-09-03,Monthly,2012-04-01,2012-04-30,Metro,"Minneapolis, MN metro area",NA,NA,NA,NA,NA,NA,NA,NA
2026-09-03,Monthly,2012-04-01,2012-04-30,Metro,"Montgomery County, PA metro area",NA,NA,NA,NA,NA,NA,NA,NA
2026-09-03,Monthly,2012-04-01,2012-04-30,Metro,"Nashville, TN metro area",NA,NA,NA,NA,NA,NA,NA,NA
2026-09-03,Monthly,2012-04-01,2012-04-30,Metro,"Nassau County, NY metro area",NA,NA,NA,NA,NA,NA,NA,NA
2026-09-03,Monthly,2012-04-01,2012-04-30,Metro,"New Brunswick, NJ metro area",NA,NA,NA,NA,NA,NA,NA,NA
2026-09-03,Monthly,2012-04-01,2012-04-30,Metro,"New York, NY metro area",NA,NA,NA,NA,NA,NA,NA,NA
2026-09-03,Monthly,2012-04-01,2012-04-30,Metro,"Newark, NJ metro area",NA,NA,NA,NA,NA,NA,NA,NA
2026-09-03,Monthly,2012-04-01,2012-04-30,Metro,"Oakland, CA metro area",NA,NA,NA,NA,NA,NA,NA,NA
2026-09-03,Monthly,2012-04-01,2012-04-30,Metro,"Orlando, FL metro area",NA,NA,NA,NA,NA,NA,NA,NA
2026-09-03,Monthly,2012-04-01,2012-04-30,Metro,"Philadelphia, PA metro area",NA,NA,NA,NA,NA,NA,NA,NA
2026-09-03,Monthly,2012-04-01,2012-04-30,Metro,"Phoenix, AZ metro area",NA,NA,NA,NA,NA,NA,NA,NA
2026-09-03,Monthly,2012-04-01,2012-04-30,Metro,"Pittsburgh, PA metro area",NA,NA,NA,NA,NA,NA,NA,NA
2026-09-03,Monthly,2012-04-01,2012-04-30,Metro,"Portland, OR metro area",NA,NA,NA,NA,NA,NA,NA,NA
2026-09-03,Monthly,2012-04-01,2012-04-30,Metro,"Providence, RI metro area",NA,NA,NA,NA,NA,NA,NA,NA
2026-09-03,Monthly,2012-04-01,2012-04-30,Metro,"Riverside, CA metro area",NA,NA,NA,NA,NA,NA,NA,NA
2026-09-03,Monthly,2012-04-01,2012-04-30,Metro,"Sacramento, CA metro area",NA,NA,NA,NA,NA,NA,NA,NA
2026-09-03,Monthly,2012-04-01,2012-04-30,Metro,"San Antonio, TX metro area",NA,NA,NA,NA,NA,NA,NA,NA
2026-09-03,Monthly,2012-04-01,2012-04-30,Metro,"San Diego, CA metro area",NA,NA,NA,NA,NA,NA,NA,NA
2026-09-03,Monthly,2012-04-01,2012-04-30,Metro,"San Francisco, CA metro area",NA,NA,NA,NA,NA,NA,NA,NA
2026-09-03,Monthly,2012-04-01,2012-04-30,Metro,"San Jose, CA metro area",NA,NA,NA,NA,NA,NA,NA,NA
2026-09-03,Monthly,2012-04-01,2012-04-30,Metro,"Seattle, WA metro area",NA,NA,NA,NA,NA,NA,NA,NA
2026-09-03,Monthly,2012-04-01,2012-04-30,Metro,"St. Louis, MO metro area",NA,NA,NA,NA,NA,NA,NA,NA
2026-09-03,Monthly,2012-04-01,2012-04-30,Metro,"Tampa, FL metro area",NA,NA,NA,NA,NA,NA,NA,NA
2026-09-03,Monthly,2012-04-01,2012-04-30,Metro,"Virginia Beach, VA metro area",NA,NA,NA,NA,NA,NA,NA,NA
2026-09-03,Monthly,2012-04-01,2012-04-30,Metro,"Warren, MI metro area",NA,NA,NA,NA,NA,NA,NA,NA
2026-09-03,Monthly,2012-04-01,2012-04-30,Metro,"Washington, DC metro area",NA,NA,NA,NA,NA,NA,NA,NA
2026-09-03,Monthly,2012-04-01,2012-04-30,Metro,"West Palm Beach, FL metro area",NA,NA,NA,NA,NA,NA,NA,NA
2026-09-03,Monthly,2012-03-01,2012-03-31,Metro,"Anaheim, CA metro area",NA,NA,NA,NA,NA,NA,NA,NA
2026-09-03,Monthly,2012-03-01,2012-03-31,Metro,"Atlanta, GA metro area",NA,NA,NA,NA,NA,NA,NA,NA
2026-09-03,Monthly,2012-03-01,2012-03-31,Metro,"Austin, TX metro area",NA,NA,NA,NA,NA,NA,NA,NA
2026-09-03,Monthly,2012-03-01,2012-03-31,Metro,"Baltimore, MD metro area",NA,NA,NA,NA,NA,NA,NA,NA
2026-09-03,Monthly,2012-03-01,2012-03-31,Metro,"Boston, MA metro area",NA,NA,NA,NA,NA,NA,NA,NA
2026-09-03,Monthly,2012-03-01,2012-03-31,Metro,"Charlotte, NC metro area",NA,NA,NA,NA,NA,NA,NA,NA
2026-09-03,Monthly,2012-03-01,2012-03-31,Metro,"Chicago, IL metro area",NA,NA,NA,NA,NA,NA,NA,NA
2026-09-03,Monthly,2012-03-01,2012-03-31,Metro,"Cincinnati, OH metro area",NA,NA,NA,NA,NA,NA,NA,NA
2026-09-03,Monthly,2012-03-01,2012-03-31,Metro,"Cleveland, OH metro area",NA,NA,NA,NA,NA,NA,NA,NA
2026-09-03,Monthly,2012-03-01,2012-03-31,Metro,"Columbus, OH metro area",NA,NA,NA,NA,NA,NA,NA,NA
2026-09-03,Monthly,2012-03-01,2012-03-31,Metro,"Dallas, TX metro area",NA,NA,NA,NA,NA,NA,NA,NA
2026-09-03,Monthly,2012-03-01,2012-03-31,Metro,"Denver, CO metro area",NA,NA,NA,NA,NA,NA,NA,NA
2026-09-03,Monthly,2012-03-01,2012-03-31,Metro,"Detroit, MI metro area",NA,NA,NA,NA,NA,NA,NA,NA
2026-09-03,Monthly,2012-03-01,2012-03-31,Metro,"Fort Lauderdale, FL metro area",NA,NA,NA,NA,NA,NA,NA,NA
2026-09-03,Monthly,2012-03-01,2012-03-31,Metro,"Fort Worth, TX metro area",NA,NA,NA,NA,NA,NA,NA,NA
2026-09-03,Monthly,2012-03-01,2012-03-31,Metro,"Houston, TX metro area",NA,NA,NA,NA,NA,NA,NA,NA
2026-09-03,Monthly,2012-03-01,2012-03-31,Metro,"Indianapolis, IN metro area",NA,NA,NA,NA,NA,NA,NA,NA
2026-09-03,Monthly,2012-03-01,2012-03-31,Metro,"Jacksonville, FL metro area",NA,NA,NA,NA,NA,NA,NA,NA
2026-09-03,Monthly,2012-03-01,2012-03-31,Metro,"Kansas City, MO metro area",NA,NA,NA,NA,NA,NA,NA,NA
2026-09-03,Monthly,2012-03-01,2012-03-31,Metro,"Las Vegas, NV metro area",NA,NA,NA,NA,NA,NA,NA,NA
2026-09-03,Monthly,2012-03-01,2012-03-31,Metro,"Los Angeles, CA metro area",NA,NA,NA,NA,NA,NA,NA,NA
2026-09-03,Monthly,2012-03-01,2012-03-31,Metro,"Miami, FL metro area",NA,NA,NA,NA,NA,NA,NA,NA
2026-09-03,Monthly,2012-03-01,2012-03-31,Metro,"Milwaukee, WI metro area",NA,NA,NA,NA,NA,NA,NA,NA
2026-09-03,Monthly,2012-03-01,2012-03-31,Metro,"Minneapolis, MN metro area",NA,NA,NA,NA,NA,NA,NA,NA
2026-09-03,Monthly,2012-03-01,2012-03-31,Metro,"Montgomery County, PA metro area",NA,NA,NA,NA,NA,NA,NA,NA
2026-09-03,Monthly,2012-03-01,2012-03-31,Metro,"Nashville, TN metro area",NA,NA,NA,NA,NA,NA,NA,NA
2026-09-03,Monthly,2012-03-01,2012-03-31,Metro,"Nassau County, NY metro area",NA,NA,NA,NA,NA,NA,NA,NA
2026-09-03,Monthly,2012-03-01,2012-03-31,Metro,"New Brunswick, NJ metro area",NA,NA,NA,NA,NA,NA,NA,NA
2026-09-03,Monthly,2012-03-01,2012-03-31,Metro,"New York, NY metro area",NA,NA,NA,NA,NA,NA,NA,NA
2026-09-03,Monthly,2012-03-01,2012-03-31,Metro,"Newark, NJ metro area",NA,NA,NA,NA,NA,NA,NA,NA
2026-09-03,Monthly,2012-03-01,2012-03-31,Metro,"Oakland, CA metro area",NA,NA,NA,NA,NA,NA,NA,NA
2026-09-03,Monthly,2012-03-01,2012-03-31,Metro,"Orlando, FL metro area",NA,NA,NA,NA,NA,NA,NA,NA
2026-09-03,Monthly,2012-03-01,2012-03-31,Metro,"Philadelphia, PA metro area",NA,NA,NA,NA,NA,NA,NA,NA
2026-09-03,Monthly,2012-03-01,2012-03-31,Metro,"Phoenix, AZ metro area",NA,NA,NA,NA,NA,NA,NA,NA
2026-09-03,Monthly,2012-03-01,2012-03-31,Metro,"Pittsburgh, PA metro area",NA,NA,NA,NA,NA,NA,NA,NA
2026-09-03,Monthly,2012-03-01,2012-03-31,Metro,"Portland, OR metro area",NA,NA,NA,NA,NA,NA,NA,NA
2026-09-03,Monthly,2012-03-01,2012-03-31,Metro,"Providence, RI metro area",NA,NA,NA,NA,NA,NA,NA,NA
2026-09-03,Monthly,2012-03-01,2012-03-31,Metro,"Riverside, CA metro area",NA,NA,NA,NA,NA,NA,NA,NA
2026-09-03,Monthly,2012-03-01,2012-03-31,Metro,"Sacramento, CA metro area",NA,NA,NA,NA,NA,NA,NA,NA
2026-09-03,Monthly,2012-03-01,2012-03-31,Metro,"San Antonio, TX metro area",NA,NA,NA,NA,NA,NA,NA,NA
2026-09-03,Monthly,2012-03-01,2012-03-31,Metro,"San Diego, CA metro area",NA,NA,NA,NA,NA,NA,NA,NA
2026-09-03,Monthly,2012-03-01,2012-03-31,Metro,"San Francisco, CA metro area",NA,NA,NA,NA,NA,NA,NA,NA
2026-09-03,Monthly,2012-03-01,2012-03-31,Metro,"San Jose, CA metro area",NA,NA,NA,NA,NA,NA,NA,NA
2026-09-03,Monthly,2012-03-01,2012-03-31,Metro,"Seattle, WA metro area",NA,NA,NA,NA,NA,NA,NA,NA
2026-09-03,Monthly,2012-03-01,2012-03-31,Metro,"St. Louis, MO metro area",NA,NA,NA,NA,NA,NA,NA,NA
2026-09-03,Monthly,2012-03-01,2012-03-31,Metro,"Tampa, FL metro area",NA,NA,NA,NA,NA,NA,NA,NA
2026-09-03,Monthly,2012-03-01,2012-03-31,Metro,"Virginia Beach, VA metro area",NA,NA,NA,NA,NA,NA,NA,NA
2026-09-03,Monthly,2012-03-01,2012-03-31,Metro,"Warren, MI metro area",NA,NA,NA,NA,NA,NA,NA,NA
2026-09-03,Monthly,2012-03-01,2012-03-31,Metro,"Washington, DC metro area",NA,NA,NA,NA,NA,NA,NA,NA
2026-09-03,Monthly,2012-03-01,2012-03-31,Metro,"West Palm Beach, FL metro area",NA,NA,NA,NA,NA,NA,NA,NA
2026-09-03,Monthly,2012-02-01,2012-02-29,Metro,"Anaheim, CA metro area",NA,NA,NA,NA,NA,NA,NA,NA
2026-09-03,Monthly,2012-02-01,2012-02-29,Metro,"Atlanta, GA metro area",NA,NA,NA,NA,NA,NA,NA,NA
2026-09-03,Monthly,2012-02-01,2012-02-29,Metro,"Austin, TX metro area",NA,NA,NA,NA,NA,NA,NA,NA
2026-09-03,Monthly,2012-02-01,2012-02-29,Metro,"Baltimore, MD metro area",NA,NA,NA,NA,NA,NA,NA,NA
2026-09-03,Monthly,2012-02-01,2012-02-29,Metro,"Boston, MA metro area",NA,NA,NA,NA,NA,NA,NA,NA
2026-09-03,Monthly,2012-02-01,2012-02-29,Metro,"Charlotte, NC metro area",NA,NA,NA,NA,NA,NA,NA,NA
2026-09-03,Monthly,2012-02-01,2012-02-29,Metro,"Chicago, IL metro area",NA,NA,NA,NA,NA,NA,NA,NA
2026-09-03,Monthly,2012-02-01,2012-02-29,Metro,"Cincinnati, OH metro area",NA,NA,NA,NA,NA,NA,NA,NA
2026-09-03,Monthly,2012-02-01,2012-02-29,Metro,"Cleveland, OH metro area",NA,NA,NA,NA,NA,NA,NA,NA
2026-09-03,Monthly,2012-02-01,2012-02-29,Metro,"Columbus, OH metro area",NA,NA,NA,NA,NA,NA,NA,NA
2026-09-03,Monthly,2012-02-01,2012-02-29,Metro,"Dallas, TX metro area",NA,NA,NA,NA,NA,NA,NA,NA
2026-09-03,Monthly,2012-02-01,2012-02-29,Metro,"Denver, CO metro area",NA,NA,NA,NA,NA,NA,NA,NA
2026-09-03,Monthly,2012-02-01,2012-02-29,Metro,"Detroit, MI metro area",NA,NA,NA,NA,NA,NA,NA,NA
2026-09-03,Monthly,2012-02-01,2012-02-29,Metro,"Fort Lauderdale, FL metro area",NA,NA,NA,NA,NA,NA,NA,NA
2026-09-03,Monthly,2012-02-01,2012-02-29,Metro,"Fort Worth, TX metro area",NA,NA,NA,NA,NA,NA,NA,NA
2026-09-03,Monthly,2012-02-01,2012-02-29,Metro,"Houston, TX metro area",NA,NA,NA,NA,NA,NA,NA,NA
2026-09-03,Monthly,2012-02-01,2012-02-29,Metro,"Indianapolis, IN metro area",NA,NA,NA,NA,NA,NA,NA,NA
2026-09-03,Monthly,2012-02-01,2012-02-29,Metro,"Jacksonville, FL metro area",NA,NA,NA,NA,NA,NA,NA,NA
2026-09-03,Monthly,2012-02-01,2012-02-29,Metro,"Kansas City, MO metro area",NA,NA,NA,NA,NA,NA,NA,NA
2026-09-03,Monthly,2012-02-01,2012-02-29,Metro,"Las Vegas, NV metro area",NA,NA,NA,NA,NA,NA,NA,NA
2026-09-03,Monthly,2012-02-01,2012-02-29,Metro,"Los Angeles, CA metro area",NA,NA,NA,NA,NA,NA,NA,NA
2026-09-03,Monthly,2012-02-01,2012-02-29,Metro,"Miami, FL metro area",NA,NA,NA,NA,NA,NA,NA,NA
2026-09-03,Monthly,2012-02-01,2012-02-29,Metro,"Milwaukee, WI metro area",NA,NA,NA,NA,NA,NA,NA,NA
2026-09-03,Monthly,2012-02-01,2012-02-29,Metro,"Minneapolis, MN metro area",NA,NA,NA,NA,NA,NA,NA,NA
2026-09-03,Monthly,2012-02-01,2012-02-29,Metro,"Montgomery County, PA metro area",NA,NA,NA,NA,NA,NA,NA,NA
2026-09-03,Monthly,2012-02-01,2012-02-29,Metro,"Nashville, TN metro area",NA,NA,NA,NA,NA,NA,NA,NA
2026-09-03,Monthly,2012-02-01,2012-02-29,Metro,"Nassau County, NY metro area",NA,NA,NA,NA,NA,NA,NA,NA
2026-09-03,Monthly,2012-02-01,2012-02-29,Metro,"New Brunswick, NJ metro area",NA,NA,NA,NA,NA,NA,NA,NA
2026-09-03,Monthly,2012-02-01,2012-02-29,Metro,"New York, NY metro area",NA,NA,NA,NA,NA,NA,NA,NA
2026-09-03,Monthly,2012-02-01,2012-02-29,Metro,"Newark, NJ metro area",NA,NA,NA,NA,NA,NA,NA,NA
2026-09-03,Monthly,2012-02-01,2012-02-29,Metro,"Oakland, CA metro area",NA,NA,NA,NA,NA,NA,NA,NA
2026-09-03,Monthly,2012-02-01,2012-02-29,Metro,"Orlando, FL metro area",NA,NA,NA,NA,NA,NA,NA,NA
2026-09-03,Monthly,2012-02-01,2012-02-29,Metro,"Philadelphia, PA metro area",NA,NA,NA,NA,NA,NA,NA,NA
2026-09-03,Monthly,2012-02-01,2012-02-29,Metro,"Phoenix, AZ metro area",NA,NA,NA,NA,NA,NA,NA,NA
2026-09-03,Monthly,2012-02-01,2012-02-29,Metro,"Pittsburgh, PA metro area",NA,NA,NA,NA,NA,NA,NA,NA
2026-09-03,Monthly,2012-02-01,2012-02-29,Metro,"Portland, OR metro area",NA,NA,NA,NA,NA,NA,NA,NA
2026-09-03,Monthly,2012-02-01,2012-02-29,Metro,"Providence, RI metro area",NA,NA,NA,NA,NA,NA,NA,NA
2026-09-03,Monthly,2012-02-01,2012-02-29,Metro,"Riverside, CA metro area",NA,NA,NA,NA,NA,NA,NA,NA
2026-09-03,Monthly,2012-02-01,2012-02-29,Metro,"Sacramento, CA metro area",NA,NA,NA,NA,NA,NA,NA,NA
2026-09-03,Monthly,2012-02-01,2012-02-29,Metro,"San Antonio, TX metro area",NA,NA,NA,NA,NA,NA,NA,NA
2026-09-03,Monthly,2012-02-01,2012-02-29,Metro,"San Diego, CA metro area",NA,NA,NA,NA,NA,NA,NA,NA
2026-09-03,Monthly,2012-02-01,2012-02-29,Metro,"San Francisco, CA metro area",NA,NA,NA,NA,NA,NA,NA,NA
2026-09-03,Monthly,2012-02-01,2012-02-29,Metro,"San Jose, CA metro area",NA,NA,NA,NA,NA,NA,NA,NA
2026-09-03,Monthly,2012-02-01,2012-02-29,Metro,"Seattle, WA metro area",NA,NA,NA,NA,NA,NA,NA,NA
2026-09-03,Monthly,2012-02-01,2012-02-29,Metro,"St. Louis, MO metro area",NA,NA,NA,NA,NA,NA,NA,NA
2026-09-03,Monthly,2012-02-01,2012-02-29,Metro,"Tampa, FL metro area",NA,NA,NA,NA,NA,NA,NA,NA
2026-09-03,Monthly,2012-02-01,2012-02-29,Metro,"Virginia Beach, VA metro area",NA,NA,NA,NA,NA,NA,NA,NA
2026-09-03,Monthly,2012-02-01,2012-02-29,Metro,"Warren, MI metro area",NA,NA,NA,NA,NA,NA,NA,NA
2026-09-03,Monthly,2012-02-01,2012-02-29,Metro,"Washington, DC metro area",NA,NA,NA,NA,NA,NA,NA,NA
2026-09-03,Monthly,2012-02-01,2012-02-29,Metro,"West Palm Beach, FL metro area",NA,NA,NA,NA,NA,NA,NA,NA
2026-09-03,Monthly,2012-01-01,2012-01-31,Metro,"Anaheim, CA metro area",NA,NA,NA,NA,NA,NA,NA,NA
2026-09-03,Monthly,2012-01-01,2012-01-31,Metro,"Atlanta, GA metro area",NA,NA,NA,NA,NA,NA,NA,NA
2026-09-03,Monthly,2012-01-01,2012-01-31,Metro,"Austin, TX metro area",NA,NA,NA,NA,NA,NA,NA,NA
2026-09-03,Monthly,2012-01-01,2012-01-31,Metro,"Baltimore, MD metro area",NA,NA,NA,NA,NA,NA,NA,NA
2026-09-03,Monthly,2012-01-01,2012-01-31,Metro,"Boston, MA metro area",NA,NA,NA,NA,NA,NA,NA,NA
2026-09-03,Monthly,2012-01-01,2012-01-31,Metro,"Charlotte, NC metro area",NA,NA,NA,NA,NA,NA,NA,NA
2026-09-03,Monthly,2012-01-01,2012-01-31,Metro,"Chicago, IL metro area",NA,NA,NA,NA,NA,NA,NA,NA
2026-09-03,Monthly,2012-01-01,2012-01-31,Metro,"Cincinnati, OH metro area",NA,NA,NA,NA,NA,NA,NA,NA
2026-09-03,Monthly,2012-01-01,2012-01-31,Metro,"Cleveland, OH metro area",NA,NA,NA,NA,NA,NA,NA,NA
2026-09-03,Monthly,2012-01-01,2012-01-31,Metro,"Columbus, OH metro area",NA,NA,NA,NA,NA,NA,NA,NA
2026-09-03,Monthly,2012-01-01,2012-01-31,Metro,"Dallas, TX metro area",NA,NA,NA,NA,NA,NA,NA,NA
2026-09-03,Monthly,2012-01-01,2012-01-31,Metro,"Denver, CO metro area",NA,NA,NA,NA,NA,NA,NA,NA
2026-09-03,Monthly,2012-01-01,2012-01-31,Metro,"Detroit, MI metro area",NA,NA,NA,NA,NA,NA,NA,NA
2026-09-03,Monthly,2012-01-01,2012-01-31,Metro,"Fort Lauderdale, FL metro area",NA,NA,NA,NA,NA,NA,NA,NA
2026-09-03,Monthly,2012-01-01,2012-01-31,Metro,"Fort Worth, TX metro area",NA,NA,NA,NA,NA,NA,NA,NA
2026-09-03,Monthly,2012-01-01,2012-01-31,Metro,"Houston, TX metro area",NA,NA,NA,NA,NA,NA,NA,NA
2026-09-03,Monthly,2012-01-01,2012-01-31,Metro,"Indianapolis, IN metro area",NA,NA,NA,NA,NA,NA,NA,NA
2026-09-03,Monthly,2012-01-01,2012-01-31,Metro,"Jacksonville, FL metro area",NA,NA,NA,NA,NA,NA,NA,NA
2026-09-03,Monthly,2012-01-01,2012-01-31,Metro,"Kansas City, MO metro area",NA,NA,NA,NA,NA,NA,NA,NA
2026-09-03,Monthly,2012-01-01,2012-01-31,Metro,"Las Vegas, NV metro area",NA,NA,NA,NA,NA,NA,NA,NA
2026-09-03,Monthly,2012-01-01,2012-01-31,Metro,"Los Angeles, CA metro area",NA,NA,NA,NA,NA,NA,NA,NA
2026-09-03,Monthly,2012-01-01,2012-01-31,Metro,"Miami, FL metro area",NA,NA,NA,NA,NA,NA,NA,NA
2026-09-03,Monthly,2012-01-01,2012-01-31,Metro,"Milwaukee, WI metro area",NA,NA,NA,NA,NA,NA,NA,NA
2026-09-03,Monthly,2012-01-01,2012-01-31,Metro,"Minneapolis, MN metro area",NA,NA,NA,NA,NA,NA,NA,NA
2026-09-03,Monthly,2012-01-01,2012-01-31,Metro,"Montgomery County, PA metro area",NA,NA,NA,NA,NA,NA,NA,NA
2026-09-03,Monthly,2012-01-01,2012-01-31,Metro,"Nashville, TN metro area",NA,NA,NA,NA,NA,NA,NA,NA
2026-09-03,Monthly,2012-01-01,2012-01-31,Metro,"Nassau County, NY metro area",NA,NA,NA,NA,NA,NA,NA,NA
2026-09-03,Monthly,2012-01-01,2012-01-31,Metro,"New Brunswick, NJ metro area",NA,NA,NA,NA,NA,NA,NA,NA
2026-09-03,Monthly,2012-01-01,2012-01-31,Metro,"New York, NY metro area",NA,NA,NA,NA,NA,NA,NA,NA
2026-09-03,Monthly,2012-01-01,2012-01-31,Metro,"Newark, NJ metro area",NA,NA,NA,NA,NA,NA,NA,NA
2026-09-03,Monthly,2012-01-01,2012-01-31,Metro,"Oakland, CA metro area",NA,NA,NA,NA,NA,NA,NA,NA
2026-09-03,Monthly,2012-01-01,2012-01-31,Metro,"Orlando, FL metro area",NA,NA,NA,NA,NA,NA,NA,NA
2026-09-03,Monthly,2012-01-01,2012-01-31,Metro,"Philadelphia, PA metro area",NA,NA,NA,NA,NA,NA,NA,NA
2026-09-03,Monthly,2012-01-01,2012-01-31,Metro,"Phoenix, AZ metro area",NA,NA,NA,NA,NA,NA,NA,NA
2026-09-03,Monthly,2012-01-01,2012-01-31,Metro,"Pittsburgh, PA metro area",NA,NA,NA,NA,NA,NA,NA,NA
2026-09-03,Monthly,2012-01-01,2012-01-31,Metro,"Portland, OR metro area",NA,NA,NA,NA,NA,NA,NA,NA
2026-09-03,Monthly,2012-01-01,2012-01-31,Metro,"Providence, RI metro area",NA,NA,NA,NA,NA,NA,NA,NA
2026-09-03,Monthly,2012-01-01,2012-01-31,Metro,"Riverside, CA metro area",NA,NA,NA,NA,NA,NA,NA,NA
2026-09-03,Monthly,2012-01-01,2012-01-31,Metro,"Sacramento, CA metro area",NA,NA,NA,NA,NA,NA,NA,NA
2026-09-03,Monthly,2012-01-01,2012-01-31,Metro,"San Antonio, TX metro area",NA,NA,NA,NA,NA,NA,NA,NA
2026-09-03,Monthly,2012-01-01,2012-01-31,Metro,"San Diego, CA metro area",NA,NA,NA,NA,NA,NA,NA,NA
2026-09-03,Monthly,2012-01-01,2012-01-31,Metro,"San Francisco, CA metro area",NA,NA,NA,NA,NA,NA,NA,NA
2026-09-03,Monthly,2012-01-01,2012-01-31,Metro,"San Jose, CA metro area",NA,NA,NA,NA,NA,NA,NA,NA
2026-09-03,Monthly,2012-01-01,2012-01-31,Metro,"Seattle, WA metro area",NA,NA,NA,NA,NA,NA,NA,NA
2026-09-03,Monthly,2012-01-01,2012-01-31,Metro,"St. Louis, MO metro area",NA,NA,NA,NA,NA,NA,NA,NA
2026-09-03,Monthly,2012-01-01,2012-01-31,Metro,"Tampa, FL metro area",NA,NA,NA,NA,NA,NA,NA,NA
2026-09-03,Monthly,2012-01-01,2012-01-31,Metro,"Virginia Beach, VA metro area",NA,NA,NA,NA,NA,NA,NA,NA
2026-09-03,Monthly,2012-01-01,2012-01-31,Metro,"Warren, MI metro area",NA,NA,NA,NA,NA,NA,NA,NA
2026-09-03,Monthly,2012-01-01,2012-01-31,Metro,"Washington, DC metro area",NA,NA,NA,NA,NA,NA,NA,NA
2026-09-03,Monthly,2012-01-01,2012-01-31,Metro,"West Palm Beach, FL metro area",NA,NA,NA,NA,NA,NA,NA,NA
